user_id,day,typing_speed,key_press_duration,correction_rate,screen_time,night_usage,unlock_count,movement_intensity,acceleration_variance,task_accuracy,task_completion_time,speed_variance,risk_stage
user_0000,0,64.09,113.47,3.96,4.5,0.44,39,1.0,0.0965,93.38,17.96,0.1666,0
user_0000,1,63.87,113.08,3.95,4.53,0.48,40,1.0,0.0945,93.47,18.09,0.1677,0
user_0000,2,63.88,113.36,3.99,4.5,0.45,39,1.0,0.0934,93.64,18.28,0.1686,0
user_0000,3,64.01,113.84,3.92,4.48,0.46,39,0.99,0.094,93.42,18.01,0.168,0
user_0000,4,64.11,113.84,4.06,4.51,0.45,39,1.01,0.0951,93.49,18.12,0.1665,0
user_0000,5,64.1,113.69,3.92,4.52,0.46,40,1.01,0.0958,93.87,17.91,0.167,0
user_0000,6,63.96,113.26,4.08,4.54,0.45,39,0.99,0.0941,93.61,17.98,0.1669,0
user_0000,7,64.05,113.91,4.02,4.53,0.47,40,1.0,0.0963,93.51,17.96,0.1687,0
user_0000,8,63.93,112.95,4.03,4.51,0.45,40,1.0,0.0956,93.33,17.91,0.1688,0
user_0000,9,63.97,113.2,3.92,4.49,0.45,39,1.0,0.0953,93.58,17.97,0.1668,0
user_0000,10,63.91,113.7,4.0,4.54,0.44,39,1.0,0.0941,93.67,18.14,0.1688,0
user_0000,11,63.84,113.64,3.96,4.54,0.47,40,1.0,0.0948,93.6,17.88,0.1679,0
user_0000,12,63.84,113.77,3.99,4.51,0.44,39,1.0,0.0969,93.58,18.14,0.1699,0
user_0000,13,63.93,113.57,3.89,4.55,0.47,39,1.0,0.0971,93.55,18.08,0.1676,0
user_0000,14,63.79,113.88,4.1,4.54,0.44,39,0.99,0.0965,93.66,18.04,0.1683,0
user_0000,15,63.84,113.65,3.9,4.5,0.46,39,1.01,0.0961,93.81,18.01,0.166,0
user_0000,16,63.97,113.38,4.07,4.52,0.45,39,1.0,0.0946,93.61,18.1,0.167,0
user_0000,17,63.83,113.49,4.05,4.52,0.46,40,1.0,0.0941,93.64,18.01,0.1682,0
user_0000,18,64.13,113.38,4.1,4.54,0.45,40,1.0,0.0954,93.62,18.14,0.1674,0
user_0000,19,64.17,113.86,4.02,4.52,0.44,39,1.0,0.094,93.53,17.95,0.1656,0
user_0000,20,64.03,113.51,4.01,4.5,0.45,40,1.0,0.0961,93.4,18.24,0.1692,0
user_0000,21,64.18,113.82,4.0,4.53,0.46,39,1.0,0.0928,93.45,18.17,0.167,0
user_0000,22,63.93,113.7,3.88,4.54,0.46,40,1.01,0.0933,93.72,17.93,0.1661,0
user_0000,23,63.94,114.09,4.0,4.49,0.44,39,0.99,0.0934,93.69,18.13,0.1672,0
user_0000,24,63.9,113.63,4.18,4.53,0.46,39,1.0,0.0963,93.54,17.81,0.1687,0
user_0000,25,63.88,114.15,4.05,4.52,0.46,39,1.0,0.0956,93.62,17.95,0.1668,0
user_0000,26,63.92,113.86,4.11,4.53,0.46,39,1.0,0.0961,93.46,17.82,0.1662,0
user_0000,27,63.87,113.91,4.12,4.51,0.45,40,1.0,0.0967,93.48,18.09,0.1671,0
user_0000,28,64.1,113.55,3.95,4.57,0.46,39,1.0,0.0971,93.41,18.08,0.168,0
user_0000,29,63.87,113.62,3.84,4.56,0.45,40,1.0,0.0974,93.49,18.02,0.1679,0
user_0000,30,64.1,113.91,3.96,4.5,0.47,39,1.01,0.0949,93.53,17.93,0.1673,0
user_0000,31,64.16,113.81,4.04,4.52,0.44,39,1.0,0.096,93.54,18.1,0.1679,0
user_0000,32,63.98,114.19,4.03,4.51,0.47,40,1.01,0.0952,93.63,17.85,0.1682,0
user_0000,33,63.95,113.28,4.08,4.47,0.43,40,1.0,0.0968,93.61,18.15,0.1681,0
user_0000,34,63.95,113.6,3.98,4.53,0.44,40,1.0,0.0957,93.56,17.75,0.1665,0
user_0000,35,63.96,113.6,4.02,4.53,0.47,40,1.0,0.0929,93.39,18.05,0.1684,0
user_0000,36,64.2,113.41,3.98,4.52,0.47,40,1.01,0.0956,93.65,18.1,0.1675,0
user_0000,37,63.82,113.55,4.11,4.54,0.45,39,0.99,0.0975,93.62,17.99,0.1676,0
user_0000,38,63.65,113.5,4.1,4.54,0.46,39,1.0,0.0949,93.37,18.0,0.1678,0
user_0000,39,64.14,113.26,3.99,4.52,0.44,40,1.0,0.0949,93.74,17.97,0.1669,0
user_0000,40,63.9,113.41,3.96,4.48,0.45,40,0.99,0.0952,93.54,18.05,0.1686,0
user_0000,41,64.1,113.46,3.94,4.53,0.45,39,1.01,0.0949,93.47,17.78,0.1682,0
user_0000,42,63.83,113.62,4.07,4.49,0.45,40,0.99,0.0941,93.44,17.98,0.1673,0
user_0000,43,63.81,113.45,3.94,4.51,0.45,40,1.01,0.0963,93.44,18.0,0.1698,0
user_0000,44,64.13,113.51,4.12,4.51,0.45,40,0.99,0.0924,93.63,18.0,0.1675,0
user_0000,45,63.92,113.56,3.97,4.5,0.45,39,1.0,0.0945,93.28,18.07,0.1678,0
user_0000,46,63.96,113.68,4.02,4.5,0.45,40,1.0,0.0984,93.69,18.09,0.1666,0
user_0000,47,63.89,113.37,4.02,4.45,0.45,39,0.99,0.0965,93.42,18.03,0.1702,0
user_0000,48,63.73,113.58,3.97,4.5,0.46,40,1.0,0.0942,93.78,17.82,0.1663,0
user_0000,49,64.0,113.64,4.04,4.56,0.45,40,1.0,0.0962,93.5,17.97,0.1679,0
user_0000,50,64.13,113.07,4.03,4.51,0.46,39,1.01,0.0943,93.31,18.11,0.1665,0
user_0000,51,63.74,113.62,3.98,4.54,0.46,40,1.0,0.0957,93.55,18.06,0.1665,0
user_0000,52,63.91,113.74,4.09,4.54,0.45,39,1.0,0.0937,93.45,18.15,0.1678,0
user_0000,53,63.92,113.82,4.1,4.51,0.45,39,1.0,0.0968,93.67,18.1,0.1657,0
user_0000,54,64.02,113.35,3.96,4.52,0.46,39,0.99,0.0956,93.8,17.98,0.1674,0
user_0000,55,64.24,113.76,4.02,4.53,0.45,39,0.99,0.0981,93.55,18.01,0.1673,0
user_0000,56,64.09,114.25,4.04,4.5,0.45,40,1.0,0.0966,93.3,17.98,0.168,0
user_0000,57,64.16,113.41,3.89,4.51,0.44,39,1.0,0.0933,93.61,17.98,0.1685,0
user_0000,58,63.7,113.36,4.04,4.5,0.45,40,1.0,0.0943,93.55,17.92,0.1681,0
user_0000,59,63.96,113.66,4.19,4.49,0.47,39,0.99,0.0935,93.41,18.02,0.1677,0
user_0001,0,58.1,113.82,4.05,4.39,0.38,40,0.99,0.0745,93.25,17.96,0.1186,0
user_0001,1,58.03,113.41,4.09,4.4,0.39,40,1.0,0.074,93.15,18.09,0.1177,0
user_0001,2,57.88,113.76,3.95,4.39,0.37,40,0.99,0.0761,93.07,18.17,0.1181,0
user_0001,3,57.95,113.36,4.03,4.42,0.39,40,1.0,0.0729,93.27,18.03,0.1162,0
user_0001,4,57.76,113.69,4.01,4.42,0.38,40,1.0,0.0723,93.3,17.9,0.1183,0
user_0001,5,57.71,113.76,4.04,4.43,0.39,40,1.01,0.0707,93.15,17.94,0.1179,0
user_0001,6,58.04,113.32,4.01,4.4,0.38,39,1.0,0.0714,93.18,18.11,0.117,0
user_0001,7,58.36,113.62,4.01,4.4,0.39,39,1.0,0.0773,93.27,18.11,0.1172,0
user_0001,8,57.96,113.94,3.95,4.47,0.39,39,1.0,0.0749,93.34,17.84,0.1172,0
user_0001,9,57.92,113.48,4.05,4.43,0.37,40,1.0,0.0743,93.38,18.08,0.1184,0
user_0001,10,57.95,113.09,4.03,4.43,0.39,39,0.99,0.075,93.27,18.07,0.1179,0
user_0001,11,57.97,113.74,3.96,4.42,0.38,39,1.0,0.0738,93.23,18.13,0.117,0
user_0001,12,57.93,113.39,4.11,4.43,0.39,39,1.0,0.0748,93.28,18.11,0.1174,0
user_0001,13,58.17,114.08,3.97,4.41,0.4,40,1.0,0.0728,93.25,17.87,0.117,0
user_0001,14,57.81,113.31,4.0,4.43,0.4,39,1.0,0.0731,93.27,18.07,0.1168,0
user_0001,15,58.02,113.54,4.04,4.43,0.41,39,1.0,0.0725,93.22,17.94,0.1191,0
user_0001,16,58.17,113.36,3.94,4.43,0.38,40,1.0,0.0712,93.43,18.18,0.1173,0
user_0001,17,57.9,113.57,4.03,4.44,0.4,39,1.0,0.0714,93.2,18.0,0.1197,0
user_0001,18,57.88,113.56,4.0,4.45,0.41,39,1.0,0.075,93.34,18.18,0.1185,0
user_0001,19,57.91,113.65,4.08,4.44,0.39,40,1.01,0.0755,93.34,17.98,0.1181,0
user_0001,20,58.14,113.3,4.03,4.41,0.38,40,1.0,0.0735,93.14,18.07,0.1186,0
user_0001,21,58.29,113.42,4.02,4.43,0.4,39,1.0,0.0744,93.29,17.96,0.1181,0
user_0001,22,58.12,113.24,4.01,4.4,0.4,39,1.0,0.074,93.43,17.99,0.1174,0
user_0001,23,58.24,113.14,3.84,4.43,0.38,39,1.0,0.0738,93.22,17.87,0.1188,0
user_0001,24,58.06,113.48,4.14,4.4,0.37,39,1.0,0.0738,93.25,18.04,0.1167,0
user_0001,25,58.18,113.48,4.08,4.43,0.39,40,1.0,0.0744,93.41,18.02,0.1186,0
user_0001,26,57.95,113.86,3.95,4.47,0.38,39,1.0,0.0724,93.36,17.93,0.1175,0
user_0001,27,57.68,113.39,3.82,4.38,0.39,40,1.0,0.072,93.27,18.0,0.1168,0
user_0001,28,58.19,113.72,3.98,4.42,0.39,39,1.0,0.0724,93.18,17.97,0.1197,0
user_0001,29,58.06,113.36,4.04,4.46,0.39,40,1.0,0.0745,93.32,18.09,0.1185,0
user_0001,30,58.12,113.37,4.1,4.43,0.4,39,1.01,0.0738,93.21,17.95,0.1176,0
user_0001,31,58.03,113.63,3.96,4.42,0.4,40,1.0,0.0735,93.29,18.06,0.1169,0
user_0001,32,57.92,113.08,4.03,4.44,0.38,40,0.99,0.0713,93.3,18.1,0.1196,0
user_0001,33,57.89,113.77,4.0,4.42,0.39,40,0.99,0.0757,93.41,17.94,0.1183,0
user_0001,34,58.04,113.57,3.96,4.41,0.38,40,1.0,0.0729,93.35,17.72,0.1191,0
user_0001,35,57.7,113.41,3.92,4.39,0.39,39,1.0,0.0734,93.32,18.01,0.1166,0
user_0001,36,58.11,113.38,3.88,4.41,0.4,40,1.0,0.0729,93.24,18.21,0.1183,0
user_0001,37,58.03,113.76,4.02,4.42,0.38,39,1.0,0.0746,93.28,18.07,0.1178,0
user_0001,38,57.97,113.0,4.07,4.43,0.39,39,1.01,0.0733,93.39,17.9,0.1185,0
user_0001,39,57.8,113.35,4.14,4.42,0.39,40,1.0,0.0737,93.31,18.24,0.1179,0
user_0001,40,57.99,113.76,4.08,4.45,0.39,39,1.01,0.0717,93.31,17.92,0.1178,0
user_0001,41,58.01,113.58,4.03,4.46,0.39,39,1.0,0.0753,93.15,18.06,0.1186,0
user_0001,42,57.92,113.85,3.99,4.43,0.38,40,0.99,0.0713,93.44,17.92,0.1169,0
user_0001,43,57.64,113.34,3.9,4.46,0.39,39,1.01,0.0749,93.24,17.75,0.1202,0
user_0001,44,57.75,113.09,4.08,4.48,0.4,40,1.0,0.0747,93.35,18.03,0.118,0
user_0001,45,57.95,113.31,3.98,4.38,0.38,39,0.99,0.0737,93.42,18.09,0.1163,0
user_0001,46,57.81,113.74,3.93,4.42,0.39,39,1.0,0.0715,93.22,18.03,0.1163,0
user_0001,47,58.03,113.5,4.04,4.43,0.4,40,1.0,0.0737,93.33,18.0,0.118,0
user_0001,48,57.86,113.34,3.89,4.47,0.37,39,1.0,0.0748,93.25,18.12,0.1172,0
user_0001,49,58.0,113.29,4.16,4.39,0.39,40,1.0,0.0732,93.26,18.0,0.1178,0
user_0001,50,58.11,114.05,3.96,4.39,0.38,40,1.0,0.0759,93.44,17.94,0.1185,0
user_0001,51,58.21,113.41,3.98,4.41,0.37,39,0.99,0.0735,93.2,18.02,0.1164,0
user_0001,52,58.01,113.71,3.85,4.43,0.4,39,1.01,0.0741,93.21,17.99,0.1185,0
user_0001,53,57.97,113.64,3.93,4.43,0.37,39,1.0,0.0724,93.4,18.11,0.1185,0
user_0001,54,57.8,113.42,4.09,4.43,0.41,40,1.0,0.073,93.29,17.98,0.1186,0
user_0001,55,58.1,113.3,3.9,4.38,0.39,39,0.99,0.0741,93.53,18.0,0.1188,0
user_0001,56,57.97,113.48,4.07,4.41,0.39,40,1.0,0.075,93.26,17.92,0.1184,0
user_0001,57,57.83,113.51,4.0,4.45,0.39,39,1.0,0.0756,93.33,18.0,0.1166,0
user_0001,58,57.8,113.42,3.95,4.42,0.38,40,1.0,0.0742,93.28,17.8,0.117,0
user_0001,59,57.94,113.2,4.04,4.46,0.4,39,1.01,0.0737,93.24,17.94,0.1176,0
user_0002,0,56.67,116.44,3.98,4.13,0.31,39,0.99,0.1106,96.35,18.09,0.1492,0
user_0002,1,56.89,116.66,3.97,4.13,0.31,39,1.0,0.1071,96.28,18.0,0.1465,0
user_0002,2,57.2,116.41,4.0,4.16,0.29,39,1.0,0.1074,96.15,18.03,0.1487,0
user_0002,3,57.07,116.42,3.88,4.12,0.3,40,1.01,0.1106,96.41,18.08,0.1478,0
user_0002,4,56.92,116.41,4.0,4.13,0.32,39,1.0,0.1091,96.34,17.92,0.1498,0
user_0002,5,56.75,116.37,4.05,4.16,0.3,39,1.0,0.1077,96.3,18.09,0.1491,0
user_0002,6,57.09,116.39,3.96,4.14,0.29,40,1.01,0.1079,96.39,18.15,0.1503,0
user_0002,7,57.01,116.85,3.94,4.14,0.31,39,1.0,0.1068,96.21,17.81,0.1491,0
user_0002,8,56.92,116.58,3.98,4.13,0.3,39,1.0,0.1092,96.41,18.08,0.1477,0
user_0002,9,57.08,116.67,4.07,4.15,0.29,40,1.0,0.1088,96.37,17.99,0.1493,0
user_0002,10,56.98,116.71,3.89,4.14,0.31,40,1.01,0.1059,96.39,18.18,0.1491,0
user_0002,11,56.94,116.93,3.95,4.14,0.3,39,1.0,0.1073,96.51,17.96,0.1487,0
user_0002,12,56.68,116.88,4.11,4.12,0.29,40,1.01,0.1066,96.27,17.95,0.1477,0
user_0002,13,56.77,116.18,4.04,4.14,0.28,40,1.01,0.1076,96.5,17.94,0.1487,0
user_0002,14,47.17,141.26,9.38,5.93,1.37,62,0.83,0.2552,87.48,23.94,0.2693,1
user_0002,15,47.29,141.03,9.48,5.91,1.39,61,0.81,0.2539,87.34,23.91,0.2676,1
user_0002,16,47.27,140.82,9.3,5.93,1.39,62,0.81,0.2522,87.41,24.11,0.2682,1
user_0002,17,47.47,140.22,9.31,5.94,1.37,61,0.82,0.2539,87.19,24.02,0.2695,1
user_0002,18,47.27,140.61,9.43,5.92,1.39,61,0.82,0.253,87.34,23.71,0.2683,1
user_0002,19,47.43,140.9,9.43,5.9,1.38,61,0.82,0.2529,87.28,23.91,0.2688,1
user_0002,20,47.26,140.49,9.33,5.92,1.4,61,0.82,0.2529,87.27,23.82,0.2675,2
user_0002,21,47.33,140.73,9.45,5.93,1.38,61,0.82,0.2514,87.27,24.06,0.2672,2
user_0002,22,47.66,140.72,9.43,5.91,1.38,61,0.82,0.2537,87.34,24.1,0.2711,2
user_0002,23,47.25,140.74,9.43,5.97,1.38,61,0.81,0.2527,87.34,24.2,0.2703,2
user_0002,24,47.14,140.53,9.41,5.96,1.38,61,0.82,0.2518,87.44,23.93,0.268,2
user_0002,25,47.47,140.51,9.29,5.93,1.38,61,0.82,0.2527,87.38,23.93,0.2686,2
user_0002,26,47.43,140.46,9.4,5.95,1.39,61,0.82,0.25,87.4,24.04,0.2699,2
user_0002,27,47.47,140.84,9.46,5.92,1.37,61,0.82,0.2537,87.46,23.96,0.2682,2
user_0002,28,47.37,140.57,9.36,5.94,1.39,61,0.81,0.2516,87.4,24.02,0.2687,2
user_0002,29,47.37,140.71,9.42,5.93,1.39,61,0.81,0.2524,87.38,23.97,0.2703,2
user_0002,30,47.33,140.5,9.44,5.94,1.38,62,0.82,0.2523,87.19,23.98,0.2698,2
user_0002,31,47.28,140.14,9.36,5.95,1.39,61,0.82,0.2521,87.32,23.8,0.2693,2
user_0002,32,47.48,140.32,9.49,5.93,1.39,61,0.82,0.2533,87.3,24.12,0.2674,2
user_0002,33,47.23,140.84,9.36,5.95,1.39,61,0.81,0.2529,87.48,23.87,0.2692,2
user_0002,34,47.39,140.4,9.46,5.94,1.39,61,0.82,0.2502,87.15,24.01,0.2696,2
user_0002,35,47.33,140.69,9.39,5.9,1.38,61,0.82,0.2539,87.4,24.03,0.2694,2
user_0002,36,52.82,126.87,6.22,4.89,0.74,48,0.93,0.1659,92.6,20.34,0.1993,1
user_0002,37,53.05,126.49,6.28,4.9,0.76,49,0.93,0.1678,92.64,20.45,0.1978,1
user_0002,38,52.9,126.79,6.34,4.89,0.76,49,0.94,0.166,92.56,20.65,0.1981,1
user_0002,39,53.03,126.76,6.41,4.85,0.76,49,0.92,0.1699,92.53,20.5,0.1982,1
user_0002,40,52.53,126.81,6.26,4.92,0.76,49,0.93,0.1686,92.61,20.46,0.1963,1
user_0002,41,52.86,126.19,6.28,4.85,0.74,48,0.92,0.1687,92.74,20.44,0.199,1
user_0002,42,53.3,126.8,6.24,4.86,0.75,48,0.93,0.1689,92.42,20.5,0.1996,1
user_0002,43,52.83,126.54,6.15,4.83,0.76,48,0.93,0.171,92.72,20.45,0.1986,1
user_0002,44,52.8,126.53,6.28,4.86,0.73,48,0.92,0.171,92.58,20.55,0.1983,1
user_0002,45,53.08,126.99,6.34,4.84,0.75,49,0.93,0.1697,92.64,20.43,0.1968,1
user_0002,46,52.8,127.37,6.21,4.83,0.76,49,0.93,0.1694,92.72,20.68,0.1977,1
user_0002,47,52.75,126.43,6.23,4.91,0.76,49,0.92,0.1677,92.45,20.62,0.2001,1
user_0002,48,53.01,126.46,6.36,4.87,0.74,48,0.92,0.1688,92.62,20.36,0.1997,1
user_0002,49,52.87,126.53,6.33,4.85,0.73,49,0.93,0.168,92.63,20.39,0.1985,1
user_0002,50,52.82,126.68,6.28,4.85,0.75,48,0.92,0.1686,92.65,20.52,0.1994,1
user_0002,51,52.66,126.33,6.29,4.83,0.75,48,0.93,0.1691,92.61,20.62,0.1974,1
user_0002,52,52.76,126.39,6.19,4.88,0.76,49,0.92,0.1685,92.52,20.48,0.2008,1
user_0002,53,52.94,126.93,6.4,4.91,0.75,48,0.92,0.1679,92.48,20.52,0.1988,1
user_0002,54,53.16,126.61,6.27,4.86,0.76,48,0.92,0.1687,92.67,20.53,0.1995,1
user_0002,55,52.68,126.49,6.3,4.86,0.75,48,0.94,0.1683,92.75,20.47,0.1989,1
user_0002,56,53.12,127.0,6.23,4.88,0.76,49,0.93,0.1717,92.61,20.6,0.1996,1
user_0002,57,52.83,126.52,6.34,4.87,0.74,48,0.92,0.17,92.68,20.57,0.1989,1
user_0002,58,52.81,126.88,6.34,4.89,0.75,48,0.93,0.1675,92.63,20.34,0.1969,1
user_0002,59,52.87,126.57,6.26,4.88,0.75,49,0.92,0.1684,92.78,20.5,0.1983,1
user_0003,0,60.78,113.34,3.98,3.38,0.21,39,1.0,0.0851,95.88,17.87,0.0981,0
user_0003,1,60.69,113.84,4.09,3.44,0.2,40,1.0,0.0854,95.8,18.11,0.1039,0
user_0003,2,60.72,113.26,4.0,3.39,0.19,39,1.0,0.085,95.66,18.11,0.1011,0
user_0003,3,60.66,113.3,4.01,3.45,0.19,39,1.0,0.0827,95.66,17.95,0.102,0
user_0003,4,60.7,113.43,4.06,3.43,0.2,39,1.0,0.0839,95.5,17.99,0.1025,0
user_0003,5,60.8,113.63,4.09,3.43,0.2,39,1.0,0.0857,95.87,17.99,0.1007,0
user_0003,6,60.66,113.54,3.89,3.37,0.19,39,1.0,0.0845,95.7,18.15,0.1014,0
user_0003,7,60.71,113.54,3.91,3.46,0.2,40,0.99,0.0824,95.83,18.04,0.1002,0
user_0003,8,60.53,113.67,3.91,3.47,0.19,40,1.0,0.0856,95.69,17.98,0.1011,0
user_0003,9,60.51,113.57,3.96,3.43,0.19,39,1.0,0.0884,95.82,18.0,0.1008,0
user_0003,10,60.66,113.52,3.91,3.46,0.21,40,1.0,0.0848,95.81,18.06,0.1007,0
user_0003,11,60.57,113.41,4.12,3.4,0.19,40,1.0,0.085,95.77,17.98,0.1026,0
user_0003,12,60.42,113.18,3.99,3.39,0.2,40,1.0,0.0851,95.62,17.94,0.1007,0
user_0003,13,60.61,113.71,4.04,3.4,0.2,40,1.01,0.0871,95.64,17.92,0.0998,0
user_0003,14,52.62,133.5,8.57,4.93,1.1,58,0.85,0.2079,88.09,23.02,0.2031,1
user_0003,15,52.66,133.34,8.47,4.93,1.11,57,0.86,0.2026,88.22,22.96,0.2017,1
user_0003,16,52.42,133.5,8.65,4.9,1.1,57,0.85,0.2048,88.18,23.05,0.2029,1
user_0003,17,52.63,133.57,8.4,4.91,1.1,58,0.85,0.2043,88.25,22.87,0.2017,1
user_0003,18,52.79,133.27,8.46,4.94,1.1,57,0.86,0.2044,88.21,22.94,0.2018,1
user_0003,19,52.63,133.22,8.6,4.97,1.09,57,0.86,0.2037,88.32,22.8,0.202,1
user_0003,20,40.48,163.57,15.25,7.16,2.45,85,0.63,0.3856,77.19,30.34,0.3527,3
user_0003,21,40.68,163.16,15.15,7.18,2.46,84,0.63,0.3826,76.99,30.37,0.3515,3
user_0003,22,40.79,163.28,15.05,7.19,2.45,85,0.63,0.3831,77.06,30.62,0.3493,3
user_0003,23,40.71,163.26,15.24,7.19,2.45,84,0.63,0.3831,76.89,30.57,0.35,3
user_0003,24,40.76,163.5,15.12,7.17,2.46,84,0.62,0.3854,77.07,30.47,0.3505,3
user_0003,25,40.87,163.82,15.32,7.18,2.44,84,0.63,0.3854,77.14,30.57,0.3496,3
user_0003,26,40.82,163.14,15.22,7.19,2.47,85,0.63,0.3845,77.05,30.59,0.3508,3
user_0003,27,40.93,163.44,15.29,7.2,2.45,85,0.62,0.3839,76.89,30.54,0.3519,3
user_0003,28,40.73,163.8,15.25,7.2,2.44,84,0.63,0.386,76.97,30.49,0.3496,3
user_0003,29,40.61,163.61,15.29,7.19,2.45,85,0.62,0.3858,77.04,30.55,0.3506,3
user_0003,30,40.34,163.66,15.21,7.16,2.46,84,0.63,0.3857,77.06,30.36,0.3523,3
user_0003,31,40.7,163.29,15.26,7.14,2.45,84,0.62,0.3824,77.11,30.44,0.3526,3
user_0003,32,40.58,162.96,15.17,7.21,2.45,84,0.63,0.3855,77.11,30.64,0.3507,3
user_0003,33,40.46,163.28,15.27,7.16,2.44,85,0.62,0.3848,76.92,30.48,0.3502,3
user_0003,34,40.79,163.65,15.11,7.16,2.44,84,0.62,0.3826,76.9,30.4,0.3513,3
user_0003,35,40.67,163.21,15.26,7.17,2.45,85,0.63,0.3828,77.08,30.58,0.35,3
user_0003,36,40.78,163.77,15.17,7.16,2.46,85,0.63,0.3852,77.03,30.37,0.3522,3
user_0003,37,40.84,163.33,15.25,7.14,2.46,85,0.62,0.3864,76.96,30.56,0.3501,3
user_0003,38,40.66,163.34,15.27,7.17,2.45,85,0.62,0.3823,77.17,30.64,0.3498,3
user_0003,39,40.76,163.26,15.27,7.19,2.45,84,0.62,0.3834,76.91,30.49,0.3504,3
user_0003,40,35.16,177.76,18.36,8.24,3.09,97,0.52,0.4698,71.79,33.88,0.422,4
user_0003,41,35.19,177.2,18.4,8.25,3.08,97,0.53,0.4676,71.61,34.03,0.4218,4
user_0003,42,35.03,177.75,18.3,8.25,3.07,98,0.53,0.4676,71.69,34.09,0.4207,4
user_0003,43,35.05,177.39,18.26,8.23,3.07,97,0.53,0.4668,71.83,33.97,0.4208,4
user_0003,44,35.18,177.47,18.44,8.26,3.08,97,0.51,0.4675,72.04,34.12,0.4198,4
user_0003,45,34.86,177.51,18.44,8.25,3.08,97,0.52,0.4689,71.52,33.98,0.4203,4
user_0003,46,35.09,178.13,18.43,8.22,3.09,97,0.52,0.4696,71.95,33.89,0.4216,4
user_0003,47,34.92,177.53,18.33,8.22,3.08,97,0.52,0.4669,71.75,33.93,0.4198,4
user_0003,48,35.03,177.31,18.58,8.24,3.07,97,0.53,0.4719,71.59,33.81,0.423,4
user_0003,49,35.12,177.17,18.44,8.17,3.08,97,0.52,0.4672,71.75,33.91,0.4214,4
user_0003,50,34.93,177.28,18.33,8.25,3.09,97,0.52,0.4666,71.72,33.99,0.4237,4
user_0003,51,34.89,177.75,18.47,8.24,3.1,97,0.52,0.4687,71.87,34.11,0.4205,4
user_0003,52,34.86,177.34,18.34,8.23,3.09,97,0.52,0.4688,71.83,33.78,0.4205,4
user_0003,53,35.09,177.69,18.36,8.19,3.09,97,0.51,0.4678,71.73,33.94,0.4189,4
user_0003,54,35.19,177.71,18.45,8.2,3.08,97,0.52,0.4697,71.67,34.01,0.4216,4
user_0003,55,35.28,177.56,18.46,8.23,3.09,97,0.52,0.4708,71.82,33.96,0.4206,4
user_0003,56,35.1,177.5,18.41,8.24,3.1,97,0.52,0.4701,71.64,34.04,0.4229,4
user_0003,57,35.03,177.17,18.35,8.21,3.07,97,0.51,0.4688,71.84,33.91,0.4226,4
user_0003,58,35.14,177.64,18.35,8.25,3.07,97,0.52,0.4696,71.63,33.91,0.4217,4
user_0003,59,34.92,177.5,18.3,8.25,3.07,97,0.52,0.4677,71.8,34.03,0.4206,4
user_0004,0,51.89,95.54,3.98,4.27,0.15,39,1.0,0.1036,93.39,18.04,0.1407,0
user_0004,1,51.92,95.25,4.09,4.26,0.13,40,0.99,0.1029,93.61,18.06,0.1414,0
user_0004,2,52.23,95.62,4.02,4.32,0.16,40,1.0,0.0999,93.42,18.07,0.1405,0
user_0004,3,51.9,95.51,3.89,4.28,0.15,40,1.0,0.1043,93.47,17.93,0.1416,0
user_0004,4,52.11,95.51,3.99,4.28,0.13,40,1.01,0.0999,93.56,18.04,0.1394,0
user_0004,5,51.75,95.47,3.97,4.33,0.15,40,1.0,0.1039,93.56,18.05,0.1394,0
user_0004,6,52.39,95.1,3.98,4.24,0.15,40,1.0,0.0993,93.58,17.92,0.1402,0
user_0004,7,52.07,95.44,4.02,4.3,0.15,39,1.0,0.1022,93.38,18.1,0.1407,0
user_0004,8,51.94,95.67,3.99,4.28,0.14,40,1.0,0.1009,93.46,17.93,0.1397,0
user_0004,9,51.67,95.32,3.87,4.27,0.14,40,0.99,0.1008,93.43,17.94,0.1417,0
user_0004,10,51.76,95.28,4.02,4.3,0.14,39,1.0,0.1039,93.5,18.02,0.1393,0
user_0004,11,51.76,95.38,3.89,4.3,0.14,39,0.99,0.1013,93.35,17.77,0.1409,0
user_0004,12,52.18,95.66,4.05,4.27,0.15,40,1.0,0.1001,93.42,18.17,0.1403,0
user_0004,13,51.43,95.01,3.97,4.31,0.14,40,1.0,0.099,93.42,18.03,0.1406,0
user_0004,14,43.74,115.29,8.7,5.75,1.05,57,0.85,0.2206,86.01,22.87,0.2407,1
user_0004,15,43.8,115.19,8.53,5.77,1.05,57,0.85,0.2226,85.94,22.9,0.2398,1
user_0004,16,44.11,115.4,8.44,5.79,1.05,58,0.85,0.2209,85.91,22.96,0.2409,1
user_0004,17,43.98,115.47,8.6,5.8,1.04,57,0.85,0.2215,86.06,23.0,0.2397,1
user_0004,18,43.82,115.36,8.57,5.82,1.04,57,0.84,0.2248,85.83,23.12,0.24,1
user_0004,19,43.84,115.1,8.68,5.79,1.04,58,0.85,0.2219,85.98,22.95,0.2416,1
user_0004,20,31.9,144.99,15.23,8.04,2.38,84,0.62,0.4037,74.67,30.64,0.3898,3
user_0004,21,31.98,145.26,15.31,8.0,2.4,85,0.62,0.4017,74.88,30.51,0.3897,3
user_0004,22,31.75,145.5,15.26,8.05,2.38,84,0.63,0.4024,74.78,30.4,0.3894,3
user_0004,23,32.08,145.63,15.17,8.0,2.39,84,0.62,0.4,74.68,30.38,0.3893,3
user_0004,24,31.98,145.36,15.29,7.99,2.39,85,0.62,0.4031,74.8,30.59,0.3905,3
user_0004,25,32.02,145.55,15.3,8.0,2.38,84,0.62,0.4028,74.61,30.59,0.3899,3
user_0004,26,31.86,145.16,15.11,8.04,2.41,84,0.62,0.4031,74.56,30.38,0.3901,3
user_0004,27,31.95,145.12,15.23,8.05,2.4,85,0.63,0.4031,74.7,30.59,0.3908,3
user_0004,28,32.01,145.42,15.18,8.0,2.39,85,0.62,0.4025,74.93,30.33,0.391,3
user_0004,29,31.92,145.49,15.22,8.03,2.39,84,0.62,0.4016,74.58,30.57,0.3885,3
user_0004,30,32.09,145.48,15.28,7.98,2.39,85,0.62,0.4003,74.66,30.49,0.3895,3
user_0004,31,32.12,145.36,15.21,8.0,2.4,85,0.62,0.3986,74.76,30.48,0.3907,3
user_0004,32,32.23,145.37,15.21,8.0,2.39,85,0.63,0.4045,74.77,30.49,0.3897,3
user_0004,33,31.97,145.15,15.26,8.04,2.39,84,0.61,0.4036,74.76,30.54,0.3888,3
user_0004,34,32.14,145.26,15.23,8.0,2.38,85,0.63,0.4017,74.66,30.46,0.39,3
user_0004,35,31.75,145.3,15.26,8.06,2.39,84,0.63,0.4015,74.86,30.64,0.3918,3
user_0004,36,31.85,145.87,15.28,8.07,2.39,84,0.63,0.4021,74.85,30.48,0.3915,3
user_0004,37,32.04,145.32,15.3,8.02,2.42,84,0.63,0.3993,74.7,30.49,0.3919,3
user_0004,38,31.83,145.7,15.16,8.06,2.39,85,0.62,0.4038,74.83,30.54,0.3892,3
user_0004,39,31.82,145.12,15.08,8.06,2.39,84,0.63,0.4012,74.64,30.48,0.3892,3
user_0004,40,26.38,159.28,18.36,9.06,3.02,97,0.52,0.4854,69.46,33.98,0.4604,4
user_0004,41,26.23,159.62,18.41,9.07,3.03,97,0.51,0.4864,69.37,34.09,0.4601,4
user_0004,42,26.45,159.22,18.41,9.11,3.02,97,0.52,0.4869,69.42,33.8,0.4598,4
user_0004,43,26.43,159.18,18.4,9.06,3.0,97,0.52,0.4824,69.5,33.88,0.461,4
user_0004,44,26.44,159.33,18.39,9.06,3.01,98,0.52,0.4883,69.39,34.05,0.4592,4
user_0004,45,26.41,159.29,18.38,9.09,3.02,97,0.52,0.4842,69.52,34.1,0.46,4
user_0004,46,26.51,159.49,18.35,9.11,3.01,97,0.52,0.4868,69.58,34.11,0.4606,4
user_0004,47,26.29,158.92,18.3,9.12,3.01,97,0.53,0.4862,69.57,34.05,0.4618,4
user_0004,48,26.38,159.54,18.35,9.09,3.02,97,0.52,0.4873,69.64,34.16,0.4613,4
user_0004,49,26.07,159.83,18.47,9.06,3.03,97,0.52,0.4839,69.39,34.07,0.4614,4
user_0004,50,26.38,159.3,18.24,9.07,3.03,97,0.52,0.4856,69.44,34.01,0.4601,4
user_0004,51,26.55,158.82,18.36,9.06,3.03,97,0.53,0.4888,69.4,34.0,0.4606,4
user_0004,52,26.21,159.53,18.38,9.05,3.02,97,0.53,0.4888,69.5,34.01,0.4605,4
user_0004,53,26.51,159.66,18.39,9.09,3.03,97,0.53,0.4885,69.59,33.88,0.4584,4
user_0004,54,26.44,159.18,18.42,9.12,3.02,97,0.52,0.484,69.4,34.0,0.4601,4
user_0004,55,26.42,160.07,18.41,9.06,3.04,97,0.51,0.485,69.44,33.94,0.4603,4
user_0004,56,26.37,159.64,18.41,9.07,3.03,97,0.51,0.4877,69.59,33.92,0.46,4
user_0004,57,26.19,159.46,18.53,9.1,3.03,97,0.52,0.4875,69.55,34.14,0.4599,4
user_0004,58,26.07,159.64,18.43,9.07,3.02,98,0.52,0.4846,69.48,34.12,0.4627,4
user_0004,59,26.43,159.06,18.55,9.08,3.02,97,0.52,0.4863,69.51,34.13,0.4596,4
user_0005,0,70.78,110.12,3.93,5.77,0.36,40,1.0,0.0814,89.9,17.97,0.1447,0
user_0005,1,70.94,109.66,3.99,5.73,0.34,40,1.0,0.0799,89.78,17.82,0.1429,0
user_0005,2,70.82,110.3,3.96,5.74,0.36,40,1.0,0.0798,90.09,18.18,0.1426,0
user_0005,3,70.78,109.74,3.93,5.74,0.35,40,1.01,0.0819,90.05,18.11,0.1437,0
user_0005,4,70.81,109.83,4.06,5.73,0.34,39,1.0,0.0815,90.15,17.86,0.1448,0
user_0005,5,71.15,110.38,3.97,5.74,0.37,40,1.0,0.0822,89.7,18.07,0.1444,0
user_0005,6,70.9,110.32,3.95,5.72,0.38,39,1.0,0.0814,90.03,18.02,0.143,0
user_0005,7,70.85,109.66,3.99,5.74,0.36,39,1.01,0.082,90.09,18.04,0.1454,0
user_0005,8,71.0,110.14,4.04,5.73,0.38,40,1.0,0.0797,89.82,18.03,0.1444,0
user_0005,9,70.84,109.84,4.12,5.75,0.35,39,1.0,0.081,89.91,17.95,0.143,0
user_0005,10,70.91,109.67,3.78,5.78,0.37,39,1.0,0.0798,90.12,18.19,0.1444,0
user_0005,11,71.08,109.85,3.9,5.72,0.36,39,1.0,0.0815,89.94,18.01,0.1432,0
user_0005,12,70.82,109.49,4.07,5.68,0.37,40,1.0,0.0777,89.91,17.99,0.1433,0
user_0005,13,70.85,110.19,4.05,5.71,0.34,39,1.0,0.0823,89.9,18.05,0.1462,0
user_0005,14,63.05,129.8,8.49,7.22,1.27,57,0.85,0.2017,82.4,22.86,0.2446,1
user_0005,15,62.92,129.93,8.46,7.26,1.25,58,0.84,0.2022,82.5,22.92,0.2447,1
user_0005,16,63.12,129.25,8.54,7.17,1.25,58,0.85,0.1998,82.43,23.21,0.2424,1
user_0005,17,62.77,130.18,8.64,7.23,1.25,58,0.86,0.2026,82.37,23.0,0.2441,1
user_0005,18,62.98,130.17,8.57,7.2,1.27,58,0.85,0.2038,82.34,23.0,0.2437,1
user_0005,19,62.69,129.9,8.69,7.19,1.26,58,0.85,0.2014,82.32,23.02,0.2435,1
user_0005,20,50.6,160.11,15.32,9.48,2.61,85,0.63,0.383,71.17,30.63,0.3946,3
user_0005,21,50.96,159.49,15.27,9.46,2.6,84,0.62,0.3848,71.33,30.69,0.393,3
user_0005,22,50.94,159.49,15.2,9.46,2.62,84,0.63,0.3825,71.43,30.35,0.3955,3
user_0005,23,51.1,159.57,15.33,9.49,2.61,84,0.62,0.3847,71.2,30.58,0.3935,3
user_0005,24,50.81,160.08,15.15,9.47,2.61,85,0.62,0.3822,71.27,30.57,0.3933,3
user_0005,25,50.89,160.11,15.32,9.45,2.61,84,0.63,0.3844,71.1,30.42,0.395,3
user_0005,26,50.7,159.65,15.29,9.47,2.61,85,0.63,0.382,71.17,30.54,0.3941,3
user_0005,27,51.0,159.68,15.24,9.46,2.61,84,0.62,0.382,71.22,30.58,0.3938,3
user_0005,28,50.99,159.95,15.28,9.46,2.61,85,0.63,0.3785,71.22,30.72,0.3939,3
user_0005,29,50.82,159.9,15.27,9.51,2.6,85,0.63,0.3814,71.23,30.6,0.3951,3
user_0005,30,50.76,160.01,15.25,9.48,2.61,84,0.63,0.3815,71.09,30.46,0.3944,3
user_0005,31,51.11,159.96,15.19,9.54,2.61,85,0.62,0.3824,71.28,30.62,0.3953,3
user_0005,32,51.06,159.73,15.21,9.49,2.62,84,0.63,0.3838,71.11,30.42,0.3941,3
user_0005,33,50.98,159.68,15.35,9.49,2.61,84,0.62,0.382,70.99,30.6,0.3941,3
user_0005,34,51.42,160.39,15.24,9.48,2.62,85,0.62,0.3789,71.14,30.56,0.3948,3
user_0005,35,51.09,159.51,15.08,9.5,2.6,84,0.63,0.3828,71.19,30.45,0.3941,3
user_0005,36,50.87,159.47,15.2,9.49,2.61,85,0.62,0.3813,70.98,30.52,0.3957,3
user_0005,37,50.71,159.66,15.27,9.51,2.61,84,0.62,0.3818,71.4,30.53,0.3942,3
user_0005,38,50.98,159.81,15.19,9.5,2.61,85,0.62,0.3836,71.27,30.44,0.3953,3
user_0005,39,50.85,159.61,15.19,9.44,2.61,84,0.62,0.3785,71.19,30.48,0.3939,3
user_0005,40,45.17,173.52,18.43,10.52,3.24,97,0.52,0.4676,66.01,33.96,0.4645,4
user_0005,41,45.29,173.81,18.38,10.53,3.24,97,0.51,0.4635,65.79,33.88,0.4644,4
user_0005,42,45.2,173.94,18.4,10.48,3.25,97,0.52,0.4662,65.86,34.01,0.463,4
user_0005,43,45.06,173.71,18.39,10.52,3.23,97,0.52,0.4655,65.97,33.93,0.4654,4
user_0005,44,45.15,173.93,18.49,10.54,3.24,97,0.53,0.4635,65.85,33.96,0.4655,4
user_0005,45,45.39,173.57,18.38,10.52,3.23,97,0.51,0.468,66.03,34.11,0.4638,4
user_0005,46,45.31,173.45,18.36,10.54,3.25,97,0.52,0.4654,65.81,34.06,0.4635,4
user_0005,47,45.3,173.7,18.34,10.53,3.24,97,0.52,0.4661,66.11,34.01,0.4653,4
user_0005,48,45.12,173.85,18.32,10.49,3.23,97,0.52,0.466,65.8,33.98,0.4646,4
user_0005,49,45.36,173.35,18.33,10.53,3.25,97,0.52,0.4658,66.03,34.07,0.4649,4
user_0005,50,45.21,173.33,18.37,10.56,3.25,97,0.52,0.4662,65.89,33.99,0.4659,4
user_0005,51,45.19,174.21,18.38,10.56,3.23,97,0.52,0.4635,65.97,34.1,0.4634,4
user_0005,52,45.1,173.79,18.39,10.54,3.25,97,0.53,0.4659,65.91,33.84,0.464,4
user_0005,53,45.28,174.05,18.43,10.5,3.24,97,0.53,0.4669,66.03,34.01,0.4647,4
user_0005,54,45.52,173.48,18.37,10.51,3.24,97,0.52,0.462,65.91,34.09,0.4648,4
user_0005,55,45.39,173.74,18.3,10.54,3.23,98,0.52,0.4647,65.89,33.99,0.464,4
user_0005,56,45.5,173.86,18.35,10.58,3.24,97,0.52,0.4661,65.98,33.81,0.4663,4
user_0005,57,45.52,173.71,18.32,10.54,3.24,97,0.52,0.4664,66.09,34.06,0.4632,4
user_0005,58,45.53,174.22,18.64,10.5,3.24,97,0.52,0.4648,66.14,33.92,0.4626,4
user_0005,59,45.26,173.31,18.46,10.48,3.24,97,0.52,0.4681,65.99,33.91,0.4642,4
user_0006,0,60.24,120.12,4.0,2.91,0.35,40,1.0,0.0451,92.58,17.99,0.1048,0
user_0006,1,60.4,120.19,3.91,2.88,0.36,39,1.0,0.0454,92.77,18.1,0.1043,0
user_0006,2,60.29,119.54,4.16,2.95,0.36,39,0.99,0.0472,92.74,18.09,0.1076,0
user_0006,3,60.03,119.42,4.01,2.94,0.35,40,1.01,0.0435,92.76,17.95,0.1055,0
user_0006,4,60.25,119.78,3.92,2.89,0.37,40,1.0,0.0463,92.82,17.96,0.1046,0
user_0006,5,60.26,120.01,3.93,2.89,0.36,40,1.0,0.0439,92.73,17.98,0.1042,0
user_0006,6,60.13,119.65,3.97,2.9,0.37,39,1.0,0.0458,92.69,18.01,0.1054,0
user_0006,7,60.16,119.51,3.98,2.93,0.36,40,1.0,0.0465,92.8,17.98,0.1044,0
user_0006,8,59.96,119.98,4.06,2.92,0.37,39,1.0,0.0444,92.63,18.12,0.1049,0
user_0006,9,60.3,119.68,3.95,2.88,0.35,40,0.99,0.0491,92.66,18.07,0.1052,0
user_0006,10,60.1,119.41,3.99,2.88,0.34,40,1.0,0.0484,92.84,18.17,0.1047,0
user_0006,11,60.16,119.07,3.98,2.91,0.36,39,1.0,0.0418,92.77,18.05,0.1067,0
user_0006,12,60.2,119.69,4.08,2.85,0.35,39,1.0,0.0426,92.87,17.98,0.1057,0
user_0006,13,60.18,120.04,3.86,2.91,0.37,39,1.0,0.045,92.7,17.93,0.1052,0
user_0006,14,60.37,119.58,3.96,2.92,0.36,39,1.0,0.0458,92.84,17.9,0.1063,0
user_0006,15,60.13,119.45,3.9,2.95,0.36,40,0.99,0.0499,92.83,17.97,0.105,0
user_0006,16,60.25,119.9,4.01,2.91,0.36,39,1.0,0.0434,92.8,17.93,0.1038,0
user_0006,17,60.03,119.76,3.98,2.88,0.34,40,1.0,0.0455,92.72,18.04,0.1062,0
user_0006,18,60.17,119.65,4.0,2.9,0.34,40,1.0,0.0489,92.97,17.88,0.105,0
user_0006,19,60.52,119.72,4.02,2.87,0.36,40,1.01,0.045,92.7,17.89,0.1045,0
user_0006,20,59.86,119.71,4.11,2.92,0.37,40,1.0,0.0448,92.67,17.83,0.1054,0
user_0006,21,59.71,119.87,4.01,2.92,0.37,40,1.01,0.0468,92.66,17.98,0.1031,0
user_0006,22,60.01,119.63,4.04,2.89,0.35,39,1.0,0.0488,92.77,18.09,0.1045,0
user_0006,23,59.91,119.42,3.99,2.86,0.35,39,0.99,0.0427,92.77,18.0,0.1061,0
user_0006,24,59.98,119.92,4.11,2.91,0.35,40,1.0,0.0447,92.81,17.99,0.1066,0
user_0006,25,60.08,119.64,3.96,2.88,0.37,40,1.0,0.0449,92.67,17.93,0.107,0
user_0006,26,60.04,119.58,3.91,2.91,0.36,39,1.0,0.0482,92.74,18.01,0.1055,0
user_0006,27,60.35,119.46,3.97,2.9,0.34,39,1.01,0.0471,92.83,17.94,0.1049,0
user_0006,28,59.88,119.96,4.08,2.93,0.38,40,1.01,0.0456,92.56,18.09,0.1035,0
user_0006,29,60.17,119.97,4.02,2.96,0.34,39,1.0,0.0439,92.62,17.92,0.1043,0
user_0006,30,60.13,119.58,4.02,2.92,0.37,39,1.0,0.0475,92.78,18.19,0.1063,0
user_0006,31,60.4,119.1,4.01,2.9,0.36,39,1.0,0.0432,92.78,17.92,0.1049,0
user_0006,32,60.21,119.75,4.08,2.88,0.36,40,1.0,0.0466,92.85,17.96,0.1047,0
user_0006,33,60.23,119.69,4.08,2.92,0.35,40,1.0,0.0473,92.6,18.12,0.1057,0
user_0006,34,60.12,119.92,4.04,2.94,0.37,40,1.0,0.0451,92.73,18.11,0.1049,0
user_0006,35,60.09,120.19,3.99,2.89,0.37,39,0.99,0.0475,92.67,18.0,0.1053,0
user_0006,36,60.18,119.18,3.97,2.93,0.37,39,1.0,0.0448,92.7,17.97,0.1055,0
user_0006,37,60.29,119.79,3.99,2.93,0.35,39,1.0,0.0467,92.69,17.85,0.1057,0
user_0006,38,59.91,119.67,4.09,2.92,0.34,40,1.0,0.044,92.77,17.95,0.1049,0
user_0006,39,60.16,119.57,4.01,2.89,0.35,40,1.01,0.0433,92.81,18.14,0.1069,0
user_0006,40,60.22,119.46,4.05,2.88,0.36,40,1.0,0.0442,92.79,18.19,0.1066,0
user_0006,41,60.25,119.97,4.05,2.92,0.37,39,1.0,0.0458,92.75,17.95,0.1059,0
user_0006,42,60.02,119.59,3.95,2.93,0.36,39,1.0,0.0459,92.9,17.88,0.106,0
user_0006,43,60.21,119.51,4.11,2.92,0.35,39,1.0,0.0458,92.64,17.9,0.1062,0
user_0006,44,59.85,119.8,3.99,2.92,0.36,40,1.0,0.0458,92.79,18.02,0.1057,0
user_0006,45,60.0,119.58,3.96,2.9,0.37,39,0.99,0.0467,92.87,17.87,0.1073,0
user_0006,46,60.21,119.98,4.11,2.93,0.36,40,1.0,0.0475,92.86,17.89,0.1061,0
user_0006,47,60.12,119.76,4.01,2.91,0.37,39,0.99,0.043,92.85,17.92,0.1055,0
user_0006,48,60.13,119.5,4.06,2.9,0.36,40,1.0,0.0445,92.83,18.14,0.1039,0
user_0006,49,60.19,119.65,4.05,2.88,0.38,39,1.0,0.0466,92.67,17.92,0.1056,0
user_0006,50,60.16,119.73,4.06,2.9,0.36,39,1.0,0.0455,92.69,17.96,0.1065,0
user_0006,51,60.11,119.56,4.0,2.91,0.35,39,1.0,0.0457,92.81,18.01,0.1066,0
user_0006,52,60.14,120.17,3.97,2.89,0.36,40,0.99,0.0456,92.68,18.01,0.1054,0
user_0006,53,60.35,119.7,4.1,2.9,0.37,40,1.01,0.0437,92.62,18.18,0.1046,0
user_0006,54,60.04,119.51,4.09,2.88,0.36,39,1.01,0.0451,92.78,17.88,0.1076,0
user_0006,55,60.11,119.73,4.12,2.89,0.38,39,1.0,0.0451,92.6,18.04,0.106,0
user_0006,56,59.95,119.65,4.09,2.92,0.36,39,1.01,0.0437,92.73,17.85,0.1067,0
user_0006,57,60.14,119.77,4.21,2.89,0.38,39,1.0,0.0499,92.72,17.86,0.1056,0
user_0006,58,60.12,119.82,3.99,2.96,0.36,39,1.0,0.0447,92.72,17.91,0.1075,0
user_0006,59,60.04,119.9,3.98,2.88,0.36,40,1.0,0.042,92.62,18.1,0.1044,0
user_0007,0,61.59,102.28,4.11,4.57,0.38,40,1.0,0.1132,95.92,17.95,0.1668,0
user_0007,1,61.66,102.66,4.04,4.58,0.39,40,1.01,0.1148,96.02,17.9,0.1655,0
user_0007,2,61.72,102.56,4.04,4.58,0.41,39,1.0,0.1146,96.0,18.06,0.1673,0
user_0007,3,61.68,102.44,4.0,4.64,0.4,40,1.0,0.1161,96.12,18.0,0.1666,0
user_0007,4,61.61,101.63,4.02,4.57,0.41,40,0.99,0.1146,95.96,18.05,0.1672,0
user_0007,5,61.77,102.22,4.0,4.55,0.4,40,1.0,0.1146,96.11,18.16,0.1666,0
user_0007,6,61.64,102.15,3.93,4.59,0.4,39,1.0,0.114,96.01,18.03,0.1654,0
user_0007,7,61.82,102.25,4.05,4.55,0.4,40,1.0,0.1131,96.09,17.88,0.1667,0
user_0007,8,61.78,102.62,4.0,4.56,0.4,40,0.99,0.1158,96.06,18.12,0.1658,0
user_0007,9,61.15,102.49,4.02,4.54,0.38,40,1.0,0.1157,96.0,17.79,0.1667,0
user_0007,10,61.58,102.32,3.99,4.59,0.39,39,1.0,0.1117,95.86,18.07,0.1674,0
user_0007,11,61.61,102.07,3.95,4.58,0.38,39,1.0,0.1168,96.02,18.08,0.165,0
user_0007,12,61.72,102.22,4.02,4.58,0.41,39,1.0,0.1142,96.05,17.98,0.1661,0
user_0007,13,61.62,102.4,4.02,4.59,0.4,40,0.99,0.1159,95.95,18.06,0.1675,0
user_0007,14,53.34,122.44,8.46,6.07,1.31,57,0.85,0.2348,88.63,22.99,0.2681,1
user_0007,15,53.7,121.88,8.46,6.07,1.3,57,0.86,0.2354,88.58,23.12,0.2693,1
user_0007,16,53.75,122.66,8.51,6.08,1.29,57,0.85,0.2326,88.56,22.83,0.2671,1
user_0007,17,53.62,122.46,8.46,6.16,1.31,57,0.85,0.2337,88.46,22.87,0.2673,1
user_0007,18,53.52,122.66,8.57,6.12,1.28,58,0.85,0.2339,88.49,23.16,0.2671,1
user_0007,19,53.72,122.21,8.41,6.07,1.29,57,0.85,0.2321,88.45,23.07,0.2675,1
user_0007,20,41.56,152.17,15.17,8.33,2.65,85,0.62,0.4129,77.34,30.42,0.4164,3
user_0007,21,41.82,152.63,15.26,8.3,2.65,85,0.62,0.4167,77.44,30.67,0.4172,3
user_0007,22,41.71,152.77,15.28,8.32,2.64,85,0.62,0.4144,77.42,30.28,0.4185,3
user_0007,23,41.79,152.3,15.29,8.34,2.66,85,0.62,0.4155,77.29,30.51,0.4162,3
user_0007,24,41.89,152.68,15.19,8.3,2.64,85,0.63,0.4165,77.39,30.6,0.4172,3
user_0007,25,41.42,152.37,15.33,8.33,2.65,84,0.62,0.4145,77.35,30.43,0.4167,3
user_0007,26,41.48,152.7,15.23,8.37,2.66,84,0.62,0.4115,77.17,30.36,0.4183,3
user_0007,27,41.64,152.52,15.08,8.31,2.65,85,0.62,0.4155,77.48,30.48,0.417,3
user_0007,28,41.65,153.02,15.09,8.35,2.64,85,0.62,0.4146,77.39,30.81,0.4177,3
user_0007,29,41.5,152.31,15.22,8.29,2.64,85,0.62,0.4162,77.36,30.43,0.4168,3
user_0007,30,41.86,152.6,15.25,8.33,2.64,84,0.61,0.4177,77.33,30.54,0.4169,3
user_0007,31,41.51,152.37,15.13,8.39,2.63,84,0.62,0.4166,77.32,30.38,0.4182,3
user_0007,32,41.73,152.55,15.3,8.4,2.66,84,0.63,0.4152,77.37,30.33,0.4167,3
user_0007,33,41.5,152.63,15.33,8.28,2.64,85,0.62,0.4157,77.35,30.53,0.4166,3
user_0007,34,41.44,152.14,15.3,8.34,2.64,84,0.62,0.4162,77.28,30.37,0.4177,3
user_0007,35,41.59,152.43,15.37,8.33,2.65,84,0.62,0.4156,77.16,30.52,0.417,3
user_0007,36,41.63,152.68,15.28,8.37,2.63,85,0.63,0.413,77.41,30.73,0.4169,3
user_0007,37,41.7,152.44,15.2,8.29,2.64,84,0.63,0.4145,77.28,30.59,0.4158,3
user_0007,38,41.51,152.44,15.33,8.35,2.65,85,0.63,0.4149,77.21,30.5,0.4158,3
user_0007,39,41.64,152.3,15.44,8.33,2.63,84,0.63,0.4171,77.26,30.34,0.4177,3
user_0007,40,35.82,166.31,18.38,9.38,3.28,97,0.52,0.4986,72.08,34.01,0.4874,4
user_0007,41,36.15,166.52,18.43,9.35,3.27,97,0.52,0.4976,72.0,33.94,0.4875,4
user_0007,42,36.18,166.32,18.47,9.39,3.27,97,0.52,0.4991,72.29,33.91,0.4874,4
user_0007,43,35.94,166.2,18.4,9.39,3.3,97,0.51,0.499,71.86,33.99,0.4869,4
user_0007,44,36.14,166.66,18.36,9.38,3.27,97,0.52,0.4967,72.02,33.9,0.4875,4
user_0007,45,36.29,166.09,18.26,9.38,3.27,97,0.52,0.4983,72.1,34.1,0.485,4
user_0007,46,35.97,166.47,18.33,9.43,3.27,97,0.52,0.4978,71.88,33.96,0.4879,4
user_0007,47,35.97,166.21,18.47,9.38,3.27,97,0.52,0.5022,72.15,34.12,0.4864,4
user_0007,48,35.87,166.44,18.41,9.36,3.27,97,0.52,0.4994,72.09,33.95,0.4864,4
user_0007,49,35.84,166.87,18.4,9.38,3.26,98,0.51,0.498,72.11,34.06,0.4879,4
user_0007,50,36.29,166.55,18.32,9.38,3.28,98,0.51,0.5004,72.08,34.08,0.4868,4
user_0007,51,35.9,166.61,18.45,9.41,3.27,97,0.51,0.4999,72.11,33.9,0.4864,4
user_0007,52,35.95,166.05,18.34,9.36,3.27,97,0.51,0.5017,72.19,33.92,0.4872,4
user_0007,53,36.09,166.72,18.34,9.41,3.27,97,0.52,0.5006,72.32,33.88,0.4876,4
user_0007,54,35.96,166.62,18.29,9.35,3.27,97,0.52,0.4996,72.17,34.06,0.4885,4
user_0007,55,36.09,166.12,18.5,9.37,3.28,97,0.52,0.4964,71.97,34.13,0.4867,4
user_0007,56,36.04,166.61,18.45,9.39,3.27,97,0.52,0.4995,72.04,34.11,0.4868,4
user_0007,57,35.9,166.23,18.33,9.38,3.29,97,0.52,0.4977,72.04,33.85,0.4867,4
user_0007,58,35.99,166.55,18.42,9.36,3.28,97,0.52,0.4986,72.01,34.02,0.4874,4
user_0007,59,35.76,166.29,18.38,9.39,3.29,97,0.52,0.4979,71.98,33.97,0.4877,4
user_0008,0,51.24,119.56,3.93,2.65,0.25,40,1.0,0.0922,97.19,17.97,0.1098,0
user_0008,1,51.48,119.2,3.95,2.64,0.24,39,0.99,0.0915,97.41,18.08,0.1099,0
user_0008,2,51.45,119.55,3.95,2.64,0.26,39,1.0,0.0932,97.54,18.04,0.1118,0
user_0008,3,51.49,119.41,4.05,2.61,0.25,39,1.0,0.0921,97.31,17.9,0.1107,0
user_0008,4,51.63,119.19,3.9,2.69,0.23,40,0.99,0.0941,97.32,17.94,0.112,0
user_0008,5,51.58,119.08,3.94,2.6,0.25,39,1.0,0.0943,97.37,17.93,0.1127,0
user_0008,6,51.51,118.94,3.98,2.65,0.24,40,1.0,0.0925,97.25,18.07,0.1117,0
user_0008,7,51.42,119.18,3.77,2.66,0.24,39,0.99,0.0928,97.22,18.08,0.1122,0
user_0008,8,51.62,118.63,3.96,2.62,0.23,39,0.99,0.0937,97.43,18.07,0.1116,0
user_0008,9,51.87,119.56,3.99,2.63,0.26,40,0.99,0.095,97.33,17.91,0.1098,0
user_0008,10,51.53,119.28,4.12,2.66,0.24,40,1.0,0.0935,97.29,17.95,0.1121,0
user_0008,11,51.63,119.2,3.8,2.61,0.25,39,1.01,0.095,97.35,18.06,0.1123,0
user_0008,12,51.55,118.93,4.07,2.67,0.23,39,1.0,0.0925,97.36,18.12,0.1095,0
user_0008,13,51.81,119.18,4.04,2.65,0.25,40,1.0,0.0938,97.29,17.82,0.1105,0
user_0008,14,41.95,143.08,9.34,4.48,1.33,61,0.82,0.2368,88.36,24.04,0.2313,1
user_0008,15,41.87,143.58,9.45,4.38,1.32,61,0.82,0.2387,88.35,23.86,0.2314,1
user_0008,16,42.05,143.22,9.35,4.45,1.34,61,0.83,0.2365,88.35,24.0,0.2319,1
user_0008,17,42.04,143.05,9.45,4.4,1.31,62,0.82,0.2385,88.52,23.77,0.2329,1
user_0008,18,42.07,143.69,9.31,4.47,1.32,61,0.82,0.2386,88.35,23.82,0.2286,1
user_0008,19,42.0,143.21,9.43,4.43,1.34,61,0.82,0.2379,88.31,24.01,0.2305,1
user_0008,20,41.97,143.16,9.32,4.49,1.31,61,0.82,0.2379,88.22,24.08,0.2338,2
user_0008,21,41.84,143.58,9.37,4.48,1.35,61,0.81,0.2388,88.37,24.05,0.2314,2
user_0008,22,41.84,143.57,9.42,4.4,1.33,61,0.82,0.2398,88.29,23.98,0.2325,2
user_0008,23,41.98,142.93,9.41,4.43,1.33,61,0.82,0.2358,88.33,24.1,0.231,2
user_0008,24,41.96,143.04,9.31,4.44,1.33,62,0.82,0.2373,88.22,24.06,0.2322,2
user_0008,25,42.19,143.56,9.43,4.43,1.33,61,0.82,0.2386,88.32,23.85,0.2331,2
user_0008,26,42.06,143.2,9.44,4.44,1.34,61,0.82,0.2398,88.41,24.18,0.2305,2
user_0008,27,42.13,143.53,9.27,4.43,1.32,61,0.82,0.2387,88.31,24.02,0.232,2
user_0008,28,41.97,143.1,9.45,4.4,1.32,61,0.82,0.2363,88.42,24.02,0.2325,2
user_0008,29,41.98,142.68,9.49,4.49,1.34,60,0.82,0.2367,88.24,24.01,0.2316,2
user_0008,30,42.05,143.29,9.32,4.42,1.32,61,0.81,0.2371,88.49,23.95,0.231,2
user_0008,31,41.79,143.29,9.49,4.49,1.33,61,0.82,0.2368,88.41,23.97,0.2316,2
user_0008,32,41.97,143.13,9.39,4.39,1.33,62,0.82,0.238,88.43,24.13,0.2315,2
user_0008,33,41.7,143.34,9.41,4.43,1.32,61,0.82,0.2379,88.33,24.04,0.2315,2
user_0008,34,42.07,143.12,9.41,4.4,1.32,61,0.81,0.2369,88.11,23.86,0.2306,2
user_0008,35,41.98,143.36,9.4,4.43,1.32,61,0.82,0.2369,88.48,24.19,0.2305,2
user_0008,36,47.65,130.05,6.27,3.39,0.69,49,0.93,0.1515,93.6,20.27,0.1615,1
user_0008,37,47.43,129.36,6.13,3.38,0.7,48,0.92,0.1538,93.54,20.48,0.161,1
user_0008,38,47.87,128.89,6.46,3.38,0.7,48,0.92,0.1522,93.66,20.36,0.1621,1
user_0008,39,47.24,129.35,6.31,3.36,0.7,49,0.93,0.1521,93.88,20.26,0.1614,1
user_0008,40,47.31,129.74,6.23,3.38,0.7,48,0.92,0.1515,93.62,20.54,0.1625,1
user_0008,41,47.86,128.73,6.24,3.42,0.69,48,0.92,0.1539,93.63,20.57,0.161,1
user_0008,42,47.61,129.04,6.27,3.39,0.69,49,0.92,0.1532,93.52,20.68,0.1624,1
user_0008,43,47.47,129.21,6.39,3.36,0.68,49,0.93,0.1544,93.67,20.68,0.16,1
user_0008,44,47.39,129.44,6.17,3.35,0.71,48,0.92,0.1533,93.73,20.31,0.1622,1
user_0008,45,47.44,129.44,6.18,3.43,0.68,48,0.92,0.153,93.71,20.37,0.1605,1
user_0008,46,47.71,128.93,6.24,3.38,0.7,48,0.92,0.1539,93.51,20.36,0.163,1
user_0008,47,47.64,129.72,6.31,3.36,0.69,48,0.92,0.1527,93.7,20.53,0.1604,1
user_0008,48,47.5,129.24,6.12,3.41,0.69,48,0.92,0.1551,93.56,20.62,0.1633,1
user_0008,49,47.72,129.14,6.06,3.4,0.71,48,0.92,0.1524,93.58,20.39,0.1592,1
user_0008,50,47.55,129.08,6.38,3.39,0.7,48,0.93,0.1509,93.5,20.61,0.162,1
user_0008,51,47.51,129.4,6.29,3.44,0.7,48,0.92,0.1543,93.7,20.34,0.162,1
user_0008,52,47.43,129.14,6.31,3.41,0.69,48,0.92,0.1577,93.63,20.42,0.1631,1
user_0008,53,47.77,129.73,6.41,3.41,0.69,48,0.92,0.1528,93.72,20.5,0.1627,1
user_0008,54,47.67,129.0,6.12,3.36,0.69,49,0.92,0.1545,93.55,20.53,0.1619,1
user_0008,55,47.83,129.03,6.42,3.37,0.68,48,0.94,0.1548,93.66,20.58,0.161,1
user_0008,56,47.62,129.28,6.39,3.39,0.69,48,0.93,0.1538,93.48,20.55,0.162,1
user_0008,57,47.72,129.58,6.26,3.36,0.69,49,0.93,0.156,93.65,20.58,0.1627,1
user_0008,58,47.39,129.35,6.16,3.38,0.7,48,0.93,0.1512,93.71,20.43,0.1607,1
user_0008,59,47.35,129.13,6.11,3.37,0.7,48,0.92,0.1537,93.61,20.7,0.1625,1
user_0009,0,62.4,124.08,4.08,3.85,0.27,39,0.99,0.1325,90.78,17.91,0.1476,0
user_0009,1,62.46,124.27,3.87,3.91,0.3,40,1.01,0.1365,90.69,18.01,0.1486,0
user_0009,2,62.45,124.43,3.9,3.87,0.31,40,1.0,0.1345,90.76,18.15,0.1491,0
user_0009,3,62.6,124.71,4.04,3.89,0.3,39,1.01,0.1334,90.7,17.92,0.1501,0
user_0009,4,62.57,123.93,4.04,3.85,0.29,40,1.01,0.132,90.6,17.91,0.1477,0
user_0009,5,62.65,124.44,4.02,3.92,0.29,39,1.0,0.1327,90.57,18.03,0.149,0
user_0009,6,62.56,124.07,3.99,3.87,0.29,40,0.99,0.1333,90.75,17.93,0.1485,0
user_0009,7,62.48,123.77,4.03,3.87,0.3,40,1.0,0.134,90.66,18.1,0.1478,0
user_0009,8,62.52,123.83,3.98,3.87,0.3,39,1.0,0.1327,90.72,18.01,0.1483,0
user_0009,9,62.48,124.43,3.94,3.92,0.31,39,0.99,0.1336,90.67,18.19,0.1491,0
user_0009,10,62.32,123.76,4.08,3.88,0.29,40,1.0,0.1331,90.73,18.07,0.1496,0
user_0009,11,62.41,124.07,3.97,3.86,0.3,40,1.0,0.132,90.64,18.07,0.1495,0
user_0009,12,62.42,123.82,4.01,3.85,0.29,40,0.99,0.1309,90.89,17.94,0.1502,0
user_0009,13,62.42,124.01,4.03,3.87,0.29,39,0.99,0.1337,90.7,17.98,0.1478,0
user_0009,14,54.68,144.27,8.57,5.38,1.18,58,0.85,0.2521,83.27,23.12,0.249,1
user_0009,15,54.64,144.32,8.42,5.38,1.2,57,0.85,0.251,83.18,22.97,0.2487,1
user_0009,16,54.36,143.78,8.67,5.44,1.18,58,0.85,0.2534,83.22,22.93,0.25,1
user_0009,17,54.46,143.93,8.4,5.37,1.18,58,0.84,0.2528,83.37,23.12,0.249,1
user_0009,18,54.43,144.52,8.54,5.38,1.18,58,0.85,0.2522,83.26,22.96,0.2489,1
user_0009,19,54.07,144.0,8.57,5.38,1.19,57,0.85,0.2529,83.13,23.13,0.25,1
user_0009,20,42.35,174.18,15.29,7.66,2.53,85,0.62,0.4326,72.24,30.53,0.3987,3
user_0009,21,42.11,174.4,15.15,7.62,2.54,85,0.63,0.4329,72.01,30.44,0.3992,3
user_0009,22,42.46,174.29,15.32,7.65,2.54,85,0.62,0.4316,71.94,30.51,0.3999,3
user_0009,23,42.42,173.75,15.25,7.65,2.54,85,0.63,0.4323,71.92,30.4,0.3997,3
user_0009,24,42.66,173.97,15.23,7.68,2.55,85,0.62,0.4342,71.89,30.39,0.3987,3
user_0009,25,42.36,174.0,15.14,7.67,2.55,84,0.63,0.432,72.06,30.49,0.3991,3
user_0009,26,42.42,174.35,15.16,7.66,2.55,85,0.64,0.4324,72.07,30.49,0.4003,3
user_0009,27,42.44,173.95,15.35,7.63,2.53,84,0.63,0.4353,71.99,30.63,0.3977,3
user_0009,28,42.38,173.98,15.24,7.64,2.55,84,0.63,0.4331,71.89,30.49,0.3989,3
user_0009,29,42.42,174.06,15.26,7.63,2.56,84,0.62,0.4373,71.88,30.36,0.3998,3
user_0009,30,42.13,173.99,15.41,7.6,2.52,84,0.63,0.4349,71.93,30.57,0.4004,3
user_0009,31,42.71,173.99,15.08,7.62,2.54,84,0.62,0.4349,72.11,30.48,0.4001,3
user_0009,32,42.5,174.07,15.32,7.64,2.56,84,0.62,0.433,72.02,30.63,0.399,3
user_0009,33,42.23,174.26,15.31,7.59,2.54,84,0.62,0.4318,72.06,30.51,0.3978,3
user_0009,34,42.58,173.69,15.27,7.62,2.54,85,0.63,0.4352,71.97,30.53,0.3986,3
user_0009,35,42.47,174.16,15.24,7.6,2.55,85,0.62,0.4313,72.13,30.55,0.3988,3
user_0009,36,42.27,173.85,15.35,7.65,2.54,85,0.62,0.4354,72.11,30.45,0.3984,3
user_0009,37,42.05,173.68,15.15,7.65,2.54,84,0.62,0.4339,72.03,30.31,0.3989,3
user_0009,38,42.24,174.28,15.31,7.62,2.53,84,0.61,0.4337,71.95,30.6,0.3979,3
user_0009,39,42.35,173.67,15.17,7.61,2.55,84,0.63,0.4326,71.85,30.48,0.3996,3
user_0009,40,36.66,188.25,18.34,8.68,3.18,97,0.52,0.5167,66.74,33.76,0.4672,4
user_0009,41,36.94,188.31,18.33,8.69,3.18,97,0.51,0.5158,66.7,34.07,0.4715,4
user_0009,42,36.81,187.7,18.43,8.73,3.17,97,0.52,0.5182,66.63,34.04,0.47,4
user_0009,43,37.02,188.03,18.37,8.72,3.16,97,0.51,0.5188,66.7,34.13,0.4695,4
user_0009,44,36.66,188.41,18.52,8.71,3.16,97,0.52,0.5161,66.9,34.01,0.4663,4
user_0009,45,36.9,187.96,18.39,8.68,3.18,97,0.52,0.5167,66.72,34.0,0.4682,4
user_0009,46,36.93,188.17,18.52,8.72,3.17,97,0.52,0.5182,66.68,33.9,0.4693,4
user_0009,47,36.44,187.61,18.39,8.69,3.17,97,0.52,0.5178,66.79,34.0,0.4702,4
user_0009,48,36.9,187.86,18.38,8.66,3.17,97,0.52,0.5193,66.7,34.13,0.4688,4
user_0009,49,37.07,188.05,18.45,8.73,3.17,97,0.53,0.517,66.6,34.21,0.4686,4
user_0009,50,36.87,188.34,18.35,8.67,3.17,97,0.52,0.5175,66.7,33.85,0.4706,4
user_0009,51,36.86,188.41,18.38,8.67,3.18,97,0.51,0.5194,66.67,33.82,0.4704,4
user_0009,52,36.77,187.9,18.27,8.74,3.16,97,0.52,0.5178,66.72,33.83,0.4682,4
user_0009,53,36.87,187.85,18.42,8.71,3.18,97,0.53,0.5183,66.73,34.11,0.4714,4
user_0009,54,36.63,187.99,18.22,8.7,3.18,97,0.52,0.5141,66.77,34.15,0.4684,4
user_0009,55,36.91,187.66,18.43,8.68,3.16,97,0.52,0.5178,66.6,33.96,0.469,4
user_0009,56,36.68,188.5,18.34,8.68,3.16,98,0.52,0.5158,66.84,34.02,0.4693,4
user_0009,57,36.79,187.86,18.43,8.68,3.19,97,0.53,0.517,66.76,34.08,0.4684,4
user_0009,58,36.97,187.37,18.35,8.67,3.16,97,0.52,0.5182,66.75,33.93,0.4694,4
user_0009,59,36.86,188.28,18.46,8.69,3.16,97,0.52,0.5167,66.76,34.07,0.469,4
user_0010,0,60.02,116.63,4.01,3.57,0.2,40,1.0,0.0632,92.73,17.99,0.135,0
user_0010,1,60.1,116.73,3.91,3.58,0.22,39,1.0,0.0643,92.68,18.11,0.1349,0
user_0010,2,60.17,116.44,3.97,3.59,0.22,39,1.0,0.0648,92.71,18.02,0.1352,0
user_0010,3,60.28,116.58,3.92,3.63,0.22,40,0.99,0.0626,92.64,17.93,0.1325,0
user_0010,4,59.89,116.32,4.01,3.62,0.21,39,1.0,0.0653,92.68,18.0,0.1352,0
user_0010,5,60.25,116.45,3.99,3.61,0.2,39,0.99,0.0637,92.68,17.96,0.1344,0
user_0010,6,60.05,116.31,3.92,3.58,0.21,40,1.0,0.0646,92.46,18.11,0.1341,0
user_0010,7,60.14,116.83,4.07,3.6,0.21,39,1.0,0.0655,92.78,18.25,0.1345,0
user_0010,8,59.81,116.2,4.14,3.61,0.21,39,0.99,0.0674,92.53,18.07,0.1329,0
user_0010,9,60.1,116.68,3.98,3.58,0.21,39,0.99,0.066,92.57,18.07,0.1353,0
user_0010,10,60.31,116.03,3.95,3.6,0.21,40,1.0,0.0666,92.65,17.84,0.1336,0
user_0010,11,60.17,116.01,3.84,3.54,0.21,39,1.0,0.064,92.47,17.95,0.1324,0
user_0010,12,60.31,116.86,3.83,3.58,0.2,39,1.01,0.0642,92.6,18.3,0.1341,0
user_0010,13,60.39,116.56,3.96,3.57,0.21,39,1.0,0.0643,92.64,18.18,0.1337,0
user_0010,14,60.2,116.03,4.08,3.54,0.22,39,1.0,0.0644,92.48,17.88,0.135,0
user_0010,15,60.13,116.36,4.03,3.59,0.2,40,1.0,0.0651,92.56,18.1,0.1334,0
user_0010,16,60.0,116.86,4.0,3.57,0.21,40,1.0,0.0664,92.48,18.09,0.134,0
user_0010,17,60.14,116.74,4.05,3.6,0.19,39,1.0,0.066,92.71,17.97,0.1335,0
user_0010,18,60.36,116.28,3.91,3.57,0.2,39,1.0,0.0616,92.52,18.0,0.1344,0
user_0010,19,60.38,116.82,3.88,3.54,0.21,39,0.99,0.0649,92.63,17.92,0.1336,0
user_0010,20,60.01,116.33,4.04,3.56,0.2,39,1.0,0.0653,92.81,18.06,0.1348,0
user_0010,21,60.09,116.19,3.96,3.57,0.21,39,1.0,0.0647,92.68,17.93,0.1333,0
user_0010,22,60.07,116.33,4.06,3.61,0.23,39,0.98,0.0643,92.63,18.07,0.1345,0
user_0010,23,60.05,116.86,3.92,3.58,0.2,40,1.01,0.0647,92.6,17.83,0.1339,0
user_0010,24,60.3,116.37,3.98,3.61,0.2,40,0.99,0.0659,92.77,18.1,0.1323,0
user_0010,25,60.03,116.37,4.08,3.55,0.2,39,1.0,0.063,92.77,17.94,0.1349,0
user_0010,26,60.13,116.43,3.96,3.61,0.21,40,1.0,0.0642,92.67,18.02,0.1343,0
user_0010,27,60.02,116.92,3.96,3.59,0.21,40,1.0,0.0643,92.62,17.93,0.1343,0
user_0010,28,60.48,116.51,4.02,3.57,0.22,40,1.0,0.0659,92.59,18.04,0.1334,0
user_0010,29,59.96,116.06,4.03,3.55,0.2,39,1.0,0.064,92.72,18.09,0.1331,0
user_0010,30,60.3,116.36,3.96,3.58,0.21,39,1.0,0.0638,92.62,17.98,0.1347,0
user_0010,31,60.14,116.45,4.04,3.62,0.22,40,1.0,0.068,92.65,18.03,0.1364,0
user_0010,32,59.72,116.38,4.09,3.61,0.23,40,1.0,0.0644,92.64,18.16,0.1358,0
user_0010,33,60.12,116.5,3.95,3.57,0.22,40,1.0,0.0653,92.59,18.09,0.1338,0
user_0010,34,59.84,116.68,3.98,3.58,0.21,40,1.0,0.0624,92.67,17.81,0.135,0
user_0010,35,60.3,116.09,4.02,3.61,0.2,40,0.99,0.0665,92.61,17.97,0.1352,0
user_0010,36,60.39,116.55,4.12,3.55,0.21,39,1.0,0.062,92.67,18.09,0.1355,0
user_0010,37,60.31,116.24,4.1,3.62,0.2,40,1.0,0.0671,92.46,18.05,0.1336,0
user_0010,38,59.96,115.96,3.98,3.56,0.21,40,1.0,0.0679,92.51,17.87,0.1332,0
user_0010,39,60.12,117.11,3.88,3.6,0.2,39,0.99,0.0662,92.61,18.11,0.1344,0
user_0010,40,59.84,116.71,3.85,3.54,0.2,39,1.01,0.0646,92.73,17.94,0.1345,0
user_0010,41,60.2,116.61,3.97,3.58,0.2,39,1.0,0.0643,92.67,18.01,0.1355,0
user_0010,42,60.14,116.29,4.0,3.61,0.19,39,1.0,0.0655,92.66,18.01,0.1317,0
user_0010,43,59.88,116.37,3.96,3.59,0.2,40,0.99,0.0653,92.69,18.07,0.135,0
user_0010,44,60.27,116.28,3.92,3.54,0.2,39,1.01,0.0645,92.51,17.88,0.1362,0
user_0010,45,60.13,116.24,4.01,3.63,0.2,40,1.01,0.0621,92.55,18.11,0.1335,0
user_0010,46,60.19,116.24,3.97,3.57,0.21,40,1.0,0.0687,92.78,17.8,0.1338,0
user_0010,47,60.49,116.29,4.16,3.58,0.21,40,1.0,0.0656,92.77,18.08,0.1343,0
user_0010,48,60.38,116.65,3.94,3.64,0.21,39,0.99,0.0628,92.78,18.17,0.1343,0
user_0010,49,59.86,116.16,3.88,3.55,0.23,40,0.99,0.0649,92.48,18.0,0.1358,0
user_0010,50,60.29,116.64,3.99,3.62,0.21,40,1.0,0.0654,92.64,17.95,0.1334,0
user_0010,51,59.98,116.2,3.99,3.58,0.2,39,1.0,0.067,92.61,17.99,0.1333,0
user_0010,52,60.1,116.73,4.08,3.61,0.22,40,1.0,0.0653,92.57,18.01,0.1344,0
user_0010,53,60.22,116.46,4.16,3.56,0.22,39,1.0,0.0637,92.71,18.07,0.135,0
user_0010,54,60.15,116.35,4.0,3.6,0.19,40,1.01,0.0656,92.58,17.98,0.1349,0
user_0010,55,60.09,116.65,3.99,3.63,0.22,39,1.0,0.0649,92.61,17.91,0.1331,0
user_0010,56,60.32,116.71,4.08,3.59,0.23,39,1.0,0.0628,92.59,17.98,0.1341,0
user_0010,57,59.93,116.61,4.08,3.57,0.2,39,1.0,0.064,92.6,17.89,0.1362,0
user_0010,58,60.14,116.72,4.04,3.59,0.21,39,1.0,0.0634,92.5,18.21,0.1345,0
user_0010,59,60.35,116.23,3.91,3.56,0.2,40,1.0,0.0637,92.62,18.02,0.1349,0
user_0011,0,71.8,111.44,4.0,4.93,0.31,40,1.0,0.0701,97.65,17.91,0.1877,0
user_0011,1,71.61,111.16,3.9,4.95,0.32,39,1.0,0.0687,97.68,18.13,0.189,0
user_0011,2,71.81,111.3,3.91,5.02,0.3,40,1.01,0.0686,97.67,18.08,0.1899,0
user_0011,3,71.69,111.04,3.96,4.98,0.31,39,0.99,0.0702,97.76,18.05,0.1888,0
user_0011,4,71.85,111.46,4.07,4.98,0.3,39,1.0,0.0699,97.53,18.03,0.1886,0
user_0011,5,71.89,111.68,4.01,4.94,0.3,40,0.99,0.0715,97.58,18.04,0.1895,0
user_0011,6,71.67,111.5,3.99,4.97,0.3,40,1.0,0.0705,97.38,18.12,0.1892,0
user_0011,7,71.78,111.3,4.03,5.03,0.29,40,1.0,0.0694,97.54,17.96,0.1882,0
user_0011,8,71.59,111.62,3.87,4.99,0.3,39,1.0,0.0671,97.57,17.86,0.1886,0
user_0011,9,71.62,111.25,4.02,4.95,0.31,39,1.0,0.0721,97.85,18.01,0.189,0
user_0011,10,71.5,111.74,4.06,4.96,0.32,39,1.0,0.0702,97.46,18.1,0.1871,0
user_0011,11,71.61,111.13,4.06,4.96,0.29,39,1.0,0.0677,97.45,18.21,0.1873,0
user_0011,12,71.72,111.27,3.97,4.99,0.32,39,0.99,0.0714,97.56,18.17,0.1859,0
user_0011,13,71.79,111.84,3.97,4.97,0.31,39,1.0,0.0689,97.5,18.12,0.1886,0
user_0011,14,62.2,135.56,9.38,6.75,1.38,61,0.81,0.2127,88.51,24.21,0.3054,1
user_0011,15,62.14,135.79,9.41,6.79,1.39,61,0.81,0.2138,88.49,23.92,0.3077,1
user_0011,16,62.43,135.96,9.42,6.76,1.37,61,0.83,0.2131,88.33,24.07,0.3092,1
user_0011,17,61.93,135.41,9.43,6.77,1.38,61,0.82,0.2112,88.36,24.13,0.3088,1
user_0011,18,62.18,135.25,9.36,6.75,1.38,61,0.82,0.213,88.63,24.0,0.309,1
user_0011,19,62.37,135.63,9.44,6.77,1.38,61,0.83,0.214,88.76,23.85,0.307,1
user_0011,20,62.29,135.43,9.5,6.77,1.38,61,0.81,0.2118,88.66,24.09,0.3085,2
user_0011,21,61.91,135.27,9.31,6.8,1.38,61,0.82,0.2125,88.71,23.93,0.3068,2
user_0011,22,61.84,135.35,9.36,6.74,1.4,61,0.82,0.2155,88.63,23.92,0.3071,2
user_0011,23,62.29,135.46,9.41,6.75,1.39,61,0.82,0.2156,88.5,23.84,0.3071,2
user_0011,24,62.31,135.42,9.39,6.76,1.39,61,0.82,0.2124,88.48,23.94,0.3078,2
user_0011,25,62.16,135.42,9.12,6.75,1.38,61,0.81,0.2137,88.72,23.87,0.3086,2
user_0011,26,62.04,135.23,9.34,6.75,1.41,61,0.83,0.2142,88.41,24.04,0.3092,2
user_0011,27,62.04,135.6,9.45,6.82,1.38,61,0.82,0.2156,88.38,23.79,0.3083,2
user_0011,28,62.1,135.36,9.47,6.76,1.37,62,0.82,0.2119,88.68,23.96,0.3081,2
user_0011,29,62.24,135.63,9.37,6.81,1.37,61,0.82,0.2155,88.58,23.93,0.3088,2
user_0011,30,62.3,135.52,9.32,6.76,1.39,61,0.82,0.2104,88.6,23.97,0.3073,2
user_0011,31,62.05,135.31,9.13,6.75,1.38,61,0.82,0.2131,88.72,24.1,0.3091,2
user_0011,32,62.09,135.5,9.38,6.77,1.39,61,0.83,0.2132,88.63,24.15,0.3092,2
user_0011,33,61.95,135.47,9.46,6.79,1.38,61,0.82,0.2123,88.54,24.16,0.3081,2
user_0011,34,62.05,135.14,9.42,6.74,1.38,61,0.83,0.2145,88.5,24.12,0.3079,2
user_0011,35,61.98,135.32,9.51,6.78,1.39,62,0.81,0.2115,88.4,24.04,0.3083,2
user_0011,36,67.99,121.42,6.22,5.72,0.76,48,0.94,0.1302,93.84,20.56,0.2389,1
user_0011,37,67.74,121.2,6.29,5.73,0.75,49,0.93,0.1305,93.96,20.5,0.2385,1
user_0011,38,67.88,121.18,6.25,5.73,0.75,49,0.92,0.1275,93.95,20.57,0.2372,1
user_0011,39,67.85,121.73,6.25,5.79,0.74,49,0.93,0.1308,93.8,20.47,0.2386,1
user_0011,40,67.89,121.51,6.33,5.7,0.75,48,0.92,0.131,93.83,20.76,0.2384,1
user_0011,41,67.77,121.39,6.2,5.72,0.77,49,0.92,0.1281,93.77,20.51,0.2394,1
user_0011,42,67.56,121.28,6.26,5.68,0.75,48,0.92,0.1297,93.8,20.44,0.2386,1
user_0011,43,68.02,121.77,6.11,5.74,0.75,49,0.92,0.1296,93.83,20.44,0.2373,1
user_0011,44,67.7,121.42,6.29,5.74,0.75,49,0.93,0.1312,93.81,20.48,0.2384,1
user_0011,45,67.59,121.31,6.31,5.74,0.75,49,0.92,0.1305,93.81,20.47,0.2378,1
user_0011,46,67.75,121.25,6.3,5.71,0.77,49,0.92,0.1296,93.75,20.47,0.2402,1
user_0011,47,67.72,121.45,6.29,5.7,0.75,48,0.92,0.1252,93.87,20.71,0.2383,1
user_0011,48,67.55,121.2,6.22,5.7,0.77,49,0.92,0.1305,93.97,20.69,0.241,1
user_0011,49,67.63,122.07,6.22,5.71,0.76,48,0.93,0.1275,93.79,20.63,0.2381,1
user_0011,50,67.78,121.48,6.34,5.68,0.76,48,0.93,0.131,93.7,20.4,0.2362,1
user_0011,51,67.68,121.69,6.24,5.69,0.75,48,0.92,0.13,93.7,20.61,0.2381,1
user_0011,52,67.78,121.29,6.31,5.74,0.76,49,0.92,0.1303,93.78,20.5,0.2379,1
user_0011,53,67.69,121.19,6.29,5.76,0.77,48,0.93,0.129,93.88,20.41,0.2383,1
user_0011,54,67.81,120.99,6.3,5.76,0.75,49,0.92,0.1307,93.59,20.74,0.2397,1
user_0011,55,67.72,120.87,6.27,5.69,0.76,49,0.92,0.1311,93.9,20.6,0.2382,1
user_0011,56,67.55,121.61,6.23,5.69,0.77,49,0.92,0.1327,93.83,20.46,0.2375,1
user_0011,57,68.01,121.17,6.31,5.71,0.75,49,0.92,0.1288,93.93,20.66,0.2388,1
user_0011,58,67.67,121.23,6.26,5.73,0.75,49,0.93,0.1269,93.72,20.45,0.2381,1
user_0011,59,68.05,121.42,6.19,5.73,0.75,49,0.93,0.1313,93.81,20.66,0.2391,1
user_0012,0,54.26,137.51,3.9,4.28,0.22,40,1.0,0.1344,98.13,17.92,0.1181,0
user_0012,1,54.12,136.99,4.02,4.26,0.22,40,1.0,0.1366,98.23,17.98,0.1188,0
user_0012,2,54.19,137.09,3.84,4.29,0.19,40,0.99,0.132,98.1,18.19,0.1179,0
user_0012,3,54.48,137.39,3.82,4.25,0.23,39,1.01,0.133,98.15,18.01,0.1194,0
user_0012,4,54.2,137.03,4.03,4.27,0.22,39,1.0,0.1332,98.0,17.95,0.1181,0
user_0012,5,54.2,136.98,4.05,4.25,0.22,40,1.0,0.1325,98.24,18.01,0.1196,0
user_0012,6,54.53,137.21,3.86,4.27,0.21,40,1.0,0.1322,98.21,18.01,0.1173,0
user_0012,7,54.47,137.0,4.11,4.26,0.23,40,1.0,0.1323,98.19,17.83,0.1189,0
user_0012,8,54.12,136.81,3.93,4.28,0.22,40,1.0,0.1347,98.16,18.02,0.1184,0
user_0012,9,54.51,137.4,4.0,4.25,0.2,39,0.99,0.1317,98.19,17.99,0.1213,0
user_0012,10,54.28,136.99,4.08,4.21,0.2,40,1.0,0.1328,98.06,18.02,0.1182,0
user_0012,11,54.35,136.81,3.99,4.31,0.21,39,1.0,0.1333,98.2,18.03,0.1193,0
user_0012,12,54.31,137.12,3.98,4.22,0.24,40,1.0,0.1334,98.02,17.95,0.1175,0
user_0012,13,54.33,136.7,4.03,4.28,0.21,40,1.0,0.1338,98.09,18.08,0.1172,0
user_0012,14,46.19,156.82,8.52,5.78,1.12,57,0.84,0.2531,90.73,23.27,0.2186,1
user_0012,15,46.24,157.18,8.48,5.79,1.11,57,0.85,0.2535,90.77,22.96,0.2203,1
user_0012,16,46.09,156.69,8.6,5.76,1.13,58,0.85,0.2511,90.65,23.14,0.2191,1
user_0012,17,46.44,157.26,8.42,5.78,1.11,57,0.86,0.254,90.59,23.01,0.219,1
user_0012,18,46.59,157.11,8.67,5.73,1.12,57,0.85,0.2523,90.58,23.17,0.2204,1
user_0012,19,46.4,156.98,8.45,5.78,1.12,57,0.85,0.2544,90.64,22.92,0.2177,1
user_0012,20,34.38,187.64,15.17,8.04,2.46,84,0.63,0.4327,79.43,30.52,0.3683,3
user_0012,21,34.47,187.08,15.15,7.99,2.44,85,0.63,0.4315,79.46,30.54,0.3683,3
user_0012,22,34.57,187.03,15.4,7.97,2.46,84,0.62,0.4341,79.75,30.55,0.369,3
user_0012,23,34.18,186.63,15.34,8.0,2.49,85,0.63,0.4336,79.45,30.43,0.3673,3
user_0012,24,34.26,187.09,15.2,7.98,2.46,85,0.63,0.4333,79.46,30.39,0.3682,3
user_0012,25,34.39,186.85,15.26,7.98,2.45,85,0.63,0.4321,79.25,30.28,0.3709,3
user_0012,26,34.36,186.95,15.22,7.96,2.47,85,0.62,0.4366,79.39,30.67,0.3693,3
user_0012,27,34.39,187.56,15.31,8.02,2.45,84,0.63,0.4353,79.42,30.44,0.3672,3
user_0012,28,34.22,187.13,15.19,7.99,2.47,85,0.63,0.4335,79.42,30.56,0.3689,3
user_0012,29,34.28,187.28,15.23,7.98,2.48,84,0.63,0.4338,79.31,30.5,0.3686,3
user_0012,30,34.46,187.3,15.28,8.03,2.47,85,0.63,0.4323,79.49,30.57,0.3687,3
user_0012,31,34.29,187.4,15.25,8.02,2.48,85,0.62,0.4327,79.41,30.51,0.3694,3
user_0012,32,34.27,186.78,15.38,8.03,2.46,85,0.63,0.4319,79.43,30.36,0.3689,3
user_0012,33,34.43,186.82,15.24,8.03,2.47,84,0.63,0.4339,79.42,30.61,0.3684,3
user_0012,34,34.4,186.81,15.13,8.03,2.47,84,0.62,0.4343,79.25,30.6,0.3695,3
user_0012,35,34.12,187.13,15.45,8.04,2.46,85,0.62,0.431,79.4,30.56,0.3698,3
user_0012,36,34.46,187.22,15.13,8.01,2.48,85,0.63,0.4336,79.44,30.3,0.3702,3
user_0012,37,34.32,187.28,15.08,8.05,2.45,85,0.64,0.4311,79.49,30.4,0.3684,3
user_0012,38,34.25,187.21,15.27,7.98,2.47,84,0.62,0.4324,79.57,30.46,0.3672,3
user_0012,39,34.46,186.87,15.27,8.01,2.48,84,0.62,0.4324,79.28,30.48,0.3708,3
user_0012,40,28.93,201.61,18.44,9.07,3.09,97,0.52,0.5182,74.04,34.01,0.4374,4
user_0012,41,28.79,201.27,18.28,9.03,3.08,97,0.51,0.5191,74.2,34.06,0.4374,4
user_0012,42,28.93,201.26,18.35,9.02,3.1,97,0.52,0.516,74.23,33.74,0.4404,4
user_0012,43,28.89,201.15,18.39,9.09,3.1,97,0.53,0.5202,74.06,34.04,0.4379,4
user_0012,44,28.82,200.9,18.49,9.06,3.1,98,0.52,0.5181,74.09,34.12,0.4408,4
user_0012,45,28.7,200.55,18.35,9.12,3.09,98,0.52,0.5161,74.23,34.07,0.4399,4
user_0012,46,28.74,201.36,18.47,9.09,3.09,97,0.52,0.5168,74.14,33.9,0.4373,4
user_0012,47,28.92,200.92,18.38,9.04,3.09,97,0.53,0.5162,74.33,34.11,0.4385,4
user_0012,48,28.79,201.23,18.46,9.09,3.1,97,0.52,0.5167,73.88,34.04,0.4383,4
user_0012,49,28.67,201.1,18.28,9.07,3.09,97,0.52,0.5145,74.16,34.05,0.4393,4
user_0012,50,28.86,201.39,18.39,9.09,3.1,97,0.52,0.5175,74.26,34.0,0.4383,4
user_0012,51,28.96,200.74,18.35,9.08,3.11,97,0.52,0.5166,74.21,34.01,0.4383,4
user_0012,52,28.69,200.88,18.4,9.07,3.11,97,0.52,0.5189,74.34,34.05,0.4388,4
user_0012,53,28.67,200.64,18.33,9.06,3.09,97,0.52,0.516,74.19,34.25,0.4387,4
user_0012,54,28.76,201.31,18.36,9.09,3.08,97,0.52,0.5173,73.96,34.14,0.4394,4
user_0012,55,28.91,201.5,18.34,9.0,3.11,97,0.51,0.5179,74.4,33.99,0.44,4
user_0012,56,28.59,200.68,18.47,9.08,3.09,98,0.51,0.5152,74.1,33.96,0.4405,4
user_0012,57,28.75,201.05,18.3,9.09,3.09,97,0.52,0.5173,74.08,34.07,0.4387,4
user_0012,58,28.9,201.22,18.53,9.05,3.1,97,0.53,0.5182,74.13,33.97,0.4388,4
user_0012,59,29.02,201.32,18.37,9.03,3.11,97,0.52,0.5169,74.13,34.17,0.4408,4
user_0013,0,65.11,125.0,3.97,4.21,0.17,40,1.0,0.078,96.18,18.01,0.1565,0
user_0013,1,65.25,124.92,4.02,4.16,0.18,40,1.0,0.0812,96.31,18.05,0.1581,0
user_0013,2,65.12,124.92,4.18,4.15,0.16,39,1.01,0.0795,96.15,18.06,0.16,0
user_0013,3,65.22,124.75,4.03,4.22,0.15,39,1.0,0.0787,96.26,18.11,0.1588,0
user_0013,4,65.22,124.74,4.04,4.17,0.16,40,1.0,0.0809,96.28,17.96,0.1614,0
user_0013,5,65.26,124.8,3.98,4.18,0.16,40,0.99,0.0781,96.23,18.02,0.158,0
user_0013,6,65.34,124.33,3.94,4.23,0.16,40,1.01,0.0794,96.28,17.97,0.1563,0
user_0013,7,65.07,124.92,4.04,4.2,0.16,39,1.01,0.0797,96.32,18.02,0.1597,0
user_0013,8,65.27,124.37,3.91,4.2,0.16,39,1.01,0.0807,96.3,18.08,0.1578,0
user_0013,9,65.36,124.5,4.05,4.22,0.15,39,1.01,0.0821,96.28,17.93,0.1592,0
user_0013,10,65.3,124.41,3.91,4.19,0.17,39,1.0,0.0793,96.08,17.96,0.1583,0
user_0013,11,65.08,124.41,3.86,4.18,0.17,40,1.01,0.0792,96.18,18.05,0.1588,0
user_0013,12,65.18,124.19,3.93,4.19,0.17,40,1.0,0.0809,96.3,18.07,0.1585,0
user_0013,13,65.13,124.63,4.01,4.2,0.17,40,1.01,0.0808,96.23,18.09,0.1568,0
user_0013,14,55.36,148.78,9.44,5.96,1.24,61,0.82,0.2258,87.36,24.0,0.2777,1
user_0013,15,55.32,149.05,9.44,5.97,1.25,61,0.82,0.2251,87.22,23.97,0.2783,1
user_0013,16,55.45,148.87,9.54,5.97,1.23,61,0.82,0.2234,87.31,24.01,0.2766,1
user_0013,17,55.25,148.77,9.41,5.98,1.23,61,0.83,0.2248,87.21,24.0,0.2768,1
user_0013,18,55.68,148.72,9.27,5.98,1.25,61,0.82,0.2226,87.35,23.94,0.2761,1
user_0013,19,55.47,148.94,9.37,6.03,1.25,61,0.82,0.2243,87.27,23.97,0.2787,1
user_0013,20,55.38,148.43,9.32,6.04,1.25,61,0.81,0.2253,87.28,24.02,0.2772,2
user_0013,21,55.55,148.59,9.34,6.01,1.23,61,0.82,0.2231,87.21,23.98,0.2785,2
user_0013,22,55.5,148.81,9.53,5.98,1.23,61,0.83,0.225,87.18,23.99,0.2771,2
user_0013,23,55.62,148.36,9.38,5.96,1.24,61,0.82,0.2244,87.19,24.06,0.2782,2
user_0013,24,55.37,149.26,9.44,5.99,1.26,62,0.82,0.2249,87.19,23.99,0.278,2
user_0013,25,55.55,148.78,9.44,5.99,1.23,61,0.82,0.224,87.4,23.88,0.2779,2
user_0013,26,55.66,148.62,9.43,5.99,1.25,61,0.82,0.2221,87.26,24.03,0.2787,2
user_0013,27,55.74,148.6,9.51,5.97,1.26,61,0.82,0.2249,87.29,24.06,0.278,2
user_0013,28,55.47,149.04,9.39,6.01,1.24,62,0.82,0.2235,87.44,23.96,0.2798,2
user_0013,29,55.65,148.66,9.26,5.99,1.24,61,0.83,0.2234,87.37,24.08,0.2793,2
user_0013,30,55.6,148.21,9.39,5.96,1.24,61,0.82,0.2261,87.33,23.87,0.2757,2
user_0013,31,55.54,148.64,9.33,5.95,1.24,61,0.82,0.2247,87.45,23.9,0.2791,2
user_0013,32,55.53,148.87,9.37,6.02,1.25,61,0.82,0.224,87.34,23.88,0.2782,2
user_0013,33,55.58,148.71,9.5,6.01,1.24,61,0.82,0.225,87.11,23.97,0.2767,2
user_0013,34,55.71,148.68,9.39,6.01,1.25,61,0.82,0.2239,87.12,23.93,0.278,2
user_0013,35,55.5,148.33,9.49,5.99,1.24,61,0.82,0.2251,87.26,23.91,0.2788,2
user_0013,36,61.34,134.88,6.32,4.93,0.6,49,0.94,0.1427,92.51,20.38,0.2071,1
user_0013,37,60.87,134.67,6.37,4.94,0.62,49,0.92,0.1435,92.74,20.49,0.2076,1
user_0013,38,61.23,134.61,6.16,4.97,0.63,49,0.92,0.1386,92.55,20.45,0.2079,1
user_0013,39,61.27,134.88,6.35,4.91,0.61,49,0.93,0.1427,92.58,20.68,0.2088,1
user_0013,40,61.28,134.62,6.25,4.96,0.63,49,0.92,0.1425,92.32,20.36,0.2089,1
user_0013,41,61.12,134.85,6.25,4.95,0.6,49,0.93,0.1422,92.74,20.52,0.2085,1
user_0013,42,60.89,134.57,6.24,4.97,0.61,49,0.92,0.1401,92.57,20.46,0.2078,1
user_0013,43,60.87,134.64,6.21,4.93,0.62,49,0.93,0.1419,92.6,20.47,0.2077,1
user_0013,44,61.17,134.84,6.35,4.97,0.61,48,0.93,0.142,92.64,20.49,0.207,1
user_0013,45,60.97,134.77,6.28,4.91,0.61,49,0.92,0.1421,92.5,20.63,0.2077,1
user_0013,46,60.97,134.58,6.24,4.93,0.61,49,0.92,0.1403,92.37,20.54,0.2081,1
user_0013,47,61.36,134.46,6.11,4.95,0.62,48,0.92,0.1427,92.68,20.25,0.2078,1
user_0013,48,61.37,134.58,6.21,4.93,0.6,48,0.93,0.1376,92.57,20.59,0.2068,1
user_0013,49,60.98,135.0,6.29,4.92,0.63,49,0.93,0.1391,92.5,20.53,0.208,1
user_0013,50,61.26,134.32,6.14,4.94,0.61,48,0.92,0.1404,92.54,20.57,0.2083,1
user_0013,51,61.1,134.99,6.15,4.95,0.6,48,0.92,0.1416,92.54,20.5,0.2071,1
user_0013,52,61.08,134.51,6.28,4.91,0.63,48,0.92,0.1429,92.5,20.37,0.2084,1
user_0013,53,61.05,134.49,6.17,5.01,0.61,48,0.93,0.1413,92.47,20.41,0.2089,1
user_0013,54,61.08,134.22,6.38,4.93,0.63,49,0.92,0.142,92.48,20.31,0.2078,1
user_0013,55,61.18,134.58,6.23,4.97,0.61,48,0.93,0.1407,92.29,20.54,0.2086,1
user_0013,56,61.12,134.92,6.2,4.95,0.6,49,0.93,0.1389,92.47,20.43,0.2083,1
user_0013,57,60.96,134.8,6.31,4.95,0.6,49,0.93,0.1417,92.58,20.52,0.2092,1
user_0013,58,61.41,134.46,6.33,4.94,0.61,48,0.92,0.1389,92.5,20.39,0.2078,1
user_0013,59,61.06,134.72,6.13,4.9,0.62,48,0.93,0.1407,92.6,20.64,0.2079,1
user_0014,0,55.41,123.77,3.93,4.4,0.28,40,1.0,0.127,93.67,18.04,0.1225,0
user_0014,1,55.42,123.46,4.09,4.39,0.28,40,1.0,0.1276,93.41,17.9,0.1221,0
user_0014,2,55.47,124.19,3.92,4.41,0.29,39,1.0,0.1274,93.53,18.05,0.1192,0
user_0014,3,55.65,123.48,3.84,4.41,0.28,39,1.0,0.1288,93.74,17.93,0.1218,0
user_0014,4,55.51,123.06,3.94,4.38,0.29,40,1.0,0.1274,93.56,18.0,0.1206,0
user_0014,5,55.52,123.45,3.94,4.41,0.28,39,1.0,0.127,93.49,17.98,0.1201,0
user_0014,6,55.4,123.63,3.96,4.39,0.29,40,0.99,0.1292,93.63,18.05,0.1219,0
user_0014,7,55.41,123.87,3.97,4.43,0.28,39,1.01,0.1276,93.55,17.96,0.1206,0
user_0014,8,55.44,123.47,3.88,4.38,0.29,39,1.01,0.1277,93.66,17.93,0.1205,0
user_0014,9,55.41,123.68,3.98,4.39,0.27,40,1.0,0.1269,93.61,17.98,0.1221,0
user_0014,10,55.21,123.69,3.98,4.41,0.3,39,1.0,0.1276,93.68,18.08,0.1206,0
user_0014,11,55.34,123.84,3.95,4.41,0.28,40,1.0,0.1268,93.69,18.02,0.1209,0
user_0014,12,55.47,123.3,4.16,4.41,0.26,40,1.0,0.1294,93.59,17.84,0.1212,0
user_0014,13,55.43,124.0,4.04,4.38,0.29,39,1.01,0.1273,93.55,17.92,0.1205,0
user_0014,14,45.69,148.01,9.3,6.23,1.37,61,0.82,0.2703,84.56,24.06,0.2411,1
user_0014,15,45.86,148.06,9.44,6.21,1.34,61,0.82,0.2689,84.46,23.97,0.2409,1
user_0014,16,45.88,147.67,9.42,6.2,1.36,61,0.83,0.2711,84.59,24.09,0.2395,1
user_0014,17,46.1,148.01,9.27,6.22,1.36,61,0.82,0.2734,84.53,23.95,0.2414,1
user_0014,18,45.89,147.47,9.53,6.19,1.37,61,0.82,0.2709,84.4,24.0,0.241,1
user_0014,19,45.66,147.95,9.4,6.19,1.37,61,0.82,0.2737,84.8,23.89,0.2408,1
user_0014,20,45.85,148.29,9.34,6.18,1.35,61,0.82,0.2706,84.6,24.03,0.2421,2
user_0014,21,45.82,147.78,9.39,6.18,1.36,61,0.82,0.2695,84.46,24.0,0.2419,2
user_0014,22,46.06,147.67,9.35,6.2,1.35,61,0.83,0.2708,84.46,24.1,0.2413,2
user_0014,23,45.85,148.11,9.3,6.17,1.36,61,0.82,0.2755,84.54,23.94,0.2411,2
user_0014,24,45.95,147.54,9.39,6.23,1.37,61,0.83,0.2748,84.43,23.83,0.2418,2
user_0014,25,46.01,147.66,9.36,6.19,1.35,61,0.82,0.2723,84.39,24.1,0.2416,2
user_0014,26,45.6,147.78,9.4,6.2,1.33,61,0.82,0.271,84.55,24.15,0.2409,2
user_0014,27,45.49,147.67,9.41,6.19,1.37,61,0.82,0.2696,84.55,24.07,0.2408,2
user_0014,28,45.77,147.72,9.41,6.22,1.37,61,0.82,0.2693,84.66,24.13,0.2434,2
user_0014,29,46.02,147.59,9.41,6.2,1.36,61,0.83,0.2694,84.48,24.12,0.2424,2
user_0014,30,45.71,148.13,9.47,6.2,1.34,61,0.82,0.273,84.65,23.95,0.2408,2
user_0014,31,45.8,147.66,9.41,6.21,1.34,61,0.82,0.2733,84.49,24.02,0.2415,2
user_0014,32,45.78,147.28,9.48,6.23,1.36,61,0.81,0.273,84.72,23.89,0.2423,2
user_0014,33,45.97,147.43,9.37,6.17,1.36,61,0.81,0.2724,84.64,24.07,0.2414,2
user_0014,34,45.62,147.69,9.43,6.24,1.36,61,0.82,0.2701,84.45,23.96,0.243,2
user_0014,35,45.74,147.81,9.44,6.18,1.36,61,0.82,0.2688,84.63,23.94,0.2405,2
user_0014,36,51.46,134.1,6.23,5.19,0.72,49,0.92,0.1883,89.8,20.37,0.1701,1
user_0014,37,51.16,133.39,6.29,5.15,0.73,49,0.92,0.1888,89.83,20.78,0.168,1
user_0014,38,51.3,133.88,6.19,5.17,0.73,49,0.92,0.1881,89.87,20.51,0.1711,1
user_0014,39,51.58,133.3,6.26,5.13,0.74,48,0.91,0.189,89.8,20.54,0.1724,1
user_0014,40,51.46,133.76,6.25,5.13,0.73,49,0.92,0.1876,89.95,20.35,0.1716,1
user_0014,41,51.17,133.82,6.25,5.17,0.72,48,0.93,0.1871,89.9,20.52,0.1705,1
user_0014,42,51.36,133.72,6.23,5.18,0.73,48,0.93,0.1872,89.77,20.25,0.1699,1
user_0014,43,51.28,133.58,6.2,5.18,0.72,48,0.93,0.1862,89.98,20.58,0.1698,1
user_0014,44,51.56,134.02,6.16,5.13,0.73,48,0.92,0.1872,89.88,20.51,0.1708,1
user_0014,45,51.33,133.39,6.29,5.17,0.73,48,0.93,0.1882,89.87,20.54,0.1698,1
user_0014,46,51.63,133.62,6.31,5.19,0.73,48,0.91,0.1878,89.85,20.44,0.1711,1
user_0014,47,51.47,133.97,6.23,5.16,0.73,49,0.92,0.1871,89.78,20.52,0.1701,1
user_0014,48,51.34,134.17,6.32,5.13,0.74,49,0.92,0.1868,89.74,20.52,0.1701,1
user_0014,49,51.57,134.06,6.25,5.19,0.73,48,0.93,0.1902,90.02,20.53,0.1718,1
user_0014,50,51.45,134.07,6.28,5.18,0.72,48,0.93,0.1889,89.92,20.51,0.1703,1
user_0014,51,51.4,133.73,6.27,5.13,0.73,48,0.91,0.1891,89.84,20.53,0.1705,1
user_0014,52,51.49,133.51,6.2,5.17,0.73,48,0.93,0.1867,89.81,20.67,0.1689,1
user_0014,53,51.15,133.83,6.06,5.11,0.74,48,0.94,0.1863,89.79,20.55,0.1715,1
user_0014,54,51.37,133.55,6.27,5.19,0.74,48,0.92,0.1868,89.7,20.51,0.1718,1
user_0014,55,51.39,134.15,6.38,5.17,0.74,48,0.92,0.1897,89.77,20.65,0.1721,1
user_0014,56,51.52,133.42,6.23,5.17,0.72,48,0.93,0.187,89.74,20.32,0.1706,1
user_0014,57,51.52,133.5,6.25,5.15,0.72,49,0.93,0.1893,89.76,20.7,0.172,1
user_0014,58,51.34,133.52,6.33,5.16,0.72,48,0.92,0.1866,89.93,20.58,0.1718,1
user_0014,59,51.53,133.49,6.2,5.19,0.73,48,0.93,0.1888,89.88,20.41,0.1729,1
user_0015,0,47.74,116.09,4.06,5.41,0.36,39,0.99,0.116,91.86,17.97,0.131,0
user_0015,1,48.29,116.14,3.98,5.38,0.36,39,1.0,0.1174,91.91,18.05,0.1308,0
user_0015,2,47.73,116.27,3.95,5.36,0.35,40,1.0,0.1142,91.94,17.86,0.1306,0
user_0015,3,48.03,116.33,4.13,5.36,0.36,39,1.0,0.117,91.86,17.96,0.1293,0
user_0015,4,48.14,116.22,4.07,5.38,0.35,39,1.0,0.1152,92.08,17.87,0.1307,0
user_0015,5,48.23,116.26,4.01,5.37,0.35,40,1.01,0.1161,91.78,17.75,0.1294,0
user_0015,6,47.98,116.51,4.05,5.4,0.36,39,1.01,0.117,91.68,17.93,0.1296,0
user_0015,7,47.91,116.25,3.99,5.39,0.37,39,1.01,0.1157,91.9,17.97,0.1305,0
user_0015,8,48.06,116.22,3.94,5.36,0.38,39,1.0,0.1143,91.87,17.99,0.1309,0
user_0015,9,47.59,116.15,3.91,5.4,0.35,39,1.0,0.1151,91.85,17.88,0.1286,0
user_0015,10,48.15,115.78,3.99,5.41,0.35,39,1.0,0.1184,91.78,17.98,0.1287,0
user_0015,11,47.94,116.12,3.94,5.38,0.35,40,1.01,0.1151,91.83,18.05,0.1316,0
user_0015,12,47.77,116.07,4.02,5.39,0.33,40,1.01,0.1169,91.79,17.95,0.1322,0
user_0015,13,48.13,116.27,4.03,5.37,0.36,39,1.0,0.119,92.01,17.86,0.1306,0
user_0015,14,40.11,136.26,8.45,6.96,1.25,57,0.85,0.2399,84.31,22.97,0.2315,1
user_0015,15,39.99,136.03,8.54,6.9,1.27,58,0.85,0.2372,84.42,23.05,0.2305,1
user_0015,16,40.0,136.41,8.61,6.85,1.26,57,0.85,0.2373,84.46,22.99,0.2285,1
user_0015,17,39.85,136.33,8.29,6.92,1.26,58,0.85,0.2336,84.44,23.13,0.2313,1
user_0015,18,39.9,136.13,8.46,6.87,1.27,57,0.85,0.2351,84.24,23.01,0.2316,1
user_0015,19,39.97,135.73,8.56,6.93,1.25,57,0.85,0.2392,84.34,22.87,0.231,1
user_0015,20,28.12,166.11,15.21,9.16,2.61,84,0.63,0.4147,73.21,30.47,0.38,3
user_0015,21,27.99,166.12,15.32,9.15,2.61,85,0.63,0.4161,73.13,30.49,0.3809,3
user_0015,22,27.94,166.01,15.4,9.16,2.6,85,0.63,0.4173,73.16,30.62,0.3808,3
user_0015,23,27.99,166.37,15.27,9.14,2.61,84,0.63,0.4158,73.07,30.4,0.379,3
user_0015,24,27.86,166.07,15.26,9.13,2.59,85,0.63,0.4174,73.33,30.4,0.3823,3
user_0015,25,27.85,166.17,15.15,9.14,2.61,84,0.63,0.4169,73.09,30.44,0.3812,3
user_0015,26,27.9,166.34,15.34,9.1,2.62,85,0.63,0.4176,73.25,30.47,0.3806,3
user_0015,27,27.8,166.14,15.29,9.15,2.62,84,0.62,0.4196,73.13,30.52,0.3803,3
user_0015,28,27.87,166.51,15.21,9.11,2.6,84,0.62,0.4153,73.21,30.43,0.3813,3
user_0015,29,28.21,166.3,15.23,9.14,2.59,84,0.62,0.4178,73.4,30.55,0.3784,3
user_0015,30,27.94,166.14,15.26,9.12,2.61,84,0.62,0.4177,73.04,30.55,0.379,3
user_0015,31,28.26,165.92,15.23,9.15,2.6,85,0.63,0.4182,73.22,30.48,0.3803,3
user_0015,32,28.35,166.35,15.18,9.14,2.61,84,0.62,0.4161,73.32,30.56,0.3779,3
user_0015,33,28.18,166.38,15.22,9.16,2.6,84,0.63,0.4163,72.96,30.49,0.3803,3
user_0015,34,28.17,166.11,15.22,9.17,2.61,84,0.63,0.417,73.14,30.52,0.3793,3
user_0015,35,27.92,166.11,15.24,9.17,2.61,85,0.63,0.4183,73.18,30.5,0.3804,3
user_0015,36,27.85,166.24,15.25,9.13,2.62,84,0.62,0.4183,73.18,30.5,0.3807,3
user_0015,37,28.02,165.73,15.22,9.18,2.6,84,0.62,0.4166,73.09,30.55,0.3806,3
user_0015,38,28.11,165.85,15.22,9.13,2.61,84,0.63,0.4185,73.04,30.45,0.3799,3
user_0015,39,28.39,166.0,15.38,9.11,2.6,84,0.62,0.4163,73.07,30.42,0.3816,3
user_0015,40,22.58,180.35,18.44,10.19,3.23,97,0.52,0.499,67.79,34.12,0.4523,4
user_0015,41,22.45,180.39,18.38,10.16,3.25,97,0.52,0.5004,67.99,33.9,0.4496,4
user_0015,42,22.24,180.13,18.32,10.17,3.23,97,0.51,0.5009,68.02,34.01,0.452,4
user_0015,43,22.6,180.3,18.41,10.19,3.25,97,0.51,0.5015,67.78,33.9,0.4504,4
user_0015,44,22.38,179.76,18.41,10.21,3.23,97,0.51,0.5039,67.85,34.01,0.4485,4
user_0015,45,22.39,180.17,18.39,10.18,3.23,97,0.52,0.503,67.84,33.96,0.4512,4
user_0015,46,22.15,179.81,18.48,10.16,3.22,98,0.51,0.501,67.9,33.72,0.4501,4
user_0015,47,22.46,180.2,18.47,10.18,3.25,97,0.51,0.4988,67.75,34.1,0.4489,4
user_0015,48,22.44,180.04,18.39,10.22,3.23,97,0.52,0.5005,68.12,33.86,0.4517,4
user_0015,49,22.49,179.99,18.52,10.14,3.23,97,0.52,0.4991,67.94,33.98,0.4499,4
user_0015,50,22.45,180.04,18.32,10.26,3.23,97,0.52,0.4988,67.98,34.03,0.4508,4
user_0015,51,22.34,180.04,18.37,10.19,3.25,97,0.52,0.5015,67.98,34.03,0.4508,4
user_0015,52,22.57,179.94,18.34,10.16,3.24,97,0.52,0.5006,68.01,33.93,0.4502,4
user_0015,53,22.56,180.45,18.35,10.19,3.24,97,0.52,0.5026,67.7,33.96,0.4509,4
user_0015,54,22.46,180.45,18.49,10.18,3.25,97,0.52,0.5034,68.02,34.01,0.4501,4
user_0015,55,22.17,180.19,18.32,10.17,3.23,97,0.52,0.5011,67.83,34.11,0.4502,4
user_0015,56,22.28,180.17,18.55,10.2,3.24,97,0.52,0.5011,67.85,33.83,0.4496,4
user_0015,57,22.61,180.47,18.33,10.21,3.23,97,0.52,0.5021,67.72,34.07,0.4504,4
user_0015,58,22.52,180.34,18.4,10.17,3.25,97,0.52,0.4993,67.75,33.95,0.4515,4
user_0015,59,22.42,179.98,18.46,10.17,3.24,97,0.52,0.4984,67.81,33.84,0.4502,4
user_0016,0,69.53,110.23,4.01,3.58,0.38,40,1.0,0.1223,93.76,17.88,0.1401,0
user_0016,1,69.65,109.99,3.94,3.59,0.4,39,0.99,0.1232,93.68,17.96,0.1411,0
user_0016,2,69.68,109.93,4.01,3.65,0.4,39,1.01,0.1221,93.82,17.91,0.141,0
user_0016,3,69.65,109.85,3.94,3.62,0.38,39,1.0,0.1212,93.81,18.1,0.1419,0
user_0016,4,69.37,109.91,3.89,3.58,0.39,39,0.99,0.1198,93.9,18.15,0.1385,0
user_0016,5,69.64,110.13,4.0,3.56,0.38,40,1.0,0.1213,93.82,17.95,0.1414,0
user_0016,6,69.62,109.69,4.17,3.59,0.36,40,1.01,0.1221,93.89,18.22,0.1396,0
user_0016,7,69.71,110.44,4.16,3.58,0.41,40,1.01,0.1225,93.85,18.22,0.14,0
user_0016,8,69.98,110.46,4.1,3.59,0.39,39,1.0,0.1223,93.68,17.97,0.1425,0
user_0016,9,69.67,110.2,4.04,3.58,0.39,40,0.99,0.1228,93.81,18.1,0.1409,0
user_0016,10,69.67,109.99,4.02,3.63,0.39,40,0.99,0.1213,93.97,18.04,0.1395,0
user_0016,11,69.55,109.76,4.07,3.61,0.35,39,1.0,0.1199,93.78,18.13,0.141,0
user_0016,12,69.62,109.9,3.98,3.6,0.37,39,1.01,0.1213,93.74,17.92,0.1413,0
user_0016,13,69.61,110.07,3.95,3.56,0.39,39,1.0,0.1227,93.79,18.03,0.1402,0
user_0016,14,60.19,134.0,9.35,5.37,1.47,61,0.82,0.264,84.74,23.93,0.2599,1
user_0016,15,59.82,134.14,9.37,5.4,1.46,61,0.82,0.2653,84.74,24.0,0.262,1
user_0016,16,60.17,134.02,9.3,5.41,1.47,61,0.82,0.2652,84.89,24.14,0.2609,1
user_0016,17,59.95,133.72,9.45,5.37,1.47,61,0.81,0.2666,84.89,23.86,0.261,1
user_0016,18,60.14,134.15,9.41,5.43,1.47,61,0.82,0.264,84.72,24.02,0.2603,1
user_0016,19,60.14,133.64,9.34,5.37,1.49,61,0.82,0.2653,84.98,23.84,0.2605,1
user_0016,20,59.85,133.35,9.34,5.4,1.46,61,0.82,0.2652,84.95,23.94,0.2609,2
user_0016,21,59.82,133.97,9.38,5.36,1.47,61,0.83,0.2617,84.85,24.0,0.2603,2
user_0016,22,60.01,133.96,9.48,5.35,1.46,61,0.81,0.2659,84.88,24.11,0.2611,2
user_0016,23,60.19,133.59,9.51,5.39,1.48,61,0.82,0.2668,84.83,23.92,0.2619,2
user_0016,24,59.92,133.94,9.45,5.44,1.46,61,0.82,0.2657,84.88,24.11,0.2613,2
user_0016,25,60.02,134.15,9.41,5.41,1.48,62,0.82,0.2646,84.87,24.12,0.2606,2
user_0016,26,60.28,134.12,9.38,5.41,1.46,61,0.81,0.2653,84.92,24.08,0.2612,2
user_0016,27,60.13,133.99,9.3,5.39,1.47,61,0.81,0.2671,84.83,24.02,0.2611,2
user_0016,28,59.94,133.84,9.51,5.38,1.46,61,0.82,0.267,84.58,23.95,0.2608,2
user_0016,29,60.35,133.66,9.3,5.37,1.47,61,0.81,0.2655,84.98,24.03,0.2607,2
user_0016,30,60.13,134.05,9.3,5.39,1.47,61,0.82,0.2644,84.79,23.87,0.2609,2
user_0016,31,60.23,133.86,9.46,5.39,1.44,61,0.82,0.2655,84.85,23.93,0.262,2
user_0016,32,60.08,133.9,9.46,5.39,1.49,61,0.82,0.2642,84.91,24.03,0.2602,2
user_0016,33,59.96,133.62,9.43,5.36,1.48,61,0.82,0.264,84.83,24.0,0.261,2
user_0016,34,59.86,133.75,9.47,5.41,1.44,61,0.81,0.2645,84.8,24.16,0.2595,2
user_0016,35,59.88,134.06,9.4,5.42,1.46,61,0.82,0.2662,84.99,23.98,0.2616,2
user_0016,36,65.6,120.0,6.14,4.33,0.83,49,0.93,0.1808,90.0,20.37,0.1908,1
user_0016,37,65.6,119.81,6.37,4.33,0.84,49,0.92,0.1786,90.12,20.67,0.1909,1
user_0016,38,65.79,119.72,6.33,4.37,0.83,49,0.92,0.1825,90.02,20.38,0.1909,1
user_0016,39,65.43,120.03,6.17,4.31,0.84,48,0.93,0.1794,90.21,20.39,0.1915,1
user_0016,40,65.86,120.03,6.19,4.3,0.82,49,0.92,0.1797,89.96,20.52,0.1901,1
user_0016,41,65.4,120.16,6.28,4.39,0.85,48,0.93,0.1832,90.0,20.46,0.191,1
user_0016,42,65.54,119.88,6.33,4.35,0.83,49,0.93,0.1818,90.02,20.5,0.1898,1
user_0016,43,65.4,119.88,6.24,4.34,0.85,48,0.92,0.1825,90.0,20.52,0.1901,1
user_0016,44,65.65,120.14,6.22,4.36,0.82,48,0.91,0.1796,90.26,20.5,0.1898,1
user_0016,45,65.81,120.18,6.16,4.4,0.84,49,0.93,0.1821,90.01,20.71,0.1903,1
user_0016,46,65.84,119.83,6.2,4.39,0.84,48,0.93,0.1853,90.29,20.63,0.1934,1
user_0016,47,65.55,120.11,6.26,4.3,0.84,48,0.93,0.1808,90.03,20.65,0.1905,1
user_0016,48,65.87,120.05,6.28,4.34,0.84,48,0.92,0.1812,90.2,20.55,0.1913,1
user_0016,49,65.69,119.46,6.16,4.33,0.83,48,0.92,0.1806,90.22,20.49,0.1915,1
user_0016,50,65.72,120.3,6.33,4.33,0.86,48,0.93,0.1819,90.12,20.58,0.1898,1
user_0016,51,65.8,120.09,6.25,4.34,0.83,49,0.92,0.1817,90.06,20.37,0.1896,1
user_0016,52,65.75,119.81,6.21,4.32,0.83,49,0.92,0.1836,90.04,20.43,0.1909,1
user_0016,53,65.7,119.9,6.27,4.34,0.84,49,0.92,0.18,89.99,20.39,0.1906,1
user_0016,54,65.77,119.45,6.21,4.33,0.83,48,0.92,0.18,90.04,20.33,0.1902,1
user_0016,55,65.58,119.88,6.27,4.34,0.85,48,0.93,0.1831,90.1,20.5,0.191,1
user_0016,56,65.74,120.2,6.31,4.36,0.84,49,0.93,0.1796,90.18,20.33,0.1913,1
user_0016,57,65.73,119.87,6.28,4.35,0.82,49,0.93,0.1848,90.15,20.5,0.1899,1
user_0016,58,65.67,119.98,6.36,4.37,0.84,49,0.91,0.1821,90.2,20.55,0.1892,1
user_0016,59,65.9,120.14,6.28,4.34,0.86,49,0.92,0.1802,90.15,20.6,0.1906,1
user_0017,0,55.57,128.24,3.92,3.25,0.5,40,1.0,0.0854,91.49,18.0,0.0841,0
user_0017,1,55.32,128.25,3.99,3.31,0.5,40,1.0,0.0832,91.48,18.05,0.0831,0
user_0017,2,55.41,128.13,4.01,3.27,0.5,39,1.0,0.0842,91.38,17.89,0.0859,0
user_0017,3,55.62,128.11,4.11,3.28,0.51,39,0.99,0.0859,91.47,18.0,0.0848,0
user_0017,4,55.53,128.17,3.98,3.31,0.5,40,1.0,0.0848,91.33,17.96,0.0822,0
user_0017,5,55.45,128.28,4.04,3.28,0.5,39,1.0,0.0828,91.32,17.98,0.0868,0
user_0017,6,55.59,128.31,4.0,3.27,0.49,40,0.99,0.0862,91.4,18.08,0.0865,0
user_0017,7,55.29,128.16,3.94,3.24,0.49,40,1.0,0.0882,91.53,17.93,0.0851,0
user_0017,8,55.63,128.41,3.96,3.25,0.53,39,1.0,0.0855,91.42,18.01,0.0868,0
user_0017,9,55.52,128.01,3.99,3.28,0.51,40,1.0,0.0834,91.32,18.0,0.0858,0
user_0017,10,55.48,128.18,3.96,3.29,0.47,39,1.0,0.0871,91.36,18.02,0.0857,0
user_0017,11,55.73,128.62,4.0,3.28,0.49,39,1.0,0.0861,91.49,18.06,0.0867,0
user_0017,12,55.82,128.33,4.08,3.28,0.51,40,1.01,0.0855,91.38,17.86,0.0854,0
user_0017,13,55.77,128.22,4.06,3.31,0.49,40,0.99,0.0835,91.35,17.92,0.0858,0
user_0017,14,55.58,128.4,4.04,3.27,0.48,40,1.0,0.083,91.54,18.14,0.087,0
user_0017,15,55.57,128.46,4.1,3.27,0.51,40,1.0,0.0856,91.57,18.02,0.084,0
user_0017,16,55.76,128.06,4.09,3.29,0.51,40,1.0,0.0861,91.49,17.8,0.0856,0
user_0017,17,55.37,128.34,3.91,3.26,0.51,40,1.0,0.0856,91.42,18.06,0.0848,0
user_0017,18,55.69,128.24,3.97,3.29,0.49,40,1.0,0.086,91.57,17.93,0.0854,0
user_0017,19,55.61,128.19,4.03,3.3,0.51,39,1.0,0.0848,91.35,18.06,0.0843,0
user_0017,20,55.89,128.62,4.0,3.31,0.48,40,1.0,0.0851,91.26,18.05,0.0844,0
user_0017,21,55.55,128.16,3.92,3.27,0.5,39,1.0,0.0863,91.7,18.05,0.0846,0
user_0017,22,55.48,128.31,3.97,3.31,0.5,40,1.0,0.0873,91.43,17.9,0.0877,0
user_0017,23,55.26,128.12,3.95,3.35,0.52,40,1.0,0.0889,91.48,18.1,0.0857,0
user_0017,24,55.53,128.24,3.98,3.31,0.5,39,1.01,0.0809,91.49,18.07,0.0866,0
user_0017,25,55.53,128.35,4.07,3.33,0.49,40,1.01,0.0821,91.37,18.15,0.0866,0
user_0017,26,55.62,128.19,3.93,3.28,0.51,39,1.0,0.0842,91.53,17.95,0.0854,0
user_0017,27,55.29,127.9,4.0,3.26,0.52,39,1.0,0.0853,91.41,17.89,0.0845,0
user_0017,28,55.39,128.23,4.15,3.29,0.51,40,1.01,0.0811,91.41,18.13,0.0849,0
user_0017,29,55.8,128.67,3.96,3.28,0.49,39,0.99,0.086,91.3,18.06,0.0861,0
user_0017,30,55.29,128.69,4.04,3.31,0.49,40,1.01,0.0852,91.64,18.0,0.0866,0
user_0017,31,55.58,128.45,3.87,3.3,0.49,39,1.01,0.085,91.34,17.96,0.0842,0
user_0017,32,55.75,128.13,4.04,3.32,0.49,40,0.99,0.089,91.54,17.98,0.0847,0
user_0017,33,55.52,128.22,4.15,3.26,0.5,39,1.0,0.0851,91.43,18.09,0.0861,0
user_0017,34,55.6,127.54,4.02,3.25,0.5,40,1.0,0.0849,91.38,18.12,0.0856,0
user_0017,35,55.8,128.4,4.02,3.29,0.51,39,1.0,0.0852,91.52,17.98,0.0845,0
user_0017,36,55.54,128.03,3.86,3.31,0.5,40,1.01,0.0843,91.3,17.99,0.0851,0
user_0017,37,55.41,128.28,3.95,3.24,0.49,39,1.0,0.0843,91.55,18.16,0.0862,0
user_0017,38,55.31,128.68,4.12,3.29,0.51,39,0.99,0.0842,91.62,17.85,0.0855,0
user_0017,39,55.54,128.17,3.97,3.29,0.49,39,1.0,0.0869,91.53,17.92,0.0842,0
user_0017,40,55.5,128.69,4.05,3.31,0.51,40,1.0,0.0863,91.39,17.86,0.0862,0
user_0017,41,55.72,128.02,4.06,3.33,0.5,39,1.0,0.0845,91.38,18.04,0.0839,0
user_0017,42,55.32,128.31,4.0,3.3,0.52,40,1.0,0.0838,91.52,17.95,0.0856,0
user_0017,43,55.52,128.56,3.9,3.23,0.49,40,1.0,0.0872,91.49,17.94,0.0832,0
user_0017,44,55.5,128.56,3.97,3.29,0.5,39,1.0,0.0878,91.43,17.89,0.0854,0
user_0017,45,55.2,128.38,4.03,3.33,0.5,40,1.0,0.0848,91.29,17.98,0.0852,0
user_0017,46,55.58,128.14,4.01,3.28,0.49,40,1.0,0.0865,91.43,17.97,0.0853,0
user_0017,47,55.43,128.21,4.15,3.27,0.49,39,1.0,0.0848,91.47,17.83,0.0865,0
user_0017,48,55.63,127.99,3.83,3.27,0.49,40,1.0,0.0826,91.37,17.99,0.0857,0
user_0017,49,55.34,128.27,3.95,3.26,0.5,40,1.0,0.0862,91.39,18.07,0.0858,0
user_0017,50,55.56,128.15,3.96,3.29,0.52,40,1.0,0.0841,91.39,18.22,0.0851,0
user_0017,51,55.67,128.21,4.02,3.31,0.49,39,1.01,0.0868,91.52,18.08,0.0859,0
user_0017,52,55.84,128.31,4.04,3.25,0.49,39,1.01,0.0815,91.4,17.7,0.0847,0
user_0017,53,55.46,128.65,4.03,3.27,0.51,40,1.0,0.0835,91.34,17.92,0.0855,0
user_0017,54,55.55,128.69,4.03,3.22,0.5,39,1.0,0.0841,91.38,17.86,0.0857,0
user_0017,55,55.33,128.39,4.17,3.26,0.49,39,1.0,0.0863,91.52,18.01,0.0864,0
user_0017,56,55.92,128.73,3.96,3.25,0.49,39,1.0,0.0835,91.44,18.08,0.0854,0
user_0017,57,55.4,128.59,3.86,3.28,0.5,40,1.0,0.0862,91.44,17.96,0.0851,0
user_0017,58,55.45,128.5,3.95,3.31,0.5,39,1.0,0.0842,91.51,18.02,0.0849,0
user_0017,59,55.62,128.44,4.09,3.31,0.5,39,1.01,0.0832,91.54,18.04,0.0843,0
user_0018,0,58.85,114.63,3.82,5.07,0.24,40,1.0,0.0955,89.41,17.89,0.1732,0
user_0018,1,59.04,114.25,4.04,5.01,0.21,39,1.01,0.093,89.35,17.93,0.1712,0
user_0018,2,59.08,114.4,3.94,5.08,0.23,39,1.0,0.0978,89.4,17.93,0.172,0
user_0018,3,59.03,114.38,4.02,5.09,0.23,39,1.0,0.0941,89.18,17.93,0.1717,0
user_0018,4,59.18,113.84,4.03,5.1,0.23,39,1.0,0.0955,89.47,17.98,0.1727,0
user_0018,5,59.11,114.13,3.99,5.04,0.22,39,1.01,0.0963,89.27,18.0,0.173,0
user_0018,6,59.07,114.41,4.04,5.05,0.23,39,1.0,0.0944,89.16,17.95,0.1729,0
user_0018,7,58.72,113.96,4.01,5.08,0.24,40,1.0,0.0944,89.41,17.91,0.1711,0
user_0018,8,58.83,114.48,3.94,5.07,0.23,40,0.99,0.0938,89.37,17.96,0.1695,0
user_0018,9,58.8,113.93,3.92,5.06,0.23,40,1.01,0.0965,89.41,17.85,0.1721,0
user_0018,10,59.05,114.11,4.13,5.05,0.22,39,1.01,0.0941,89.12,17.94,0.1702,0
user_0018,11,59.14,113.72,3.89,5.04,0.24,39,0.99,0.095,89.28,18.11,0.1729,0
user_0018,12,58.93,114.41,4.02,5.08,0.24,40,1.01,0.0948,89.25,18.02,0.1717,0
user_0018,13,59.1,114.23,4.03,5.01,0.23,39,1.0,0.0962,89.36,18.03,0.1718,0
user_0018,14,58.92,114.21,4.15,5.05,0.22,39,0.99,0.0942,89.45,17.9,0.1735,0
user_0018,15,59.03,114.33,4.03,5.06,0.22,39,1.0,0.0934,89.36,18.02,0.1718,0
user_0018,16,59.27,114.05,3.83,5.05,0.24,40,1.0,0.0951,89.51,17.91,0.1721,0
user_0018,17,59.11,114.28,3.98,5.03,0.23,40,1.0,0.0979,89.17,18.18,0.1718,0
user_0018,18,58.99,114.43,4.06,5.07,0.24,39,1.01,0.0938,89.3,17.98,0.1715,0
user_0018,19,59.01,114.44,4.05,5.03,0.22,39,1.0,0.0924,89.24,17.95,0.1731,0
user_0018,20,58.99,114.46,4.01,5.03,0.22,39,1.01,0.0964,89.39,17.87,0.1716,0
user_0018,21,58.86,114.24,3.93,5.03,0.22,39,1.0,0.0944,89.48,18.08,0.1713,0
user_0018,22,59.05,114.04,3.97,5.06,0.24,39,0.99,0.0949,89.37,17.94,0.1729,0
user_0018,23,59.1,114.05,4.08,5.07,0.25,40,1.0,0.0961,89.42,17.97,0.1725,0
user_0018,24,58.72,113.74,3.87,5.05,0.23,39,1.01,0.0962,89.17,17.98,0.1711,0
user_0018,25,59.07,114.2,3.93,5.09,0.23,39,1.0,0.0972,89.42,17.98,0.1711,0
user_0018,26,58.88,114.09,4.04,5.06,0.22,40,1.0,0.0938,89.18,17.85,0.1711,0
user_0018,27,59.0,113.96,4.11,5.02,0.23,40,1.0,0.0942,89.34,17.94,0.171,0
user_0018,28,59.1,114.07,4.07,5.06,0.23,40,1.0,0.0959,89.41,17.97,0.1716,0
user_0018,29,59.05,114.7,3.98,5.03,0.24,40,1.0,0.097,89.14,18.0,0.1718,0
user_0018,30,58.86,113.73,3.88,5.05,0.22,39,1.0,0.0937,89.46,17.94,0.1735,0
user_0018,31,59.0,114.05,3.95,5.08,0.24,39,1.0,0.0912,89.19,17.92,0.1713,0
user_0018,32,59.19,113.73,3.89,5.06,0.23,39,1.01,0.0957,89.45,17.99,0.1715,0
user_0018,33,58.93,114.44,4.06,5.04,0.23,40,1.0,0.0942,89.37,17.82,0.1725,0
user_0018,34,58.84,114.45,4.16,5.03,0.22,39,1.0,0.0958,89.35,17.97,0.1721,0
user_0018,35,58.84,114.42,4.12,5.01,0.21,39,0.99,0.0928,89.19,17.98,0.1716,0
user_0018,36,59.06,114.07,3.91,5.04,0.22,40,0.99,0.0915,89.17,17.96,0.1718,0
user_0018,37,59.03,114.07,3.94,5.08,0.24,40,1.0,0.0953,89.25,18.01,0.1711,0
user_0018,38,58.85,113.81,4.03,5.05,0.23,39,0.99,0.0951,89.3,18.09,0.1722,0
user_0018,39,59.11,114.21,4.01,5.07,0.23,40,1.0,0.0946,89.49,18.06,0.1715,0
user_0018,40,59.07,113.89,3.98,5.02,0.23,39,1.0,0.0959,89.28,17.96,0.172,0
user_0018,41,58.88,114.21,4.0,5.05,0.23,39,0.99,0.093,89.34,17.97,0.1698,0
user_0018,42,59.3,113.72,4.0,5.06,0.22,40,0.99,0.095,89.11,18.12,0.172,0
user_0018,43,58.77,114.37,4.12,5.02,0.23,39,1.0,0.0934,89.26,17.94,0.1717,0
user_0018,44,58.94,114.4,4.05,5.01,0.22,40,1.0,0.0953,89.35,17.97,0.172,0
user_0018,45,58.95,114.43,3.97,5.04,0.24,39,1.0,0.0942,89.32,17.97,0.1715,0
user_0018,46,58.9,114.17,4.08,5.06,0.21,39,1.0,0.0924,89.36,17.99,0.1741,0
user_0018,47,58.96,114.02,3.93,5.03,0.23,40,1.01,0.093,89.34,17.93,0.1724,0
user_0018,48,59.21,114.43,3.91,5.06,0.21,39,1.0,0.0957,89.36,18.19,0.1722,0
user_0018,49,58.99,114.5,3.97,5.05,0.23,39,1.0,0.098,89.44,17.92,0.1744,0
user_0018,50,59.11,114.32,3.99,5.06,0.23,40,1.0,0.0962,89.41,17.99,0.1705,0
user_0018,51,59.01,114.03,3.96,5.04,0.22,39,1.0,0.0948,89.33,18.05,0.1714,0
user_0018,52,59.06,114.55,3.98,5.09,0.23,39,1.0,0.0946,89.43,18.04,0.1717,0
user_0018,53,59.23,114.09,3.84,5.07,0.23,40,1.0,0.0944,89.29,18.09,0.1727,0
user_0018,54,59.04,114.27,3.91,5.06,0.24,40,1.0,0.0957,89.38,17.93,0.1733,0
user_0018,55,59.0,114.16,3.99,5.04,0.22,40,1.0,0.0945,89.38,18.01,0.1715,0
user_0018,56,58.89,114.24,3.94,5.02,0.22,40,1.01,0.0953,89.42,17.99,0.1722,0
user_0018,57,59.25,114.42,4.07,5.04,0.23,40,1.0,0.0912,89.37,18.1,0.1721,0
user_0018,58,58.92,114.13,3.85,5.04,0.22,39,0.99,0.0928,89.23,18.06,0.1715,0
user_0018,59,58.84,114.4,4.01,4.99,0.24,40,1.0,0.0944,89.49,17.96,0.1694,0
user_0019,0,52.74,120.01,4.05,4.15,0.3,39,1.0,0.0809,93.86,18.06,0.1181,0
user_0019,1,53.19,119.92,3.99,4.11,0.28,40,1.0,0.0779,94.19,18.12,0.1193,0
user_0019,2,52.93,120.02,4.15,4.11,0.29,39,0.99,0.0836,93.92,18.02,0.1178,0
user_0019,3,52.83,120.13,3.94,4.14,0.29,40,1.01,0.0794,94.04,18.02,0.1202,0
user_0019,4,52.89,120.07,3.98,4.13,0.3,40,1.0,0.0814,94.02,18.03,0.1185,0
user_0019,5,53.08,119.33,3.99,4.16,0.27,40,1.0,0.0797,94.13,18.02,0.1175,0
user_0019,6,52.74,120.27,4.03,4.17,0.3,39,1.01,0.0803,93.94,17.94,0.1173,0
user_0019,7,53.13,120.42,3.92,4.12,0.29,39,0.99,0.08,94.0,17.96,0.1198,0
user_0019,8,53.1,119.95,4.01,4.15,0.29,39,1.0,0.0811,93.92,18.13,0.121,0
user_0019,9,52.78,120.07,4.05,4.11,0.29,40,0.99,0.081,93.93,18.09,0.1189,0
user_0019,10,52.86,120.36,4.04,4.1,0.28,39,1.0,0.0808,93.95,17.88,0.1199,0
user_0019,11,52.86,120.56,4.0,4.17,0.28,39,0.99,0.0821,94.21,17.92,0.1191,0
user_0019,12,52.71,119.57,4.05,4.13,0.29,39,1.01,0.0795,94.09,17.85,0.1194,0
user_0019,13,52.93,120.1,4.01,4.14,0.28,40,1.0,0.0806,94.04,17.87,0.1183,0
user_0019,14,44.55,140.23,8.56,5.65,1.19,57,0.84,0.2005,86.55,22.98,0.2199,1
user_0019,15,44.89,140.05,8.45,5.65,1.18,57,0.85,0.1997,86.64,23.0,0.2194,1
user_0019,16,44.7,140.22,8.45,5.62,1.2,58,0.84,0.1976,86.53,22.88,0.2202,1
user_0019,17,44.89,140.06,8.45,5.67,1.22,57,0.85,0.2004,86.51,22.92,0.2185,1
user_0019,18,44.71,140.12,8.46,5.56,1.19,57,0.86,0.2008,86.39,22.78,0.2188,1
user_0019,19,44.79,140.26,8.5,5.66,1.17,58,0.85,0.1972,86.67,23.01,0.22,1
user_0019,20,32.76,170.34,15.16,7.9,2.55,84,0.63,0.3806,75.35,30.35,0.3717,3
user_0019,21,32.7,170.28,15.18,7.86,2.55,85,0.62,0.3819,75.39,30.41,0.3712,3
user_0019,22,32.67,169.87,15.29,7.86,2.54,85,0.62,0.3815,75.26,30.52,0.3707,3
user_0019,23,33.0,170.22,15.16,7.89,2.53,84,0.62,0.3789,75.37,30.58,0.3677,3
user_0019,24,32.76,169.66,15.22,7.89,2.54,84,0.63,0.3768,75.41,30.45,0.3695,3
user_0019,25,32.81,170.41,15.16,7.88,2.54,84,0.62,0.3801,75.2,30.42,0.3692,3
user_0019,26,32.98,169.94,15.33,7.85,2.53,85,0.62,0.3783,75.11,30.61,0.3692,3
user_0019,27,32.85,169.98,15.33,7.87,2.56,85,0.63,0.3815,75.28,30.44,0.3699,3
user_0019,28,32.96,169.88,15.26,7.91,2.56,85,0.63,0.3793,75.36,30.63,0.3687,3
user_0019,29,32.81,170.46,15.18,7.84,2.55,85,0.63,0.3802,75.24,30.53,0.3711,3
user_0019,30,32.92,170.56,15.18,7.88,2.53,84,0.62,0.3809,75.34,30.72,0.37,3
user_0019,31,33.06,170.04,15.38,7.94,2.54,84,0.62,0.3807,75.33,30.57,0.37,3
user_0019,32,32.89,169.86,15.28,7.92,2.55,85,0.63,0.3797,75.24,30.43,0.3694,3
user_0019,33,32.82,170.32,15.21,7.86,2.56,84,0.63,0.3809,75.17,30.62,0.3702,3
user_0019,34,33.12,169.85,15.26,7.88,2.54,84,0.63,0.3781,75.32,30.29,0.3677,3
user_0019,35,33.01,169.88,15.18,7.91,2.54,85,0.62,0.3843,75.23,30.67,0.3695,3
user_0019,36,32.64,170.14,15.27,7.85,2.53,84,0.63,0.3766,75.39,30.45,0.3682,3
user_0019,37,33.03,170.02,15.34,7.89,2.54,84,0.63,0.3797,75.2,30.56,0.3694,3
user_0019,38,32.89,170.29,15.24,7.88,2.53,85,0.63,0.3816,75.23,30.45,0.3704,3
user_0019,39,32.92,169.79,15.35,7.83,2.55,84,0.63,0.378,75.4,30.49,0.3692,3
user_0019,40,27.31,184.18,18.33,8.91,3.17,97,0.52,0.4688,69.94,34.11,0.439,4
user_0019,41,27.36,184.18,18.48,8.92,3.19,97,0.52,0.4646,69.92,33.97,0.4397,4
user_0019,42,27.22,184.63,18.34,8.96,3.18,97,0.52,0.4631,69.99,33.82,0.4386,4
user_0019,43,27.06,184.36,18.45,8.95,3.17,97,0.53,0.4634,70.05,34.07,0.4382,4
user_0019,44,27.75,184.03,18.41,8.96,3.18,97,0.52,0.462,69.98,34.05,0.44,4
user_0019,45,27.47,183.99,18.3,8.95,3.18,97,0.52,0.4658,70.38,34.01,0.4383,4
user_0019,46,27.2,184.18,18.28,8.93,3.17,97,0.53,0.4656,69.82,34.09,0.4403,4
user_0019,47,27.32,183.59,18.34,8.9,3.15,97,0.52,0.4682,70.02,34.13,0.438,4
user_0019,48,27.21,184.05,18.33,8.92,3.17,97,0.53,0.4648,70.08,34.05,0.4402,4
user_0019,49,27.27,183.94,18.41,8.96,3.18,97,0.52,0.464,70.04,33.95,0.4394,4
user_0019,50,27.49,184.04,18.41,8.89,3.16,97,0.52,0.4643,69.99,34.01,0.4397,4
user_0019,51,27.14,183.92,18.41,8.96,3.17,97,0.52,0.4668,70.13,34.05,0.4403,4
user_0019,52,27.5,184.29,18.44,8.95,3.16,97,0.52,0.4644,69.98,34.08,0.4377,4
user_0019,53,27.2,183.9,18.28,8.96,3.15,97,0.52,0.4652,69.93,34.07,0.4399,4
user_0019,54,27.63,184.12,18.39,8.91,3.16,97,0.53,0.4643,70.09,34.15,0.4372,4
user_0019,55,27.48,184.04,18.43,8.91,3.16,97,0.53,0.4658,70.16,33.98,0.439,4
user_0019,56,27.17,183.9,18.25,8.91,3.16,97,0.52,0.4648,70.04,33.94,0.4376,4
user_0019,57,27.2,183.78,18.43,8.95,3.18,97,0.52,0.4635,69.96,33.85,0.4406,4
user_0019,58,27.26,183.71,18.34,8.91,3.17,97,0.52,0.4609,70.02,33.98,0.4393,4
user_0019,59,27.19,184.08,18.4,8.93,3.17,97,0.52,0.4663,70.09,34.08,0.4408,4
user_0020,0,64.11,123.97,4.05,2.76,0.33,40,1.0,0.0957,97.43,18.06,0.1475,0
user_0020,1,64.59,123.91,3.98,2.72,0.32,39,1.01,0.0979,97.38,17.97,0.1485,0
user_0020,2,64.26,124.52,3.99,2.73,0.33,40,1.0,0.0969,97.37,18.05,0.1491,0
user_0020,3,64.16,124.12,4.02,2.72,0.31,40,1.0,0.0935,97.44,17.96,0.1484,0
user_0020,4,64.37,124.33,3.85,2.69,0.31,39,1.01,0.0968,97.62,17.85,0.148,0
user_0020,5,64.14,124.34,4.13,2.78,0.32,40,1.0,0.0947,97.36,17.95,0.1478,0
user_0020,6,64.08,124.32,4.02,2.75,0.32,40,1.01,0.0957,97.45,18.21,0.1488,0
user_0020,7,64.32,123.83,3.96,2.73,0.33,39,1.0,0.0976,97.28,18.03,0.148,0
user_0020,8,64.34,124.45,4.05,2.74,0.3,40,1.0,0.0975,97.31,18.0,0.1479,0
user_0020,9,64.1,124.0,4.03,2.76,0.31,39,1.0,0.0977,97.38,18.04,0.1484,0
user_0020,10,64.31,124.02,4.14,2.74,0.33,39,1.0,0.0969,97.17,17.91,0.1471,0
user_0020,11,64.02,124.31,3.99,2.77,0.31,40,1.0,0.0938,97.41,18.07,0.1484,0
user_0020,12,64.01,124.3,4.04,2.76,0.33,40,1.01,0.0965,97.41,18.1,0.1482,0
user_0020,13,64.39,124.5,3.95,2.7,0.32,39,1.0,0.0963,97.49,18.05,0.1488,0
user_0020,14,54.53,148.67,9.47,4.55,1.38,61,0.83,0.2404,88.36,23.95,0.2662,1
user_0020,15,54.52,148.7,9.48,4.52,1.39,62,0.81,0.2393,88.31,23.86,0.2673,1
user_0020,16,54.53,148.06,9.5,4.51,1.4,61,0.82,0.239,88.36,24.03,0.2692,1
user_0020,17,54.52,148.69,9.34,4.53,1.42,62,0.83,0.24,88.41,24.07,0.2682,1
user_0020,18,54.46,148.34,9.36,4.51,1.4,61,0.83,0.24,88.35,24.08,0.2679,1
user_0020,19,54.66,148.3,9.42,4.51,1.4,61,0.82,0.2391,88.5,24.07,0.2686,1
user_0020,20,54.72,148.0,9.45,4.57,1.4,61,0.82,0.2404,88.2,24.06,0.2684,2
user_0020,21,54.39,148.76,9.46,4.49,1.41,61,0.83,0.2394,88.44,23.98,0.2673,2
user_0020,22,54.48,147.81,9.44,4.53,1.37,61,0.83,0.2384,88.28,24.04,0.2653,2
user_0020,23,54.53,148.37,9.36,4.5,1.39,61,0.82,0.2419,88.59,24.0,0.2686,2
user_0020,24,54.47,147.76,9.54,4.52,1.41,61,0.82,0.2418,88.38,24.04,0.269,2
user_0020,25,54.55,148.67,9.35,4.54,1.41,61,0.83,0.2411,88.69,24.21,0.2678,2
user_0020,26,54.88,148.5,9.42,4.5,1.39,61,0.82,0.2407,88.49,24.09,0.2671,2
user_0020,27,54.75,148.06,9.31,4.55,1.39,61,0.82,0.2413,88.32,23.84,0.2671,2
user_0020,28,54.9,148.53,9.51,4.54,1.4,61,0.83,0.2396,88.28,23.85,0.2671,2
user_0020,29,54.71,148.13,9.47,4.59,1.4,61,0.82,0.2395,88.29,23.94,0.2667,2
user_0020,30,54.74,148.16,9.48,4.55,1.4,61,0.82,0.2392,88.43,23.78,0.2678,2
user_0020,31,54.7,148.61,9.51,4.53,1.41,61,0.82,0.2424,88.35,24.02,0.2668,2
user_0020,32,54.67,148.47,9.45,4.51,1.41,61,0.82,0.2379,88.34,23.9,0.2674,2
user_0020,33,54.62,148.49,9.46,4.48,1.41,61,0.82,0.239,88.35,24.02,0.2682,2
user_0020,34,54.58,147.65,9.36,4.51,1.42,61,0.82,0.2413,88.39,23.96,0.2673,2
user_0020,35,54.3,148.32,9.42,4.54,1.4,61,0.82,0.2394,88.42,24.0,0.2672,2
user_0020,36,60.18,134.02,6.23,3.5,0.76,48,0.92,0.1543,93.79,20.63,0.1972,1
user_0020,37,60.16,133.78,6.13,3.46,0.77,48,0.93,0.1574,93.63,20.39,0.1982,1
user_0020,38,60.3,134.18,6.11,3.52,0.77,48,0.94,0.1556,93.85,20.54,0.1976,1
user_0020,39,60.24,134.11,6.25,3.54,0.76,49,0.92,0.1561,93.8,20.55,0.1986,1
user_0020,40,60.22,134.96,6.18,3.45,0.79,48,0.93,0.1589,93.65,20.72,0.198,1
user_0020,41,60.1,133.7,6.27,3.43,0.77,49,0.92,0.1566,93.7,20.57,0.199,1
user_0020,42,60.2,133.72,6.34,3.48,0.76,49,0.93,0.1552,93.48,20.55,0.197,1
user_0020,43,60.22,134.38,6.32,3.54,0.77,48,0.93,0.1579,93.62,20.52,0.1979,1
user_0020,44,60.23,134.26,6.18,3.49,0.79,48,0.92,0.155,93.72,20.58,0.1966,1
user_0020,45,59.9,134.5,6.15,3.51,0.76,49,0.93,0.1555,93.52,20.56,0.1971,1
user_0020,46,60.37,134.08,6.28,3.48,0.77,48,0.92,0.1525,93.52,20.44,0.1978,1
user_0020,47,60.4,134.11,6.36,3.46,0.76,48,0.93,0.1565,93.66,20.51,0.1978,1
user_0020,48,60.25,134.82,6.21,3.54,0.78,49,0.93,0.1516,93.58,20.43,0.1999,1
user_0020,49,60.16,134.28,6.25,3.45,0.76,49,0.91,0.1568,93.52,20.63,0.1982,1
user_0020,50,59.98,134.18,6.28,3.48,0.77,48,0.93,0.157,93.6,20.5,0.1967,1
user_0020,51,60.43,135.02,6.23,3.49,0.78,49,0.93,0.1549,93.79,20.57,0.198,1
user_0020,52,60.1,134.3,6.11,3.51,0.78,49,0.92,0.157,93.68,20.43,0.1988,1
user_0020,53,60.29,134.22,6.21,3.48,0.76,49,0.93,0.1581,93.64,20.54,0.1976,1
user_0020,54,60.08,134.18,6.36,3.5,0.77,48,0.93,0.1544,93.48,20.39,0.1971,1
user_0020,55,60.33,134.34,6.18,3.47,0.78,49,0.93,0.1546,93.56,20.74,0.1966,1
user_0020,56,60.26,134.81,6.23,3.53,0.76,48,0.92,0.1552,93.44,20.46,0.1988,1
user_0020,57,60.12,134.19,6.35,3.47,0.78,48,0.92,0.156,93.73,20.41,0.1969,1
user_0020,58,60.25,134.39,6.17,3.47,0.78,48,0.93,0.1556,93.75,20.56,0.1987,1
user_0020,59,60.13,134.49,6.31,3.5,0.77,49,0.92,0.159,93.54,20.47,0.1965,1
user_0021,0,65.71,120.04,4.08,3.75,0.06,39,1.0,0.0866,94.99,17.91,0.1266,0
user_0021,1,65.25,120.26,3.98,3.74,0.07,40,1.0,0.0851,94.98,17.94,0.1282,0
user_0021,2,65.28,120.75,4.03,3.75,0.06,39,1.01,0.0839,94.85,17.94,0.1275,0
user_0021,3,65.34,119.92,3.97,3.76,0.06,40,1.0,0.0857,94.94,17.78,0.1271,0
user_0021,4,65.53,120.19,3.94,3.82,0.08,40,1.01,0.0824,94.84,17.95,0.1273,0
user_0021,5,65.31,119.65,4.03,3.78,0.08,39,1.0,0.0817,94.89,18.09,0.1269,0
user_0021,6,65.7,120.23,4.01,3.73,0.07,39,1.0,0.0869,95.06,17.9,0.1277,0
user_0021,7,65.47,120.4,3.94,3.7,0.07,39,1.0,0.0869,94.92,17.87,0.1256,0
user_0021,8,65.21,120.89,4.05,3.77,0.06,39,1.01,0.085,94.98,17.97,0.1295,0
user_0021,9,65.49,120.6,3.96,3.79,0.06,40,1.01,0.0842,94.94,18.04,0.1281,0
user_0021,10,65.32,120.81,3.9,3.8,0.08,40,0.99,0.0845,95.07,17.81,0.1259,0
user_0021,11,65.31,120.34,4.12,3.76,0.06,40,1.0,0.0864,94.9,17.8,0.1266,0
user_0021,12,65.6,120.34,3.98,3.79,0.06,39,1.0,0.0851,94.93,17.98,0.1261,0
user_0021,13,65.41,119.96,4.01,3.8,0.06,39,1.0,0.0845,94.98,17.99,0.1293,0
user_0021,14,65.56,120.25,4.05,3.75,0.07,39,1.0,0.0879,95.0,18.09,0.1285,0
user_0021,15,65.47,120.01,4.13,3.81,0.06,39,1.0,0.0866,94.9,17.87,0.1278,0
user_0021,16,65.47,120.47,4.03,3.76,0.08,40,1.0,0.0855,94.75,17.98,0.1282,0
user_0021,17,65.43,120.67,3.98,3.78,0.07,40,1.0,0.0842,95.0,18.19,0.1272,0
user_0021,18,65.51,120.6,4.08,3.77,0.06,39,1.0,0.0871,94.95,17.96,0.1281,0
user_0021,19,65.51,120.39,3.94,3.76,0.08,39,0.99,0.088,94.97,18.06,0.1265,0
user_0021,20,65.49,120.36,3.88,3.8,0.07,39,1.0,0.0827,94.98,18.03,0.1273,0
user_0021,21,65.57,119.95,3.96,3.74,0.06,40,1.0,0.0852,94.83,18.17,0.13,0
user_0021,22,65.4,120.1,4.11,3.73,0.06,39,0.99,0.0853,94.83,18.0,0.1276,0
user_0021,23,65.29,120.2,3.98,3.78,0.07,40,1.0,0.0866,95.06,17.89,0.1271,0
user_0021,24,65.65,120.23,3.79,3.76,0.07,39,1.01,0.0847,94.95,17.98,0.1263,0
user_0021,25,65.22,120.06,4.08,3.76,0.06,39,1.01,0.088,95.04,18.05,0.1278,0
user_0021,26,65.2,120.23,3.95,3.72,0.08,39,1.01,0.0871,94.98,18.06,0.1269,0
user_0021,27,65.66,120.3,4.02,3.75,0.06,40,1.0,0.0846,94.78,17.87,0.1287,0
user_0021,28,65.29,120.21,4.11,3.74,0.06,39,1.01,0.0888,95.0,18.08,0.127,0
user_0021,29,65.68,120.36,4.06,3.76,0.06,40,1.0,0.0879,94.95,17.92,0.127,0
user_0021,30,65.4,120.14,3.92,3.79,0.06,40,1.0,0.0849,95.07,17.89,0.1278,0
user_0021,31,65.42,120.28,3.9,3.79,0.07,39,1.0,0.0863,94.79,17.91,0.1287,0
user_0021,32,65.43,120.15,3.94,3.75,0.06,39,0.99,0.0875,95.02,17.87,0.1277,0
user_0021,33,65.25,120.23,3.97,3.75,0.09,39,1.0,0.0846,95.02,17.83,0.1268,0
user_0021,34,65.6,120.35,4.01,3.82,0.07,39,1.0,0.0841,95.05,18.06,0.1287,0
user_0021,35,65.57,120.19,3.93,3.76,0.06,40,1.01,0.0855,94.94,17.99,0.1283,0
user_0021,36,65.28,119.74,4.04,3.79,0.07,39,0.99,0.0865,94.93,17.99,0.1294,0
user_0021,37,65.24,120.74,4.0,3.72,0.06,40,1.0,0.0836,94.9,17.91,0.128,0
user_0021,38,65.5,120.03,3.95,3.78,0.06,39,0.99,0.0863,94.95,17.93,0.1275,0
user_0021,39,65.61,120.05,3.85,3.77,0.07,39,1.0,0.087,94.7,17.93,0.1299,0
user_0021,40,65.47,120.46,4.09,3.76,0.07,40,1.0,0.0853,94.94,17.94,0.1276,0
user_0021,41,65.21,120.09,3.98,3.74,0.06,39,1.0,0.0872,94.87,18.13,0.1285,0
user_0021,42,65.46,120.33,4.02,3.79,0.08,40,1.0,0.0866,95.05,17.94,0.1272,0
user_0021,43,65.39,120.52,4.07,3.76,0.05,40,1.0,0.0835,94.79,18.03,0.1289,0
user_0021,44,65.39,120.34,4.09,3.72,0.07,39,1.0,0.085,94.84,18.01,0.1292,0
user_0021,45,65.51,120.17,3.9,3.72,0.08,39,1.0,0.0878,94.76,18.15,0.1273,0
user_0021,46,65.21,120.23,3.95,3.77,0.06,39,1.0,0.0837,94.94,17.88,0.1271,0
user_0021,47,65.41,120.24,4.02,3.78,0.05,39,0.98,0.0861,94.89,17.9,0.1279,0
user_0021,48,65.56,120.17,3.93,3.77,0.05,39,1.01,0.0859,94.73,17.82,0.1277,0
user_0021,49,65.51,119.89,4.03,3.8,0.09,40,1.0,0.0826,95.13,17.94,0.1266,0
user_0021,50,65.34,120.67,4.17,3.77,0.08,40,0.99,0.088,94.86,18.15,0.1288,0
user_0021,51,65.48,120.75,4.17,3.76,0.06,39,1.01,0.0851,95.03,17.93,0.1291,0
user_0021,52,65.28,119.99,3.98,3.75,0.07,39,1.0,0.0853,94.85,17.94,0.1296,0
user_0021,53,65.42,119.8,3.96,3.77,0.08,40,1.0,0.0894,94.92,18.12,0.1264,0
user_0021,54,65.02,119.94,3.76,3.82,0.07,39,1.0,0.0861,94.98,18.12,0.1273,0
user_0021,55,65.25,120.5,4.06,3.77,0.09,39,1.0,0.0864,94.85,18.05,0.1267,0
user_0021,56,65.32,120.76,3.97,3.74,0.08,39,1.0,0.0866,95.01,18.12,0.1268,0
user_0021,57,65.47,120.18,3.95,3.79,0.06,40,1.0,0.0842,95.02,18.06,0.1256,0
user_0021,58,65.42,120.1,4.08,3.73,0.06,40,1.0,0.0869,94.77,18.17,0.1281,0
user_0021,59,65.59,120.51,4.0,3.73,0.06,40,1.01,0.0848,94.64,17.98,0.1273,0
user_0022,0,58.35,120.35,4.02,4.7,0.41,40,1.0,0.1064,90.39,17.88,0.1098,0
user_0022,1,57.84,120.6,4.05,4.72,0.41,40,1.0,0.1111,90.39,18.06,0.1087,0
user_0022,2,58.01,120.85,4.06,4.7,0.4,39,1.0,0.1083,90.45,18.05,0.1098,0
user_0022,3,58.02,120.37,3.96,4.71,0.41,40,1.0,0.1081,90.39,17.89,0.1105,0
user_0022,4,57.69,120.54,4.09,4.63,0.41,40,1.0,0.1071,90.31,17.92,0.1111,0
user_0022,5,57.93,120.51,3.99,4.7,0.38,39,1.01,0.1087,90.43,18.18,0.1096,0
user_0022,6,57.97,120.59,4.0,4.71,0.41,40,1.0,0.1087,90.5,18.04,0.1095,0
user_0022,7,58.01,119.67,4.09,4.67,0.39,39,0.99,0.1096,90.43,17.95,0.1091,0
user_0022,8,57.9,120.44,3.88,4.69,0.38,40,1.0,0.1097,90.52,18.13,0.1087,0
user_0022,9,58.05,120.57,4.05,4.72,0.38,40,1.0,0.1099,90.46,18.06,0.1097,0
user_0022,10,58.2,120.41,4.02,4.68,0.4,40,0.99,0.11,90.48,18.17,0.1105,0
user_0022,11,58.0,120.39,3.98,4.73,0.38,39,1.0,0.1107,90.4,17.92,0.1096,0
user_0022,12,57.95,120.21,3.97,4.69,0.38,40,1.0,0.1112,90.48,18.08,0.1101,0
user_0022,13,57.74,120.36,4.01,4.73,0.4,39,1.01,0.1102,90.43,18.05,0.1098,0
user_0022,14,50.0,139.74,8.43,6.19,1.3,57,0.85,0.2279,82.91,23.05,0.2091,1
user_0022,15,49.92,140.12,8.47,6.2,1.31,57,0.86,0.2271,82.99,22.95,0.2089,1
user_0022,16,50.2,140.31,8.5,6.19,1.29,57,0.83,0.2261,82.94,23.12,0.2111,1
user_0022,17,49.86,140.33,8.34,6.19,1.31,57,0.85,0.2289,83.03,22.98,0.2098,1
user_0022,18,50.23,140.23,8.38,6.24,1.31,57,0.85,0.2289,83.04,23.0,0.2099,1
user_0022,19,50.03,140.17,8.6,6.18,1.29,57,0.84,0.2316,82.9,23.08,0.2088,1
user_0022,20,38.11,170.48,15.32,8.5,2.64,84,0.62,0.4088,71.71,30.56,0.3614,3
user_0022,21,38.08,170.29,15.17,8.47,2.65,85,0.62,0.4107,71.69,30.6,0.3601,3
user_0022,22,37.86,170.19,15.15,8.46,2.63,85,0.61,0.4101,71.54,30.4,0.3611,3
user_0022,23,38.05,170.5,15.17,8.48,2.65,85,0.63,0.4072,71.74,30.54,0.3596,3
user_0022,24,37.84,170.23,15.19,8.48,2.65,84,0.62,0.4082,71.77,30.51,0.3596,3
user_0022,25,38.26,170.18,15.19,8.46,2.65,84,0.62,0.4111,71.61,30.35,0.36,3
user_0022,26,38.14,170.24,15.29,8.42,2.66,84,0.63,0.4101,71.66,30.38,0.3586,3
user_0022,27,38.24,170.09,15.31,8.45,2.64,84,0.63,0.4141,71.62,30.46,0.3581,3
user_0022,28,37.75,170.07,15.22,8.45,2.66,85,0.63,0.408,71.64,30.46,0.3585,3
user_0022,29,37.71,170.12,15.06,8.42,2.65,85,0.63,0.4107,71.58,30.57,0.359,3
user_0022,30,38.04,170.32,15.27,8.44,2.65,85,0.62,0.4102,71.52,30.41,0.36,3
user_0022,31,38.09,170.34,15.27,8.42,2.64,84,0.62,0.4069,71.65,30.74,0.3605,3
user_0022,32,37.67,169.91,15.15,8.41,2.65,85,0.62,0.4086,71.67,30.57,0.3599,3
user_0022,33,38.05,170.28,15.17,8.43,2.64,85,0.62,0.4103,71.5,30.58,0.3607,3
user_0022,34,38.17,170.03,15.26,8.44,2.64,85,0.63,0.408,71.68,30.41,0.3587,3
user_0022,35,37.95,170.22,15.3,8.42,2.67,84,0.63,0.4085,71.58,30.48,0.3604,3
user_0022,36,38.13,170.23,15.27,8.42,2.65,85,0.61,0.409,71.63,30.63,0.3599,3
user_0022,37,38.07,170.22,15.3,8.47,2.64,85,0.63,0.4104,71.65,30.53,0.3607,3
user_0022,38,37.83,170.4,15.1,8.47,2.65,84,0.62,0.4089,71.67,30.58,0.3611,3
user_0022,39,38.01,169.87,15.35,8.41,2.64,84,0.63,0.407,71.52,30.5,0.359,3
user_0022,40,32.6,184.15,18.32,9.54,3.28,98,0.51,0.4932,66.45,34.0,0.4294,4
user_0022,41,32.59,184.4,18.27,9.48,3.27,97,0.52,0.4923,66.37,33.9,0.4305,4
user_0022,42,32.59,184.28,18.52,9.49,3.27,97,0.52,0.492,66.41,33.84,0.428,4
user_0022,43,32.42,184.39,18.5,9.52,3.29,97,0.52,0.4924,66.49,34.09,0.4298,4
user_0022,44,32.22,183.84,18.46,9.51,3.29,97,0.52,0.4901,66.45,34.12,0.4301,4
user_0022,45,32.18,184.35,18.32,9.46,3.28,97,0.52,0.4936,66.32,34.01,0.4293,4
user_0022,46,32.36,184.35,18.48,9.51,3.29,97,0.52,0.4945,66.59,34.12,0.4297,4
user_0022,47,32.57,184.42,18.35,9.52,3.27,97,0.53,0.4941,66.52,33.96,0.4302,4
user_0022,48,32.51,184.21,18.45,9.51,3.29,97,0.53,0.4936,66.39,33.99,0.4297,4
user_0022,49,32.28,184.58,18.47,9.53,3.29,97,0.51,0.4939,66.46,34.16,0.4308,4
user_0022,50,32.42,184.25,18.48,9.43,3.28,97,0.52,0.4923,66.43,34.13,0.4302,4
user_0022,51,32.3,184.59,18.51,9.48,3.31,97,0.52,0.494,66.33,33.95,0.4298,4
user_0022,52,32.12,184.49,18.26,9.5,3.27,97,0.51,0.4904,66.34,34.05,0.43,4
user_0022,53,32.56,184.31,18.4,9.47,3.28,97,0.51,0.4916,66.44,34.02,0.4295,4
user_0022,54,32.31,183.85,18.24,9.49,3.29,97,0.53,0.4911,66.43,33.93,0.429,4
user_0022,55,32.51,184.26,18.3,9.5,3.27,97,0.52,0.496,66.52,33.8,0.4296,4
user_0022,56,32.38,184.22,18.35,9.52,3.29,97,0.52,0.4938,66.36,33.84,0.4282,4
user_0022,57,32.27,184.24,18.3,9.47,3.28,97,0.52,0.4916,66.4,33.87,0.4289,4
user_0022,58,32.15,184.39,18.38,9.5,3.29,97,0.52,0.4959,66.3,33.84,0.4285,4
user_0022,59,32.46,184.72,18.53,9.52,3.29,97,0.52,0.4934,66.32,34.17,0.4311,4
user_0023,0,53.91,121.4,4.0,5.15,0.36,39,1.0,0.0948,96.87,18.08,0.1263,0
user_0023,1,54.06,121.56,4.03,5.17,0.34,39,1.01,0.0959,96.94,17.96,0.1279,0
user_0023,2,53.66,121.79,3.94,5.16,0.34,39,1.0,0.0954,97.0,17.92,0.1278,0
user_0023,3,53.67,121.59,4.0,5.17,0.35,39,1.0,0.0947,96.87,17.88,0.127,0
user_0023,4,53.77,121.94,4.01,5.21,0.34,39,1.01,0.0965,96.8,18.05,0.1274,0
user_0023,5,53.49,121.72,4.08,5.21,0.35,39,1.0,0.0972,97.02,18.0,0.1275,0
user_0023,6,53.68,121.62,3.88,5.19,0.35,40,1.0,0.0982,96.95,17.94,0.1271,0
user_0023,7,53.65,121.62,3.92,5.2,0.36,39,1.0,0.0959,96.95,18.16,0.126,0
user_0023,8,53.74,121.42,3.89,5.16,0.35,39,0.99,0.1002,96.89,18.01,0.1266,0
user_0023,9,53.82,121.44,3.86,5.14,0.35,40,1.0,0.0975,96.84,17.99,0.1288,0
user_0023,10,54.03,121.81,3.92,5.17,0.34,39,1.0,0.0971,96.96,18.17,0.1273,0
user_0023,11,53.58,121.57,4.14,5.16,0.35,40,1.0,0.0959,96.77,17.77,0.1265,0
user_0023,12,53.73,121.76,3.99,5.16,0.33,40,1.01,0.0975,96.92,17.85,0.1273,0
user_0023,13,54.08,121.77,3.88,5.17,0.35,39,0.99,0.096,96.78,17.92,0.1273,0
user_0023,14,53.76,121.48,3.93,5.16,0.32,40,0.99,0.0955,96.95,17.89,0.1284,0
user_0023,15,53.96,120.66,3.99,5.1,0.34,39,0.99,0.0988,96.89,17.92,0.1291,0
user_0023,16,53.51,121.18,3.83,5.21,0.35,40,1.0,0.0968,96.87,18.03,0.1278,0
user_0023,17,53.69,121.47,4.02,5.17,0.33,39,1.01,0.0954,96.92,17.89,0.1262,0
user_0023,18,53.66,121.43,3.95,5.2,0.34,40,1.0,0.0923,96.97,17.85,0.1279,0
user_0023,19,53.67,122.02,4.11,5.15,0.34,40,1.0,0.0959,96.76,17.93,0.1277,0
user_0023,20,53.97,121.59,3.94,5.19,0.34,40,1.01,0.0954,96.94,17.93,0.1275,0
user_0023,21,53.79,121.44,4.18,5.16,0.35,39,1.0,0.0976,96.81,17.75,0.1276,0
user_0023,22,53.79,121.67,4.15,5.16,0.33,39,1.0,0.0966,96.8,18.08,0.1281,0
user_0023,23,53.79,121.26,3.96,5.11,0.34,40,1.0,0.0966,96.9,17.99,0.1277,0
user_0023,24,53.57,121.34,4.0,5.15,0.35,39,1.0,0.0961,96.93,18.09,0.1284,0
user_0023,25,53.47,121.78,4.11,5.16,0.34,39,0.99,0.0948,96.81,17.96,0.1267,0
user_0023,26,53.67,121.48,3.94,5.18,0.35,40,1.01,0.0963,96.8,18.03,0.128,0
user_0023,27,53.71,121.68,3.9,5.16,0.35,39,1.0,0.0957,96.78,18.12,0.1266,0
user_0023,28,53.83,121.59,3.93,5.17,0.33,40,0.99,0.0949,96.74,17.86,0.1293,0
user_0023,29,53.87,121.52,3.95,5.19,0.33,40,1.0,0.0949,96.94,18.09,0.1283,0
user_0023,30,53.63,121.37,4.01,5.15,0.36,39,1.0,0.0951,96.58,17.86,0.1283,0
user_0023,31,53.79,121.88,4.12,5.18,0.35,40,0.99,0.0938,96.87,18.06,0.1279,0
user_0023,32,53.65,121.72,4.11,5.19,0.35,39,1.01,0.0961,96.91,18.04,0.1275,0
user_0023,33,53.66,121.46,4.07,5.16,0.35,40,1.0,0.098,96.82,18.15,0.1281,0
user_0023,34,53.78,121.26,3.99,5.16,0.33,39,1.0,0.0968,96.99,17.88,0.1294,0
user_0023,35,53.76,121.24,4.06,5.16,0.34,39,1.0,0.097,96.83,17.86,0.1282,0
user_0023,36,53.6,121.2,4.09,5.14,0.32,40,1.0,0.0956,96.83,18.02,0.1269,0
user_0023,37,54.01,121.12,4.03,5.19,0.33,39,1.01,0.0944,96.8,18.09,0.1277,0
user_0023,38,53.51,121.92,3.96,5.16,0.34,40,1.01,0.0934,96.94,18.07,0.1275,0
user_0023,39,53.9,121.72,3.9,5.21,0.33,39,1.0,0.0988,96.83,18.0,0.1291,0
user_0023,40,53.74,121.19,3.97,5.2,0.34,40,1.0,0.0949,96.86,17.91,0.127,0
user_0023,41,54.46,121.74,4.06,5.15,0.36,40,1.01,0.0986,96.71,17.89,0.1267,0
user_0023,42,53.64,121.57,3.96,5.22,0.36,39,1.01,0.0981,96.81,17.8,0.1274,0
user_0023,43,53.69,121.54,4.01,5.17,0.35,39,1.0,0.0952,96.88,18.1,0.1264,0
user_0023,44,53.74,121.46,3.96,5.19,0.33,39,1.0,0.0975,96.81,18.05,0.1296,0
user_0023,45,53.77,121.76,4.13,5.19,0.34,40,0.99,0.0947,96.8,18.22,0.1268,0
user_0023,46,53.66,121.22,4.04,5.17,0.35,40,0.99,0.0947,97.0,17.98,0.1288,0
user_0023,47,53.76,121.24,3.98,5.14,0.34,40,1.0,0.0935,96.86,17.94,0.127,0
user_0023,48,53.8,121.35,4.1,5.2,0.35,39,1.0,0.096,96.84,17.94,0.1265,0
user_0023,49,53.78,121.38,4.05,5.19,0.35,39,1.0,0.0948,96.74,17.96,0.1287,0
user_0023,50,53.73,121.88,4.04,5.16,0.35,40,1.0,0.0987,96.89,18.0,0.1268,0
user_0023,51,53.96,121.61,4.05,5.16,0.35,40,1.0,0.0938,96.92,17.84,0.1278,0
user_0023,52,53.72,121.79,3.97,5.2,0.34,40,1.01,0.0943,96.89,18.27,0.1277,0
user_0023,53,53.79,121.68,4.0,5.13,0.35,39,1.0,0.0977,96.82,17.93,0.1285,0
user_0023,54,53.66,121.18,4.02,5.16,0.33,40,1.0,0.0954,96.83,18.05,0.1289,0
user_0023,55,53.74,121.65,4.04,5.19,0.34,39,1.0,0.0964,97.04,17.95,0.1285,0
user_0023,56,53.73,121.51,4.11,5.19,0.33,39,1.01,0.0961,96.74,17.92,0.1284,0
user_0023,57,53.93,121.49,4.19,5.19,0.34,39,1.0,0.0964,96.81,18.17,0.1291,0
user_0023,58,53.88,121.19,3.95,5.2,0.34,40,1.0,0.096,96.79,17.99,0.1278,0
user_0023,59,53.94,121.26,3.98,5.17,0.35,39,0.99,0.0969,96.71,18.13,0.1275,0
user_0024,0,47.48,109.71,3.87,4.36,0.26,39,1.0,0.1008,95.61,17.89,0.1129,0
user_0024,1,47.82,109.82,4.01,4.3,0.25,40,1.0,0.0998,95.38,17.98,0.1151,0
user_0024,2,47.58,110.55,4.05,4.32,0.25,39,1.01,0.1016,95.47,18.17,0.1146,0
user_0024,3,47.41,110.09,4.05,4.34,0.27,40,1.0,0.0995,95.39,17.83,0.1143,0
user_0024,4,47.81,110.39,4.01,4.33,0.28,39,0.99,0.1009,95.59,17.85,0.1148,0
user_0024,5,47.57,110.28,3.93,4.28,0.24,40,1.0,0.1008,95.48,17.88,0.114,0
user_0024,6,47.66,110.46,4.11,4.28,0.25,39,1.0,0.102,95.21,17.97,0.113,0
user_0024,7,47.57,110.06,4.0,4.33,0.24,39,1.0,0.1,95.47,17.94,0.1143,0
user_0024,8,47.81,109.88,4.03,4.33,0.24,40,1.0,0.0987,95.35,18.08,0.1146,0
user_0024,9,47.85,110.36,3.99,4.32,0.25,39,1.0,0.0978,95.41,18.0,0.1112,0
user_0024,10,47.54,110.43,4.1,4.29,0.24,39,1.0,0.1021,95.64,17.83,0.1131,0
user_0024,11,47.34,110.19,3.96,4.31,0.25,40,0.99,0.1004,95.31,18.17,0.1136,0
user_0024,12,47.41,110.06,4.02,4.32,0.26,40,1.0,0.1014,95.55,18.01,0.1147,0
user_0024,13,47.53,110.19,3.85,4.34,0.24,40,1.0,0.1009,95.49,17.94,0.1144,0
user_0024,14,38.21,134.64,9.46,6.07,1.31,61,0.82,0.2453,86.49,24.13,0.2344,1
user_0024,15,38.02,134.71,9.46,6.12,1.32,61,0.82,0.2422,86.45,24.08,0.2349,1
user_0024,16,37.97,134.93,9.5,6.1,1.34,61,0.82,0.2439,86.36,24.05,0.2339,1
user_0024,17,38.03,134.19,9.33,6.14,1.33,61,0.81,0.2465,86.57,24.0,0.2327,1
user_0024,18,38.27,134.1,9.35,6.1,1.33,61,0.8,0.2448,86.57,23.91,0.2355,1
user_0024,19,38.15,134.31,9.32,6.11,1.33,61,0.82,0.2439,86.45,23.93,0.2335,1
user_0024,20,38.0,134.15,9.38,6.13,1.34,61,0.83,0.2454,86.39,23.97,0.2342,2
user_0024,21,37.77,134.17,9.44,6.08,1.31,61,0.83,0.2433,86.41,23.98,0.2355,2
user_0024,22,37.77,134.39,9.36,6.09,1.32,61,0.82,0.2436,86.23,23.83,0.2343,2
user_0024,23,38.21,135.0,9.47,6.09,1.31,61,0.81,0.2432,86.57,24.03,0.233,2
user_0024,24,37.76,134.25,9.43,6.14,1.3,61,0.82,0.2438,86.32,23.91,0.234,2
user_0024,25,37.95,134.27,9.5,6.09,1.34,61,0.82,0.2442,86.52,24.05,0.2346,2
user_0024,26,38.02,133.36,9.44,6.05,1.32,61,0.83,0.245,86.45,24.14,0.2345,2
user_0024,27,38.04,134.29,9.37,6.07,1.34,61,0.81,0.2452,86.48,24.17,0.2342,2
user_0024,28,37.84,133.75,9.49,6.1,1.32,61,0.83,0.2451,86.59,24.02,0.2331,2
user_0024,29,38.29,134.1,9.46,6.13,1.33,61,0.82,0.2454,86.53,24.13,0.2351,2
user_0024,30,37.88,134.56,9.32,6.12,1.35,61,0.81,0.2439,86.7,23.98,0.2353,2
user_0024,31,37.88,134.11,9.38,6.15,1.32,61,0.83,0.2447,86.55,23.84,0.2342,2
user_0024,32,38.02,133.95,9.45,6.06,1.32,61,0.82,0.2437,86.49,23.96,0.2346,2
user_0024,33,38.05,133.82,9.34,6.08,1.32,61,0.82,0.2408,86.58,23.99,0.2328,2
user_0024,34,38.16,133.67,9.28,6.16,1.33,61,0.82,0.2441,86.48,24.05,0.2337,2
user_0024,35,38.07,134.16,9.34,6.08,1.34,61,0.83,0.2444,86.5,23.98,0.2351,2
user_0024,36,43.57,119.95,6.29,5.05,0.7,49,0.92,0.1601,91.7,20.63,0.1639,1
user_0024,37,43.64,119.91,6.3,5.06,0.69,49,0.93,0.1595,91.73,20.46,0.1655,1
user_0024,38,43.76,120.31,6.38,5.03,0.7,49,0.92,0.1601,91.82,20.58,0.1625,1
user_0024,39,43.89,120.48,6.23,5.03,0.71,49,0.93,0.1613,91.85,20.59,0.1634,1
user_0024,40,43.53,120.28,6.42,5.05,0.7,49,0.92,0.1616,91.73,20.62,0.163,1
user_0024,41,43.97,120.12,6.29,5.05,0.69,49,0.92,0.1612,91.65,20.47,0.1636,1
user_0024,42,43.7,120.27,6.24,5.04,0.7,49,0.93,0.1634,91.79,20.69,0.1639,1
user_0024,43,43.61,120.07,6.27,5.05,0.69,48,0.93,0.1598,91.88,20.49,0.1646,1
user_0024,44,43.63,120.3,6.17,5.08,0.69,49,0.92,0.1593,91.77,20.48,0.1644,1
user_0024,45,43.65,120.65,6.29,5.04,0.69,49,0.92,0.1612,91.62,20.61,0.1635,1
user_0024,46,43.7,120.21,6.15,5.07,0.69,49,0.92,0.1608,91.73,20.44,0.1653,1
user_0024,47,43.62,120.09,6.27,5.02,0.72,48,0.93,0.1605,91.85,20.52,0.1633,1
user_0024,48,43.34,119.75,6.23,5.09,0.68,49,0.93,0.1584,91.62,20.4,0.1642,1
user_0024,49,43.61,120.17,6.21,5.06,0.71,48,0.92,0.1619,91.71,20.56,0.1638,1
user_0024,50,43.78,120.5,6.34,5.04,0.69,49,0.92,0.1603,91.66,20.64,0.165,1
user_0024,51,43.6,120.03,6.2,5.06,0.7,48,0.92,0.1605,91.82,20.51,0.1637,1
user_0024,52,43.45,120.04,6.32,5.02,0.71,49,0.92,0.1612,91.78,20.46,0.1649,1
user_0024,53,43.53,120.35,6.25,5.05,0.71,49,0.92,0.161,91.92,20.64,0.163,1
user_0024,54,43.86,120.43,6.17,5.06,0.7,48,0.93,0.164,91.87,20.52,0.1637,1
user_0024,55,43.67,119.95,6.21,5.0,0.7,48,0.93,0.1606,91.63,20.52,0.1632,1
user_0024,56,43.87,119.98,6.21,5.03,0.69,49,0.92,0.1601,91.77,20.46,0.1617,1
user_0024,57,43.82,120.26,6.27,5.05,0.7,49,0.93,0.1608,91.59,20.54,0.1642,1
user_0024,58,43.54,120.0,6.29,5.05,0.69,49,0.93,0.1611,91.85,20.53,0.1632,1
user_0024,59,43.56,120.38,6.3,5.06,0.69,49,0.92,0.1613,91.65,20.7,0.1642,1
user_0025,0,56.76,121.46,3.97,4.68,0.36,39,1.0,0.0798,96.15,17.92,0.1101,0
user_0025,1,56.66,121.38,3.93,4.73,0.36,40,1.0,0.0802,96.33,17.86,0.1096,0
user_0025,2,56.84,121.9,3.99,4.69,0.39,40,1.0,0.0792,96.38,17.9,0.1107,0
user_0025,3,56.71,121.59,3.98,4.67,0.38,39,1.0,0.08,96.3,17.9,0.1091,0
user_0025,4,56.57,121.67,3.93,4.64,0.34,39,1.01,0.0801,96.34,18.05,0.1097,0
user_0025,5,56.65,121.72,4.01,4.72,0.37,39,1.0,0.079,96.41,17.96,0.1089,0
user_0025,6,56.71,121.44,4.02,4.73,0.37,40,0.99,0.0794,96.36,17.88,0.1118,0
user_0025,7,56.66,121.47,3.95,4.7,0.35,40,1.01,0.0816,96.15,18.02,0.1109,0
user_0025,8,56.75,121.21,3.95,4.68,0.36,40,0.99,0.0811,96.16,17.9,0.1076,0
user_0025,9,56.58,121.84,4.02,4.66,0.37,40,1.0,0.0832,96.37,18.07,0.1089,0
user_0025,10,56.75,121.52,4.04,4.67,0.36,39,0.99,0.0816,96.14,18.01,0.11,0
user_0025,11,56.71,121.39,4.02,4.7,0.37,40,1.0,0.0802,96.19,18.04,0.1103,0
user_0025,12,56.63,121.6,3.98,4.7,0.37,40,1.0,0.0785,96.22,18.06,0.1121,0
user_0025,13,56.61,121.58,3.96,4.66,0.36,39,1.01,0.0768,96.26,17.88,0.1088,0
user_0025,14,56.87,121.51,3.93,4.67,0.36,39,1.0,0.0829,96.09,18.0,0.1093,0
user_0025,15,56.8,121.55,4.04,4.7,0.35,40,1.0,0.0815,96.41,18.04,0.1111,0
user_0025,16,56.72,121.41,4.0,4.69,0.36,40,1.0,0.0802,96.32,18.3,0.1085,0
user_0025,17,56.53,121.12,3.98,4.69,0.36,39,1.0,0.0794,96.32,18.11,0.1103,0
user_0025,18,56.79,121.73,4.02,4.68,0.36,39,1.0,0.0812,96.32,18.07,0.1085,0
user_0025,19,56.87,121.36,3.92,4.68,0.39,39,1.0,0.0798,96.27,17.92,0.1098,0
user_0025,20,56.82,121.54,3.92,4.68,0.36,40,1.01,0.0799,96.28,18.18,0.1105,0
user_0025,21,56.75,121.95,4.04,4.64,0.37,39,1.0,0.0775,96.24,17.96,0.1089,0
user_0025,22,56.61,121.72,3.95,4.7,0.35,39,1.0,0.0786,96.15,18.05,0.1108,0
user_0025,23,56.65,121.35,4.01,4.69,0.37,39,0.99,0.0788,96.3,18.02,0.1103,0
user_0025,24,56.7,121.14,4.11,4.72,0.35,40,1.0,0.0803,96.39,18.21,0.1104,0
user_0025,25,56.7,121.38,4.01,4.72,0.36,39,0.99,0.0809,96.31,17.94,0.1107,0
user_0025,26,56.6,121.43,4.0,4.68,0.37,40,0.99,0.0808,96.3,18.02,0.1105,0
user_0025,27,56.67,121.58,4.05,4.67,0.37,39,1.0,0.0796,96.33,18.01,0.11,0
user_0025,28,56.66,121.06,4.0,4.69,0.37,39,0.99,0.081,96.26,18.02,0.1094,0
user_0025,29,56.66,121.35,3.93,4.7,0.36,40,1.0,0.0792,96.16,18.24,0.1091,0
user_0025,30,56.75,121.95,4.06,4.68,0.36,39,1.0,0.081,96.23,17.9,0.1083,0
user_0025,31,56.81,121.49,4.02,4.67,0.35,40,1.0,0.0815,96.25,17.98,0.1104,0
user_0025,32,56.77,121.66,3.98,4.7,0.37,39,1.0,0.0821,96.22,18.06,0.1096,0
user_0025,33,56.38,121.74,3.79,4.64,0.37,40,1.0,0.0803,96.03,18.07,0.1099,0
user_0025,34,56.65,121.47,4.04,4.69,0.34,40,1.01,0.0782,96.25,17.98,0.1107,0
user_0025,35,56.34,121.34,3.87,4.68,0.36,40,1.0,0.079,96.35,18.05,0.1102,0
user_0025,36,56.63,121.32,3.99,4.7,0.34,40,1.0,0.0802,96.27,17.74,0.1092,0
user_0025,37,56.93,121.47,3.98,4.69,0.37,40,1.0,0.0807,96.45,18.1,0.112,0
user_0025,38,56.56,121.88,3.94,4.7,0.37,39,1.0,0.0815,96.21,18.17,0.1083,0
user_0025,39,56.95,121.71,3.99,4.68,0.36,39,1.0,0.082,96.48,18.02,0.1088,0
user_0025,40,56.58,121.42,3.92,4.66,0.38,40,1.0,0.0813,96.17,17.89,0.1089,0
user_0025,41,56.91,121.4,3.82,4.72,0.36,39,1.0,0.0809,96.33,18.18,0.1088,0
user_0025,42,56.67,121.29,3.88,4.71,0.37,40,1.0,0.0791,96.18,18.0,0.1108,0
user_0025,43,56.9,121.66,4.0,4.69,0.36,39,1.0,0.0781,96.27,18.16,0.1105,0
user_0025,44,56.52,121.44,3.94,4.68,0.37,40,1.01,0.0819,96.31,18.07,0.1095,0
user_0025,45,56.49,121.79,4.08,4.68,0.37,40,1.0,0.0779,96.31,17.98,0.1108,0
user_0025,46,56.81,121.79,3.92,4.67,0.37,39,0.99,0.0809,96.23,18.18,0.11,0
user_0025,47,56.68,121.37,4.12,4.7,0.36,39,1.0,0.0786,96.39,17.82,0.1095,0
user_0025,48,56.75,121.55,3.95,4.7,0.35,39,1.0,0.0808,96.22,18.12,0.1097,0
user_0025,49,56.77,121.84,4.08,4.71,0.37,40,1.0,0.0783,96.32,18.03,0.1102,0
user_0025,50,56.64,121.27,4.05,4.65,0.38,39,1.0,0.0809,96.34,17.86,0.1105,0
user_0025,51,56.71,121.3,3.94,4.68,0.35,40,1.01,0.0808,96.26,17.98,0.1104,0
user_0025,52,56.92,121.32,3.92,4.73,0.35,39,1.0,0.0778,96.4,18.09,0.1091,0
user_0025,53,56.85,121.82,3.99,4.68,0.39,40,1.0,0.0821,96.32,17.95,0.1097,0
user_0025,54,56.82,120.96,3.98,4.72,0.36,40,1.01,0.08,96.23,17.97,0.1123,0
user_0025,55,56.94,121.49,3.95,4.69,0.37,39,1.0,0.0821,96.11,18.08,0.111,0
user_0025,56,56.58,121.89,3.95,4.7,0.36,39,1.0,0.0812,96.37,17.99,0.1083,0
user_0025,57,56.72,121.57,3.98,4.73,0.35,39,1.0,0.0812,96.18,17.9,0.1106,0
user_0025,58,56.73,121.56,4.06,4.68,0.36,40,0.99,0.0769,96.24,18.09,0.1099,0
user_0025,59,56.79,120.96,4.02,4.7,0.35,40,1.0,0.0847,96.07,18.14,0.1093,0
user_0026,0,47.23,109.66,4.02,4.21,0.41,39,1.0,0.1377,96.87,17.96,0.0899,0
user_0026,1,47.05,109.92,4.01,4.22,0.41,40,1.0,0.1355,96.83,17.99,0.091,0
user_0026,2,47.15,110.01,3.97,4.22,0.4,39,0.99,0.1329,96.78,18.05,0.09,0
user_0026,3,47.07,109.94,3.94,4.21,0.39,39,1.01,0.1352,97.06,17.93,0.0925,0
user_0026,4,46.95,109.61,4.2,4.2,0.42,39,0.99,0.1323,96.85,17.89,0.0907,0
user_0026,5,46.78,109.82,3.88,4.22,0.39,40,0.99,0.134,96.9,18.04,0.0898,0
user_0026,6,46.8,109.93,3.99,4.2,0.41,39,1.0,0.1331,96.77,17.92,0.0914,0
user_0026,7,47.3,109.38,3.97,4.22,0.41,40,1.0,0.1335,96.9,17.84,0.0889,0
user_0026,8,47.45,109.53,3.97,4.24,0.41,40,1.0,0.1323,96.97,18.05,0.0914,0
user_0026,9,47.13,109.17,3.98,4.2,0.39,39,1.0,0.1349,96.89,17.96,0.0914,0
user_0026,10,47.03,109.97,4.05,4.23,0.4,40,1.0,0.1346,96.8,17.93,0.0914,0
user_0026,11,46.93,109.67,4.04,4.23,0.39,40,1.01,0.1355,96.82,18.13,0.0932,0
user_0026,12,47.19,109.3,4.05,4.26,0.38,40,1.0,0.1364,96.84,18.03,0.0914,0
user_0026,13,47.17,109.84,3.93,4.22,0.4,40,1.0,0.1335,96.75,18.07,0.0906,0
user_0026,14,47.18,109.72,4.11,4.2,0.42,40,1.0,0.1331,97.04,17.91,0.0913,0
user_0026,15,47.11,109.73,4.06,4.2,0.42,39,1.0,0.1323,96.95,18.19,0.093,0
user_0026,16,47.23,109.64,4.0,4.21,0.39,39,1.0,0.1331,96.62,17.87,0.0919,0
user_0026,17,46.81,109.61,3.97,4.23,0.41,40,1.0,0.133,96.93,17.82,0.0918,0
user_0026,18,47.23,110.31,3.94,4.21,0.4,39,1.0,0.1352,96.81,17.99,0.092,0
user_0026,19,46.87,109.67,4.04,4.2,0.37,40,1.0,0.1326,96.94,17.98,0.09,0
user_0026,20,47.12,109.74,3.95,4.2,0.39,40,0.99,0.1332,96.85,18.15,0.0912,0
user_0026,21,47.15,109.76,4.07,4.27,0.4,40,1.0,0.1352,96.86,17.95,0.091,0
user_0026,22,47.43,109.81,3.86,4.21,0.4,39,1.0,0.1349,96.89,18.03,0.092,0
user_0026,23,46.84,109.67,4.03,4.23,0.4,39,1.0,0.1359,96.66,17.87,0.0915,0
user_0026,24,47.14,109.33,4.05,4.23,0.41,40,1.0,0.1351,96.89,18.02,0.091,0
user_0026,25,47.05,109.79,4.06,4.27,0.41,40,1.01,0.135,96.74,17.93,0.0929,0
user_0026,26,46.96,109.87,3.93,4.25,0.4,40,1.0,0.1352,96.86,18.09,0.0917,0
user_0026,27,47.11,109.89,4.05,4.21,0.4,40,1.0,0.135,96.76,17.82,0.0907,0
user_0026,28,46.99,109.65,4.06,4.26,0.41,39,1.0,0.1337,96.66,17.99,0.0923,0
user_0026,29,47.01,109.94,3.95,4.24,0.4,40,1.0,0.1336,96.99,17.94,0.0913,0
user_0026,30,46.98,109.96,4.1,4.21,0.41,40,1.0,0.1367,97.0,17.91,0.0922,0
user_0026,31,47.14,109.79,3.98,4.18,0.41,40,1.01,0.1334,96.68,17.88,0.0926,0
user_0026,32,47.0,110.07,4.0,4.2,0.42,40,1.0,0.1359,96.86,18.04,0.0928,0
user_0026,33,46.83,109.64,4.0,4.23,0.39,40,0.99,0.1326,96.82,18.19,0.0936,0
user_0026,34,47.14,109.67,4.01,4.23,0.42,39,1.01,0.1323,96.8,18.0,0.0914,0
user_0026,35,47.06,109.77,4.0,4.18,0.41,40,1.01,0.1372,96.88,18.14,0.0911,0
user_0026,36,46.85,109.97,4.06,4.22,0.4,40,1.0,0.1351,96.75,17.92,0.0897,0
user_0026,37,47.4,109.75,4.09,4.19,0.4,40,1.01,0.1335,96.8,17.92,0.0909,0
user_0026,38,46.91,109.37,4.02,4.24,0.39,39,1.0,0.137,96.56,18.04,0.0917,0
user_0026,39,46.96,109.64,4.02,4.22,0.42,40,1.0,0.1351,96.91,17.92,0.0912,0
user_0026,40,47.05,109.55,4.07,4.17,0.42,39,1.0,0.1359,96.72,18.04,0.0914,0
user_0026,41,47.11,109.64,3.97,4.18,0.4,40,1.0,0.1338,97.0,17.98,0.0914,0
user_0026,42,47.14,109.69,4.05,4.25,0.41,40,0.99,0.1327,96.79,17.92,0.0903,0
user_0026,43,47.2,109.76,3.99,4.22,0.4,39,1.01,0.1318,96.97,18.23,0.0923,0
user_0026,44,46.91,109.61,4.08,4.22,0.4,39,0.99,0.1342,96.72,18.07,0.0902,0
user_0026,45,47.07,109.62,4.03,4.24,0.41,39,1.0,0.138,96.94,17.98,0.0905,0
user_0026,46,46.85,110.01,3.95,4.25,0.41,40,1.0,0.1341,96.85,18.0,0.0908,0
user_0026,47,46.82,109.19,4.06,4.22,0.41,39,1.0,0.1358,97.0,17.97,0.09,0
user_0026,48,47.24,109.66,3.96,4.21,0.4,40,0.99,0.1346,96.87,17.94,0.0926,0
user_0026,49,47.2,109.62,3.99,4.24,0.4,40,1.0,0.1348,96.87,18.31,0.09,0
user_0026,50,46.9,109.67,4.11,4.16,0.38,39,1.01,0.1345,96.73,18.08,0.0927,0
user_0026,51,46.97,109.84,4.01,4.24,0.4,40,1.0,0.1355,96.68,17.86,0.0903,0
user_0026,52,47.1,109.87,3.92,4.23,0.41,40,1.0,0.1339,96.71,18.17,0.0915,0
user_0026,53,46.82,110.04,4.05,4.25,0.4,39,1.0,0.1376,96.79,17.9,0.0904,0
user_0026,54,47.01,110.12,4.02,4.25,0.41,39,0.99,0.1368,96.94,18.11,0.092,0
user_0026,55,46.96,109.8,4.08,4.25,0.41,40,1.0,0.1364,96.86,17.96,0.092,0
user_0026,56,47.17,109.82,3.94,4.25,0.4,40,0.99,0.1332,96.87,18.06,0.0913,0
user_0026,57,46.98,110.01,4.01,4.23,0.4,39,1.01,0.1335,97.01,17.92,0.0914,0
user_0026,58,47.07,109.7,4.05,4.24,0.41,39,0.99,0.1326,96.82,18.21,0.091,0
user_0026,59,47.38,109.72,4.01,4.24,0.4,40,0.99,0.1331,96.68,18.07,0.0897,0
user_0027,0,71.1,118.88,3.98,4.72,0.23,39,1.0,0.077,93.32,17.99,0.1533,0
user_0027,1,71.36,118.67,4.09,4.76,0.22,40,1.0,0.0777,93.24,17.94,0.1528,0
user_0027,2,71.44,118.76,4.06,4.78,0.24,39,1.01,0.077,93.34,17.92,0.1513,0
user_0027,3,71.26,118.36,4.06,4.73,0.24,40,0.99,0.0769,93.33,18.04,0.1517,0
user_0027,4,71.39,118.53,4.0,4.77,0.24,39,1.0,0.0765,93.27,18.14,0.1525,0
user_0027,5,71.12,118.41,4.03,4.74,0.23,40,1.0,0.079,93.43,17.93,0.151,0
user_0027,6,71.25,118.29,4.01,4.76,0.24,40,1.0,0.0783,93.11,18.04,0.1536,0
user_0027,7,70.84,118.73,3.99,4.75,0.24,40,1.0,0.077,93.21,18.01,0.1528,0
user_0027,8,71.24,118.49,4.21,4.79,0.25,39,1.0,0.0776,93.2,18.16,0.1533,0
user_0027,9,71.21,119.01,4.0,4.83,0.24,40,1.01,0.0794,93.36,17.99,0.1524,0
user_0027,10,71.17,118.6,3.92,4.72,0.24,40,1.0,0.0774,93.48,17.94,0.15,0
user_0027,11,70.97,118.26,4.06,4.75,0.24,40,0.99,0.0782,93.36,17.91,0.1533,0
user_0027,12,71.25,118.46,4.16,4.78,0.24,40,1.0,0.0794,93.25,17.95,0.1517,0
user_0027,13,71.2,118.77,4.02,4.76,0.24,39,1.0,0.0776,93.35,18.04,0.1516,0
user_0027,14,61.82,142.5,9.35,6.53,1.33,61,0.82,0.2231,84.26,23.86,0.272,1
user_0027,15,61.74,142.49,9.51,6.51,1.33,61,0.82,0.2165,84.43,23.9,0.2714,1
user_0027,16,61.67,142.66,9.45,6.59,1.32,61,0.82,0.2199,84.23,24.09,0.2728,1
user_0027,17,61.8,142.43,9.47,6.54,1.33,61,0.83,0.2192,84.48,23.96,0.2715,1
user_0027,18,61.72,142.39,9.39,6.55,1.31,61,0.82,0.2204,84.17,23.95,0.2732,1
user_0027,19,61.57,142.38,9.41,6.56,1.34,61,0.82,0.2229,84.4,24.02,0.2718,1
user_0027,20,62.0,142.54,9.37,6.55,1.3,61,0.81,0.2215,84.28,24.22,0.2701,2
user_0027,21,61.56,142.53,9.39,6.55,1.31,61,0.82,0.218,84.3,23.94,0.2729,2
user_0027,22,61.96,142.48,9.5,6.56,1.31,62,0.82,0.2215,84.37,24.03,0.2719,2
user_0027,23,61.49,142.49,9.45,6.56,1.32,61,0.82,0.2196,84.29,23.95,0.2723,2
user_0027,24,61.59,142.41,9.48,6.57,1.31,61,0.83,0.222,84.36,23.92,0.273,2
user_0027,25,62.04,142.36,9.31,6.57,1.32,61,0.81,0.2214,84.36,23.96,0.2725,2
user_0027,26,61.87,142.62,9.4,6.59,1.31,61,0.82,0.2208,84.22,24.18,0.2741,2
user_0027,27,61.64,142.58,9.39,6.6,1.33,61,0.82,0.2196,84.48,24.04,0.2711,2
user_0027,28,61.66,142.49,9.44,6.59,1.3,62,0.83,0.2202,84.31,24.17,0.2732,2
user_0027,29,61.64,142.76,9.62,6.57,1.31,61,0.82,0.2207,84.35,23.87,0.2713,2
user_0027,30,61.81,142.12,9.47,6.52,1.3,61,0.82,0.2235,84.31,23.98,0.2725,2
user_0027,31,61.56,142.6,9.31,6.57,1.31,61,0.82,0.2218,84.42,23.84,0.2718,2
user_0027,32,61.58,142.78,9.46,6.58,1.31,61,0.81,0.2189,84.18,24.0,0.2726,2
user_0027,33,61.25,142.89,9.41,6.53,1.32,61,0.82,0.2232,84.17,23.96,0.271,2
user_0027,34,61.95,142.72,9.61,6.56,1.31,61,0.83,0.221,84.32,24.01,0.272,2
user_0027,35,61.6,142.53,9.39,6.57,1.32,62,0.82,0.2209,84.22,24.02,0.2714,2
user_0027,36,67.33,128.84,6.06,5.53,0.68,49,0.92,0.1393,89.65,20.56,0.2027,1
user_0027,37,67.18,128.41,6.31,5.5,0.7,48,0.93,0.1407,89.48,20.51,0.203,1
user_0027,38,67.44,128.48,6.21,5.51,0.7,48,0.93,0.1369,89.63,20.52,0.2009,1
user_0027,39,67.15,128.06,6.19,5.54,0.7,49,0.93,0.1373,89.63,20.53,0.2037,1
user_0027,40,67.28,128.9,6.32,5.54,0.67,49,0.92,0.1369,89.41,20.5,0.202,1
user_0027,41,67.1,128.19,6.29,5.54,0.69,49,0.92,0.1374,89.46,20.34,0.2038,1
user_0027,42,67.46,128.21,6.26,5.52,0.68,48,0.93,0.1388,89.59,20.49,0.2018,1
user_0027,43,67.43,128.68,6.26,5.52,0.69,48,0.93,0.1359,89.51,20.56,0.2008,1
user_0027,44,67.06,128.58,6.12,5.49,0.69,48,0.93,0.1357,89.55,20.54,0.2008,1
user_0027,45,67.45,128.69,6.13,5.52,0.69,48,0.92,0.1379,89.78,20.46,0.2035,1
user_0027,46,67.18,128.61,6.31,5.52,0.68,49,0.93,0.138,89.5,20.48,0.2044,1
user_0027,47,67.31,128.41,6.16,5.47,0.69,49,0.92,0.1375,89.44,20.51,0.2024,1
user_0027,48,67.21,128.98,6.19,5.52,0.69,48,0.92,0.1354,89.69,20.48,0.2025,1
user_0027,49,67.39,128.4,6.24,5.55,0.67,49,0.92,0.1358,89.57,20.72,0.2,1
user_0027,50,67.27,128.68,6.25,5.53,0.68,48,0.92,0.1358,89.55,20.46,0.2015,1
user_0027,51,67.34,128.11,6.23,5.58,0.67,49,0.93,0.1366,89.42,20.51,0.2034,1
user_0027,52,67.23,128.54,6.33,5.53,0.67,49,0.93,0.1375,89.28,20.54,0.2017,1
user_0027,53,67.02,128.14,6.32,5.5,0.68,48,0.92,0.1377,89.53,20.38,0.2014,1
user_0027,54,67.36,128.57,6.24,5.57,0.69,49,0.92,0.1379,89.51,20.58,0.2018,1
user_0027,55,67.33,128.6,6.25,5.59,0.68,48,0.93,0.1366,89.53,20.39,0.2024,1
user_0027,56,67.37,128.48,6.3,5.47,0.68,48,0.92,0.1349,89.52,20.57,0.2032,1
user_0027,57,67.21,128.74,6.3,5.55,0.68,48,0.93,0.136,89.48,20.47,0.2016,1
user_0027,58,67.31,128.74,6.22,5.53,0.69,49,0.92,0.1374,89.52,20.48,0.2011,1
user_0027,59,67.16,128.75,6.17,5.51,0.7,48,0.93,0.1366,89.45,20.34,0.2032,1
user_0028,0,51.02,122.24,4.06,3.17,0.43,39,1.0,0.1413,90.48,17.91,0.0881,0
user_0028,1,50.83,122.72,4.11,3.19,0.42,40,0.99,0.1428,90.46,18.1,0.088,0
user_0028,2,51.15,122.36,3.94,3.19,0.42,40,1.02,0.143,90.69,17.98,0.0879,0
user_0028,3,51.06,122.19,3.96,3.23,0.44,40,1.0,0.145,90.74,18.08,0.0874,0
user_0028,4,50.96,122.46,3.94,3.2,0.43,39,1.0,0.1456,90.68,18.09,0.0873,0
user_0028,5,50.83,122.71,3.92,3.17,0.44,40,1.0,0.1416,90.62,17.89,0.0883,0
user_0028,6,51.11,122.6,3.96,3.18,0.43,39,1.0,0.143,90.49,18.04,0.0879,0
user_0028,7,51.16,122.36,3.86,3.22,0.44,40,1.01,0.1464,90.53,18.15,0.0871,0
user_0028,8,51.02,122.54,3.93,3.23,0.43,40,1.0,0.1426,90.56,18.15,0.0859,0
user_0028,9,51.04,122.93,3.99,3.19,0.43,39,1.01,0.1451,90.5,17.92,0.0876,0
user_0028,10,50.71,122.1,4.02,3.23,0.44,39,1.0,0.1442,90.73,17.87,0.0867,0
user_0028,11,50.85,122.41,4.0,3.2,0.44,39,0.99,0.1431,90.71,17.93,0.0874,0
user_0028,12,50.92,122.55,4.12,3.22,0.44,39,1.01,0.1442,90.43,18.25,0.0875,0
user_0028,13,50.98,122.2,4.16,3.18,0.43,39,1.0,0.1437,90.47,17.99,0.0876,0
user_0028,14,42.87,142.02,8.52,4.67,1.34,57,0.85,0.2642,83.13,23.13,0.1866,1
user_0028,15,42.74,142.61,8.4,4.68,1.32,58,0.84,0.2632,83.0,22.96,0.1873,1
user_0028,16,43.03,142.14,8.45,4.74,1.34,57,0.85,0.2671,83.01,22.81,0.1869,1
user_0028,17,42.89,142.27,8.57,4.71,1.33,57,0.85,0.2654,83.08,22.88,0.1884,1
user_0028,18,42.86,142.13,8.63,4.72,1.33,57,0.85,0.2637,83.1,22.94,0.1874,1
user_0028,19,42.81,142.53,8.5,4.68,1.33,58,0.84,0.265,83.0,22.95,0.1846,1
user_0028,20,30.99,172.29,15.21,6.95,2.66,85,0.63,0.4444,71.84,30.5,0.3374,3
user_0028,21,31.02,172.79,15.22,6.96,2.68,85,0.63,0.4439,71.93,30.5,0.3374,3
user_0028,22,30.77,172.51,15.21,6.97,2.67,85,0.62,0.4445,71.87,30.42,0.3386,3
user_0028,23,30.77,172.63,15.12,6.94,2.7,84,0.63,0.4465,71.86,30.53,0.3381,3
user_0028,24,30.7,172.35,15.26,6.91,2.7,85,0.63,0.4461,71.95,30.48,0.3358,3
user_0028,25,30.8,172.31,15.3,6.95,2.67,85,0.63,0.4463,71.76,30.53,0.3365,3
user_0028,26,31.2,172.48,15.22,6.94,2.69,85,0.62,0.4462,71.92,30.64,0.3392,3
user_0028,27,30.89,172.69,15.21,6.94,2.7,84,0.63,0.4428,71.81,30.45,0.3389,3
user_0028,28,30.98,172.68,15.11,6.95,2.68,85,0.64,0.4405,71.92,30.72,0.3369,3
user_0028,29,30.93,172.64,15.09,6.96,2.67,85,0.62,0.4431,71.96,30.55,0.3384,3
user_0028,30,31.19,172.33,15.38,7.0,2.67,84,0.63,0.4438,72.05,30.41,0.3377,3
user_0028,31,30.79,172.5,15.41,7.0,2.69,85,0.63,0.4437,72.07,30.63,0.3377,3
user_0028,32,30.87,172.43,15.28,6.95,2.69,85,0.62,0.4424,71.98,30.38,0.3371,3
user_0028,33,30.84,172.16,15.27,6.95,2.68,85,0.61,0.4428,71.82,30.36,0.3397,3
user_0028,34,31.24,172.3,15.35,6.96,2.7,84,0.63,0.4462,72.0,30.52,0.3365,3
user_0028,35,30.79,172.01,15.31,6.96,2.68,84,0.62,0.4446,71.94,30.41,0.3374,3
user_0028,36,30.81,172.42,15.16,6.94,2.7,84,0.62,0.4432,71.86,30.68,0.3389,3
user_0028,37,30.88,172.31,15.12,6.93,2.66,85,0.63,0.4436,71.92,30.39,0.3355,3
user_0028,38,30.91,172.57,15.38,7.0,2.68,85,0.63,0.4441,71.87,30.49,0.3374,3
user_0028,39,31.15,172.53,15.38,6.93,2.65,84,0.62,0.4419,72.01,30.37,0.338,3
user_0028,40,25.61,186.18,18.38,8.03,3.31,97,0.52,0.5284,66.58,33.92,0.4064,4
user_0028,41,25.39,186.31,18.49,8.04,3.3,97,0.53,0.5269,66.75,34.06,0.4084,4
user_0028,42,25.19,186.95,18.35,8.02,3.31,97,0.52,0.5263,66.66,33.96,0.4071,4
user_0028,43,25.39,186.1,18.49,8.0,3.32,97,0.52,0.5263,66.74,34.03,0.407,4
user_0028,44,25.29,186.56,18.41,8.01,3.33,97,0.52,0.528,66.74,34.16,0.4077,4
user_0028,45,25.4,186.78,18.47,8.03,3.31,97,0.51,0.5278,66.62,33.99,0.4079,4
user_0028,46,25.38,186.46,18.43,8.02,3.3,97,0.52,0.5303,66.64,34.01,0.4057,4
user_0028,47,25.4,186.5,18.41,8.0,3.32,97,0.52,0.5301,66.56,33.94,0.4079,4
user_0028,48,25.4,186.6,18.3,7.97,3.31,97,0.52,0.528,66.54,33.94,0.4076,4
user_0028,49,25.08,186.32,18.38,7.99,3.31,97,0.52,0.5272,66.52,33.96,0.4087,4
user_0028,50,24.99,186.49,18.38,8.03,3.32,97,0.53,0.5246,66.69,34.07,0.4091,4
user_0028,51,25.34,186.31,18.32,8.04,3.33,97,0.52,0.5302,66.7,33.98,0.4067,4
user_0028,52,25.18,186.71,18.37,7.99,3.32,97,0.52,0.5276,66.59,33.93,0.4082,4
user_0028,53,25.32,186.55,18.32,8.02,3.31,97,0.52,0.5286,66.44,34.11,0.4061,4
user_0028,54,25.46,186.45,18.28,8.0,3.3,97,0.52,0.5266,66.69,34.0,0.408,4
user_0028,55,25.29,186.76,18.37,7.96,3.3,97,0.52,0.5301,66.51,34.1,0.407,4
user_0028,56,25.5,186.6,18.41,8.02,3.32,97,0.51,0.5299,66.6,34.26,0.4069,4
user_0028,57,25.25,186.66,18.46,8.01,3.31,97,0.52,0.5259,66.83,33.9,0.4072,4
user_0028,58,25.41,186.47,18.36,8.0,3.31,97,0.52,0.5266,66.73,34.01,0.4069,4
user_0028,59,25.26,186.76,18.46,8.01,3.31,97,0.52,0.5308,66.62,34.17,0.4077,4
user_0029,0,51.51,148.19,4.17,2.86,0.11,40,1.0,0.0557,99.55,17.98,0.1823,0
user_0029,1,51.69,148.15,3.99,2.82,0.1,39,0.99,0.0583,99.34,18.07,0.1822,0
user_0029,2,51.86,147.86,3.96,2.85,0.09,40,1.0,0.0577,99.52,17.89,0.1825,0
user_0029,3,51.74,147.96,4.01,2.85,0.1,40,1.0,0.0555,99.3,18.19,0.1837,0
user_0029,4,51.85,147.88,4.0,2.83,0.13,40,1.0,0.056,99.68,17.98,0.1845,0
user_0029,5,51.83,147.85,4.05,2.83,0.09,40,1.0,0.0593,99.52,18.06,0.1822,0
user_0029,6,51.62,147.89,3.94,2.85,0.11,40,1.0,0.0589,99.52,18.06,0.1828,0
user_0029,7,51.98,148.2,4.07,2.87,0.11,39,1.0,0.056,99.52,17.98,0.1837,0
user_0029,8,51.89,147.85,3.98,2.84,0.08,39,0.99,0.0576,99.56,18.04,0.1831,0
user_0029,9,51.71,147.7,4.0,2.92,0.12,40,1.0,0.057,99.4,18.04,0.1832,0
user_0029,10,51.84,148.36,4.02,2.84,0.09,40,0.99,0.0579,99.58,18.1,0.1833,0
user_0029,11,51.64,147.79,3.91,2.83,0.09,40,1.0,0.0593,99.38,17.88,0.1838,0
user_0029,12,51.71,147.93,3.98,2.89,0.11,40,1.01,0.0611,99.37,18.06,0.1833,0
user_0029,13,51.46,148.34,3.98,2.82,0.1,39,1.0,0.0582,99.65,17.93,0.1854,0
user_0029,14,43.83,168.07,8.56,4.34,1.02,58,0.84,0.1789,92.06,22.97,0.2838,1
user_0029,15,43.61,167.62,8.38,4.3,1.01,57,0.85,0.1774,91.95,22.81,0.2841,1
user_0029,16,43.51,168.25,8.45,4.34,1.0,58,0.85,0.1779,92.01,23.05,0.283,1
user_0029,17,43.77,168.27,8.55,4.37,1.0,57,0.85,0.179,92.07,23.28,0.2847,1
user_0029,18,43.53,167.78,8.67,4.34,1.0,57,0.86,0.1793,91.9,22.9,0.284,1
user_0029,19,43.71,168.18,8.54,4.34,1.0,57,0.85,0.1783,91.98,22.91,0.2844,1
user_0029,20,31.65,197.76,15.22,6.6,2.35,85,0.63,0.3605,80.76,30.39,0.4335,3
user_0029,21,31.55,198.39,15.4,6.61,2.36,85,0.63,0.3561,80.72,30.41,0.434,3
user_0029,22,31.7,198.45,15.32,6.6,2.35,85,0.62,0.359,80.73,30.46,0.4338,3
user_0029,23,31.41,197.58,15.28,6.63,2.36,84,0.62,0.3597,80.67,30.56,0.4341,3
user_0029,24,31.78,197.98,15.28,6.59,2.35,84,0.61,0.3582,80.88,30.57,0.4339,3
user_0029,25,31.6,198.22,15.24,6.63,2.34,84,0.62,0.3563,80.64,30.51,0.433,3
user_0029,26,31.13,198.24,15.12,6.61,2.35,85,0.63,0.3577,80.66,30.65,0.4322,3
user_0029,27,31.73,197.93,15.22,6.6,2.35,85,0.63,0.3591,80.74,30.43,0.4337,3
user_0029,28,31.6,197.77,15.22,6.59,2.35,85,0.62,0.3588,80.74,30.44,0.4338,3
user_0029,29,31.86,198.01,15.27,6.57,2.37,84,0.62,0.3598,80.72,30.47,0.4332,3
user_0029,30,31.99,198.06,15.29,6.6,2.36,85,0.62,0.3563,80.82,30.55,0.4338,3
user_0029,31,31.78,197.87,15.25,6.59,2.35,85,0.62,0.362,80.82,30.32,0.4335,3
user_0029,32,31.68,198.07,15.18,6.59,2.35,84,0.62,0.3599,80.56,30.55,0.4345,3
user_0029,33,31.67,197.98,15.34,6.57,2.35,84,0.63,0.3604,80.59,30.6,0.4345,3
user_0029,34,31.94,198.06,15.25,6.62,2.36,85,0.63,0.3587,80.61,30.44,0.4323,3
user_0029,35,31.67,198.2,15.25,6.62,2.36,84,0.63,0.3592,80.74,30.52,0.433,3
user_0029,36,31.64,198.53,15.34,6.56,2.33,85,0.63,0.3577,80.83,30.51,0.4336,3
user_0029,37,31.82,197.83,15.23,6.61,2.35,85,0.63,0.3594,80.72,30.59,0.4334,3
user_0029,38,31.75,197.74,15.33,6.6,2.37,85,0.63,0.3586,80.63,30.59,0.4339,3
user_0029,39,31.79,198.4,15.19,6.57,2.35,85,0.63,0.3572,80.81,30.38,0.4329,3
user_0029,40,26.09,211.83,18.47,7.65,3.0,97,0.52,0.4443,75.47,34.15,0.5043,4
user_0029,41,25.75,212.26,18.47,7.67,2.96,97,0.52,0.4412,75.65,34.0,0.5037,4
user_0029,42,26.19,212.11,18.15,7.63,2.97,97,0.52,0.4425,75.27,33.97,0.5048,4
user_0029,43,26.32,212.15,18.3,7.67,2.99,97,0.51,0.4439,75.42,34.03,0.5038,4
user_0029,44,26.34,211.94,18.4,7.68,2.98,97,0.52,0.441,75.48,34.07,0.5051,4
user_0029,45,26.33,211.89,18.33,7.63,2.97,97,0.52,0.4436,75.26,33.93,0.503,4
user_0029,46,26.28,211.69,18.42,7.64,2.99,97,0.52,0.4417,75.29,34.02,0.5043,4
user_0029,47,25.87,211.66,18.42,7.65,2.97,97,0.51,0.4446,75.35,34.05,0.5037,4
user_0029,48,26.3,211.77,18.4,7.6,2.96,97,0.51,0.4422,75.58,34.07,0.5031,4
user_0029,49,25.87,212.09,18.5,7.63,2.97,97,0.52,0.4443,75.36,33.85,0.5061,4
user_0029,50,26.08,212.03,18.35,7.65,2.99,97,0.53,0.442,75.45,34.02,0.5042,4
user_0029,51,26.14,211.65,18.42,7.63,2.98,97,0.52,0.4408,75.22,34.17,0.5043,4
user_0029,52,26.09,211.8,18.18,7.62,2.99,97,0.52,0.4427,75.61,33.97,0.5048,4
user_0029,53,26.05,211.75,18.32,7.62,2.99,97,0.51,0.4436,75.51,34.1,0.5042,4
user_0029,54,25.99,211.99,18.41,7.62,2.97,97,0.53,0.4419,75.6,33.95,0.5046,4
user_0029,55,26.24,212.21,18.43,7.68,2.99,98,0.51,0.443,75.51,33.91,0.5043,4
user_0029,56,25.88,211.8,18.25,7.68,2.98,98,0.52,0.4432,75.42,33.9,0.5042,4
user_0029,57,26.09,211.63,18.29,7.62,3.0,98,0.52,0.4427,75.45,33.91,0.5051,4
user_0029,58,26.39,211.74,18.39,7.63,2.98,97,0.51,0.4432,75.55,33.99,0.5046,4
user_0029,59,26.13,212.27,18.29,7.63,2.98,96,0.51,0.4413,75.57,33.93,0.5029,4
user_0030,0,66.67,98.6,4.13,2.3,0.27,40,1.0,0.0706,91.06,18.15,0.1368,0
user_0030,1,66.77,98.91,3.96,2.35,0.28,40,1.0,0.0684,91.14,18.08,0.1362,0
user_0030,2,66.64,98.83,4.06,2.28,0.25,39,1.01,0.0699,91.17,18.22,0.1376,0
user_0030,3,66.67,98.66,4.09,2.38,0.27,39,1.0,0.0686,91.29,17.92,0.1369,0
user_0030,4,66.74,99.1,3.88,2.32,0.27,39,1.01,0.0712,91.32,17.93,0.1365,0
user_0030,5,66.7,98.75,3.91,2.36,0.25,40,1.0,0.0697,91.3,18.12,0.1372,0
user_0030,6,66.88,99.38,4.02,2.37,0.28,39,1.0,0.07,91.1,18.01,0.1374,0
user_0030,7,66.3,98.91,3.98,2.38,0.28,39,1.01,0.0718,91.16,17.95,0.1361,0
user_0030,8,66.36,98.36,4.0,2.29,0.26,40,1.01,0.0693,91.24,17.97,0.1367,0
user_0030,9,66.56,98.66,3.99,2.34,0.28,40,1.0,0.0706,91.26,17.98,0.1379,0
user_0030,10,66.68,99.08,4.01,2.31,0.26,39,1.0,0.0733,91.34,18.09,0.1363,0
user_0030,11,66.75,98.93,3.94,2.36,0.26,39,1.0,0.0709,91.17,17.89,0.138,0
user_0030,12,66.62,98.46,4.2,2.31,0.26,40,1.0,0.0732,91.16,17.91,0.1378,0
user_0030,13,66.1,98.95,4.1,2.29,0.26,39,1.0,0.0744,91.2,17.98,0.1344,0
user_0030,14,66.37,98.79,4.01,2.35,0.27,39,1.0,0.0703,91.09,17.91,0.1377,0
user_0030,15,66.16,98.36,4.24,2.33,0.28,39,1.0,0.072,91.19,17.98,0.1372,0
user_0030,16,66.6,98.65,3.96,2.32,0.25,40,1.0,0.0725,91.15,18.05,0.1372,0
user_0030,17,66.27,98.83,4.05,2.32,0.29,40,1.0,0.0724,90.95,18.07,0.1395,0
user_0030,18,66.65,98.76,3.92,2.31,0.25,39,0.99,0.0708,91.2,17.83,0.1364,0
user_0030,19,66.45,98.67,4.0,2.35,0.26,39,1.0,0.0732,91.04,18.11,0.1356,0
user_0030,20,66.59,99.08,3.9,2.35,0.25,40,0.99,0.0697,91.19,18.07,0.1373,0
user_0030,21,66.61,98.68,3.92,2.38,0.27,39,0.99,0.0729,91.31,17.98,0.1365,0
user_0030,22,66.5,98.77,4.06,2.31,0.26,39,1.0,0.0723,91.21,18.18,0.1362,0
user_0030,23,66.76,98.58,3.97,2.35,0.28,39,1.0,0.0706,90.95,18.0,0.136,0
user_0030,24,66.73,99.14,3.94,2.32,0.26,40,1.0,0.0762,91.15,18.01,0.1391,0
user_0030,25,66.58,98.55,4.03,2.36,0.26,40,1.0,0.0704,91.34,17.92,0.1376,0
user_0030,26,66.45,98.4,4.03,2.39,0.26,39,1.0,0.0698,91.29,17.98,0.1354,0
user_0030,27,66.62,98.87,3.98,2.32,0.28,39,1.0,0.0704,91.25,18.01,0.1372,0
user_0030,28,66.42,98.95,4.11,2.32,0.26,40,0.99,0.0702,91.32,18.14,0.1348,0
user_0030,29,66.65,98.77,3.99,2.37,0.26,39,1.0,0.0705,91.22,18.13,0.1376,0
user_0030,30,66.54,98.96,4.06,2.36,0.26,40,0.99,0.0733,91.33,18.09,0.1384,0
user_0030,31,66.53,98.63,3.91,2.37,0.26,39,1.0,0.071,91.21,17.82,0.137,0
user_0030,32,66.66,98.71,3.94,2.37,0.26,40,1.0,0.071,91.33,18.06,0.136,0
user_0030,33,66.48,98.72,4.02,2.37,0.26,40,0.99,0.073,91.16,18.03,0.1375,0
user_0030,34,66.42,98.76,3.94,2.38,0.24,39,1.0,0.0733,91.25,17.84,0.1371,0
user_0030,35,66.65,99.38,3.97,2.31,0.27,39,1.0,0.0721,91.21,18.05,0.1388,0
user_0030,36,66.5,98.51,4.02,2.31,0.25,39,0.99,0.0728,91.19,18.07,0.1377,0
user_0030,37,66.51,99.06,3.96,2.34,0.26,40,1.0,0.0719,91.12,18.08,0.138,0
user_0030,38,66.3,98.82,4.01,2.34,0.28,39,1.0,0.0698,91.28,17.9,0.1354,0
user_0030,39,66.6,98.79,4.08,2.36,0.26,39,0.99,0.0684,91.17,17.93,0.137,0
user_0030,40,66.57,99.3,4.04,2.34,0.25,40,1.0,0.0716,91.08,17.96,0.1373,0
user_0030,41,66.48,98.67,3.84,2.32,0.27,40,1.0,0.0726,91.17,17.91,0.1367,0
user_0030,42,66.61,98.75,3.95,2.3,0.25,39,1.0,0.0696,91.34,18.06,0.1394,0
user_0030,43,66.3,98.9,3.97,2.34,0.28,39,1.0,0.0699,91.12,17.79,0.1385,0
user_0030,44,66.74,98.97,3.9,2.35,0.27,40,1.0,0.0732,91.11,17.98,0.1378,0
user_0030,45,66.59,98.96,4.04,2.36,0.26,39,1.0,0.0733,91.18,18.06,0.1373,0
user_0030,46,66.84,98.79,4.05,2.33,0.25,39,1.01,0.072,90.97,18.07,0.1357,0
user_0030,47,66.67,98.96,3.99,2.36,0.26,40,0.99,0.0707,91.27,17.87,0.138,0
user_0030,48,66.24,98.52,3.98,2.35,0.26,39,1.01,0.0728,91.14,17.96,0.1369,0
user_0030,49,66.87,98.83,4.12,2.36,0.26,39,1.0,0.0699,91.14,18.07,0.137,0
user_0030,50,66.48,98.74,3.95,2.35,0.26,39,1.0,0.0705,91.14,18.06,0.1365,0
user_0030,51,66.95,99.17,4.1,2.32,0.24,39,1.0,0.0708,91.13,17.83,0.1365,0
user_0030,52,66.5,98.7,3.96,2.32,0.28,40,1.0,0.0715,91.05,18.07,0.1386,0
user_0030,53,66.76,98.98,4.0,2.34,0.27,39,1.0,0.0703,91.4,17.97,0.1374,0
user_0030,54,66.56,98.65,4.03,2.35,0.27,40,1.0,0.0698,91.1,18.17,0.1373,0
user_0030,55,66.85,98.62,4.16,2.32,0.26,40,1.0,0.0721,90.99,17.94,0.1361,0
user_0030,56,66.33,98.82,3.84,2.37,0.27,40,0.99,0.0696,91.29,18.11,0.1386,0
user_0030,57,66.71,98.88,3.97,2.36,0.26,40,1.0,0.0714,91.3,17.97,0.1367,0
user_0030,58,66.52,98.53,4.05,2.35,0.26,40,0.99,0.0731,91.13,17.96,0.1381,0
user_0030,59,66.63,99.32,3.93,2.32,0.25,40,1.0,0.07,91.17,17.9,0.1387,0
user_0031,0,54.52,109.13,3.94,2.12,0.15,40,1.01,0.0901,93.31,18.01,0.1412,0
user_0031,1,54.71,109.56,3.99,2.11,0.12,40,1.0,0.0857,93.47,18.09,0.142,0
user_0031,2,54.38,108.97,3.91,2.07,0.13,40,1.01,0.0858,93.32,17.93,0.139,0
user_0031,3,54.49,109.23,3.99,2.12,0.14,39,1.0,0.0898,93.42,18.07,0.1414,0
user_0031,4,54.39,109.32,3.94,2.08,0.15,40,1.01,0.0863,93.25,17.88,0.1417,0
user_0031,5,53.98,109.14,4.11,2.12,0.13,39,1.0,0.0896,93.34,17.98,0.141,0
user_0031,6,54.21,109.23,3.98,2.06,0.14,40,1.0,0.0871,93.19,18.05,0.1409,0
user_0031,7,54.27,108.97,3.98,2.13,0.13,39,1.0,0.0885,93.18,18.07,0.1437,0
user_0031,8,54.02,108.98,3.79,2.09,0.15,40,1.01,0.0895,93.56,18.12,0.1412,0
user_0031,9,54.42,109.07,3.98,2.09,0.13,40,1.0,0.0868,93.3,18.07,0.1402,0
user_0031,10,54.38,109.62,4.02,2.09,0.14,39,1.0,0.0879,93.42,18.09,0.1417,0
user_0031,11,54.61,109.69,4.06,2.12,0.13,39,1.0,0.0862,93.36,18.08,0.143,0
user_0031,12,54.37,109.13,4.02,2.06,0.13,39,1.0,0.0884,93.31,17.93,0.1408,0
user_0031,13,54.16,109.37,4.07,2.11,0.13,39,1.0,0.0892,93.41,18.17,0.1416,0
user_0031,14,44.77,133.19,9.28,3.91,1.21,61,0.83,0.2317,84.16,24.05,0.2617,1
user_0031,15,44.7,133.39,9.46,3.87,1.21,61,0.82,0.2323,84.13,23.85,0.2617,1
user_0031,16,44.99,132.95,9.41,3.88,1.22,61,0.82,0.2313,84.41,24.01,0.2613,1
user_0031,17,44.88,133.3,9.39,3.88,1.22,61,0.82,0.2317,84.28,24.0,0.261,1
user_0031,18,44.92,133.46,9.33,3.89,1.22,61,0.82,0.2306,84.47,24.09,0.2614,1
user_0031,19,44.92,132.55,9.5,3.89,1.22,61,0.83,0.2306,84.54,24.04,0.2622,1
user_0031,20,44.76,132.96,9.47,3.9,1.23,61,0.82,0.2343,84.58,24.0,0.2608,2
user_0031,21,44.93,133.23,9.44,3.88,1.23,61,0.82,0.2315,84.36,23.96,0.2623,2
user_0031,22,44.94,133.43,9.39,3.89,1.22,61,0.81,0.2318,84.37,24.07,0.2615,2
user_0031,23,44.91,133.02,9.42,3.91,1.2,62,0.83,0.2322,84.31,23.98,0.2617,2
user_0031,24,44.87,133.66,9.36,3.9,1.2,61,0.82,0.2333,84.31,23.96,0.263,2
user_0031,25,44.98,133.34,9.23,3.95,1.22,61,0.82,0.2328,84.43,24.1,0.2607,2
user_0031,26,44.76,133.8,9.42,3.89,1.21,61,0.83,0.2336,84.36,24.04,0.2633,2
user_0031,27,44.97,133.09,9.21,3.9,1.22,61,0.82,0.2318,84.4,23.95,0.2629,2
user_0031,28,44.83,133.07,9.47,3.86,1.23,61,0.83,0.232,84.34,24.01,0.2615,2
user_0031,29,44.71,133.15,9.37,3.86,1.22,61,0.82,0.2306,84.27,24.19,0.261,2
user_0031,30,44.9,133.33,9.19,3.94,1.22,61,0.82,0.2305,84.57,23.91,0.2611,2
user_0031,31,44.7,133.31,9.5,3.94,1.21,61,0.82,0.2308,84.63,24.14,0.2618,2
user_0031,32,45.04,133.59,9.41,3.9,1.23,61,0.83,0.2319,84.54,24.0,0.2619,2
user_0031,33,44.8,133.16,9.38,3.92,1.19,61,0.82,0.2306,84.54,24.13,0.2622,2
user_0031,34,44.71,133.62,9.28,3.94,1.21,61,0.82,0.2306,84.58,24.08,0.2628,2
user_0031,35,44.62,133.33,9.44,3.9,1.2,61,0.82,0.2308,84.2,24.06,0.264,2
user_0031,36,50.25,119.33,6.33,2.81,0.58,48,0.93,0.1502,89.65,20.42,0.1911,1
user_0031,37,50.31,119.04,6.24,2.85,0.59,48,0.93,0.1481,89.51,20.52,0.191,1
user_0031,38,50.2,119.38,6.2,2.85,0.59,48,0.93,0.1455,89.79,20.36,0.1911,1
user_0031,39,50.61,119.23,6.16,2.86,0.59,48,0.92,0.1476,89.62,20.31,0.1914,1
user_0031,40,50.67,119.06,6.21,2.81,0.59,49,0.93,0.1464,89.69,20.64,0.1921,1
user_0031,41,50.48,119.17,6.27,2.87,0.59,48,0.92,0.1501,89.67,20.51,0.191,1
user_0031,42,50.58,119.7,6.34,2.88,0.58,48,0.92,0.1483,89.78,20.62,0.1921,1
user_0031,43,50.19,118.87,6.27,2.86,0.58,49,0.92,0.1464,89.57,20.43,0.1921,1
user_0031,44,50.34,118.9,6.32,2.8,0.57,48,0.93,0.1485,89.83,20.59,0.193,1
user_0031,45,50.45,119.04,6.26,2.86,0.59,48,0.93,0.1468,89.53,20.39,0.1916,1
user_0031,46,50.23,119.18,6.32,2.81,0.58,49,0.93,0.1475,89.72,20.56,0.1927,1
user_0031,47,50.39,119.16,6.2,2.85,0.58,48,0.92,0.1472,89.66,20.36,0.1919,1
user_0031,48,50.51,119.14,6.39,2.84,0.57,48,0.93,0.1489,89.61,20.4,0.1905,1
user_0031,49,50.31,119.15,6.16,2.82,0.59,49,0.93,0.1502,89.74,20.58,0.1912,1
user_0031,50,50.43,119.18,6.23,2.84,0.59,49,0.92,0.1483,89.68,20.57,0.1901,1
user_0031,51,50.24,119.57,6.25,2.83,0.58,48,0.93,0.1466,89.64,20.52,0.192,1
user_0031,52,50.44,119.42,6.21,2.82,0.61,48,0.92,0.1493,89.8,20.45,0.1906,1
user_0031,53,50.22,119.69,6.17,2.84,0.58,48,0.92,0.1468,89.57,20.7,0.192,1
user_0031,54,50.55,119.49,6.24,2.83,0.59,49,0.92,0.1484,89.57,20.48,0.1912,1
user_0031,55,50.22,118.7,6.18,2.89,0.58,49,0.91,0.1467,89.5,20.48,0.194,1
user_0031,56,50.48,119.71,6.23,2.87,0.61,48,0.92,0.1463,89.61,20.51,0.1936,1
user_0031,57,50.21,119.3,6.11,2.83,0.59,49,0.93,0.1488,89.7,20.5,0.1905,1
user_0031,58,50.13,119.15,6.24,2.87,0.58,48,0.93,0.1478,89.72,20.7,0.1938,1
user_0031,59,50.42,119.37,6.37,2.84,0.59,48,0.92,0.15,89.57,20.49,0.19,1
user_0032,0,76.16,127.68,4.04,4.14,0.37,40,0.99,0.1077,96.67,18.19,0.1022,0
user_0032,1,76.11,127.66,4.06,4.16,0.37,40,0.99,0.11,96.79,18.14,0.1041,0
user_0032,2,75.89,127.32,4.08,4.17,0.34,39,1.01,0.1049,96.99,17.86,0.1045,0
user_0032,3,76.08,127.72,4.02,4.15,0.35,39,1.0,0.1081,96.59,18.03,0.1043,0
user_0032,4,76.17,127.55,4.05,4.16,0.35,40,0.99,0.1099,96.71,17.98,0.1034,0
user_0032,5,75.93,128.04,4.01,4.14,0.35,40,1.0,0.1082,96.79,17.91,0.1041,0
user_0032,6,76.07,127.62,3.97,4.14,0.36,40,1.0,0.1082,96.56,18.24,0.1044,0
user_0032,7,75.98,127.62,3.97,4.13,0.36,39,1.0,0.1042,96.75,17.89,0.1039,0
user_0032,8,76.08,127.48,3.96,4.15,0.35,39,0.99,0.1084,96.72,17.83,0.1057,0
user_0032,9,76.1,127.33,3.95,4.18,0.35,39,1.0,0.1077,96.89,17.96,0.1039,0
user_0032,10,76.05,127.87,4.02,4.15,0.34,39,1.0,0.1095,96.87,18.08,0.1049,0
user_0032,11,76.11,127.66,4.04,4.15,0.36,40,0.99,0.1096,96.76,18.15,0.1057,0
user_0032,12,75.89,127.63,3.86,4.14,0.35,40,1.0,0.1086,96.7,18.0,0.1038,0
user_0032,13,76.09,127.98,4.0,4.12,0.35,40,1.0,0.1098,96.71,17.92,0.1027,0
user_0032,14,76.09,128.08,4.03,4.13,0.36,40,1.01,0.1061,96.92,18.02,0.1062,0
user_0032,15,76.07,127.77,3.93,4.18,0.34,40,1.0,0.1078,96.88,17.96,0.1055,0
user_0032,16,75.99,127.66,4.16,4.15,0.35,40,1.0,0.1064,96.97,17.96,0.1029,0
user_0032,17,76.02,127.72,3.98,4.15,0.35,40,1.0,0.1076,97.03,18.1,0.1044,0
user_0032,18,75.85,127.66,4.06,4.17,0.33,40,1.0,0.1102,96.78,17.77,0.1048,0
user_0032,19,75.75,127.74,4.19,4.18,0.35,39,1.01,0.1089,96.74,17.95,0.1035,0
user_0032,20,76.1,127.53,4.01,4.17,0.35,40,1.01,0.1085,96.84,18.04,0.1045,0
user_0032,21,76.17,128.03,4.06,4.15,0.35,39,1.0,0.1071,96.67,18.05,0.1045,0
user_0032,22,76.27,127.07,4.02,4.14,0.36,39,1.0,0.1093,96.9,17.99,0.1044,0
user_0032,23,76.24,127.92,4.08,4.14,0.34,40,1.0,0.1068,96.76,18.01,0.1043,0
user_0032,24,76.0,127.94,4.04,4.21,0.36,40,1.01,0.1084,97.01,17.97,0.1049,0
user_0032,25,75.96,127.54,3.97,4.18,0.35,39,1.0,0.1065,96.72,18.12,0.1031,0
user_0032,26,75.86,127.22,3.97,4.11,0.33,39,1.0,0.1066,96.8,18.01,0.105,0
user_0032,27,75.89,128.13,3.91,4.13,0.36,40,1.0,0.1075,96.65,17.85,0.1062,0
user_0032,28,76.0,127.59,4.14,4.14,0.35,39,0.99,0.1108,96.96,18.1,0.1054,0
user_0032,29,76.16,127.45,4.02,4.14,0.32,40,1.0,0.1059,96.73,18.11,0.1046,0
user_0032,30,75.79,127.33,4.14,4.15,0.36,40,1.0,0.1084,96.57,17.94,0.105,0
user_0032,31,76.02,127.74,4.07,4.16,0.35,40,1.0,0.1065,96.9,18.08,0.1036,0
user_0032,32,76.06,127.28,3.96,4.16,0.35,40,1.0,0.1063,96.86,18.17,0.105,0
user_0032,33,76.02,127.94,3.94,4.18,0.34,39,1.0,0.1078,96.86,17.87,0.1038,0
user_0032,34,76.08,127.77,3.87,4.13,0.33,39,1.0,0.1087,96.54,18.07,0.1039,0
user_0032,35,76.0,127.87,4.1,4.13,0.34,39,1.0,0.1058,96.77,17.93,0.1045,0
user_0032,36,76.3,127.6,3.94,4.14,0.35,39,1.0,0.1054,96.83,17.91,0.1059,0
user_0032,37,75.99,127.5,3.96,4.15,0.34,39,1.0,0.1064,96.82,18.08,0.1051,0
user_0032,38,76.08,127.18,3.91,4.12,0.35,40,0.99,0.1077,96.84,17.9,0.1036,0
user_0032,39,76.22,127.4,4.03,4.18,0.34,39,1.0,0.108,96.7,18.2,0.105,0
user_0032,40,75.93,127.29,4.0,4.16,0.37,40,1.0,0.1065,96.81,18.1,0.1026,0
user_0032,41,76.06,127.38,3.9,4.19,0.36,39,1.0,0.1074,96.66,17.95,0.1052,0
user_0032,42,75.96,127.75,3.96,4.12,0.36,39,1.01,0.1094,96.79,17.96,0.1041,0
user_0032,43,76.08,127.68,3.93,4.15,0.35,39,1.01,0.1077,96.59,17.9,0.1051,0
user_0032,44,75.94,127.38,4.1,4.15,0.34,39,1.0,0.1079,96.9,17.89,0.1041,0
user_0032,45,76.09,127.94,4.02,4.13,0.36,39,1.0,0.109,96.92,18.04,0.107,0
user_0032,46,76.03,127.7,3.95,4.16,0.35,40,1.0,0.1071,96.79,17.93,0.105,0
user_0032,47,75.96,127.28,3.92,4.12,0.35,39,1.0,0.1073,96.82,18.04,0.1041,0
user_0032,48,76.23,127.4,4.08,4.15,0.35,40,1.0,0.1063,96.81,18.04,0.1054,0
user_0032,49,76.13,127.79,3.97,4.15,0.35,39,1.01,0.1062,96.8,17.97,0.1042,0
user_0032,50,76.15,127.44,4.03,4.16,0.34,40,1.01,0.111,96.74,18.02,0.1047,0
user_0032,51,76.15,128.07,4.04,4.16,0.34,40,1.0,0.1039,96.54,18.03,0.1032,0
user_0032,52,76.05,127.26,4.02,4.16,0.35,39,1.0,0.1073,96.75,17.95,0.1042,0
user_0032,53,76.33,127.63,3.9,4.13,0.35,39,1.0,0.1058,96.76,18.1,0.1038,0
user_0032,54,76.11,127.62,4.0,4.16,0.33,40,0.99,0.1096,96.81,18.05,0.1061,0
user_0032,55,76.22,127.83,3.98,4.14,0.36,40,1.0,0.1078,96.73,17.86,0.1051,0
user_0032,56,76.02,127.57,3.86,4.15,0.34,39,1.0,0.108,96.76,17.93,0.1039,0
user_0032,57,76.28,127.83,3.97,4.15,0.35,40,1.0,0.1053,96.77,17.99,0.1065,0
user_0032,58,76.45,127.79,3.95,4.17,0.33,39,0.99,0.1087,96.65,17.97,0.1044,0
user_0032,59,76.04,127.51,4.03,4.12,0.37,39,1.0,0.1089,96.84,18.08,0.1028,0
user_0033,0,52.85,116.42,4.1,4.38,0.43,39,1.0,0.0878,92.15,18.05,0.103,0
user_0033,1,52.79,116.14,4.07,4.42,0.44,39,0.99,0.0906,92.18,17.9,0.103,0
user_0033,2,52.88,116.07,4.04,4.39,0.42,40,1.01,0.0893,92.17,18.06,0.1045,0
user_0033,3,52.64,116.28,3.83,4.37,0.41,40,1.0,0.0893,92.19,17.91,0.1051,0
user_0033,4,52.86,116.76,4.05,4.38,0.44,39,1.0,0.0888,92.24,17.92,0.1034,0
user_0033,5,52.42,116.48,3.89,4.36,0.44,40,1.0,0.0901,92.14,17.92,0.1032,0
user_0033,6,52.43,116.42,4.0,4.36,0.44,40,1.0,0.089,92.19,18.06,0.1037,0
user_0033,7,52.9,116.31,3.96,4.4,0.41,40,0.99,0.0907,92.13,18.05,0.1045,0
user_0033,8,52.68,116.06,3.93,4.37,0.41,40,1.0,0.088,92.34,17.93,0.1038,0
user_0033,9,52.54,115.85,3.9,4.37,0.43,40,1.0,0.0867,92.32,18.02,0.1035,0
user_0033,10,52.83,116.67,4.09,4.38,0.42,40,0.99,0.0926,92.19,17.89,0.1024,0
user_0033,11,52.47,116.39,4.0,4.35,0.42,39,1.0,0.0896,92.15,17.87,0.1033,0
user_0033,12,52.6,116.44,4.01,4.4,0.42,39,1.0,0.0883,92.08,18.0,0.1039,0
user_0033,13,52.58,116.22,3.97,4.42,0.43,39,1.0,0.0893,92.21,18.05,0.1037,0
user_0033,14,42.93,140.25,9.46,6.16,1.5,61,0.82,0.2334,83.15,23.87,0.2241,1
user_0033,15,43.26,141.0,9.43,6.18,1.5,61,0.82,0.2372,83.32,24.11,0.2238,1
user_0033,16,43.11,139.75,9.46,6.17,1.5,61,0.82,0.2326,83.19,23.94,0.2237,1
user_0033,17,42.84,140.31,9.32,6.17,1.51,61,0.82,0.2346,83.05,24.18,0.2248,1
user_0033,18,42.99,140.16,9.42,6.15,1.49,61,0.82,0.2339,83.13,24.13,0.2221,1
user_0033,19,42.89,140.48,9.31,6.15,1.51,61,0.82,0.2327,83.1,23.79,0.2237,1
user_0033,20,42.87,140.32,9.36,6.18,1.5,61,0.82,0.2356,83.01,23.98,0.2244,2
user_0033,21,43.13,140.11,9.34,6.16,1.51,61,0.82,0.2341,83.43,24.03,0.2228,2
user_0033,22,42.84,140.29,9.39,6.13,1.5,61,0.82,0.2352,83.03,24.07,0.2245,2
user_0033,23,43.2,139.97,9.42,6.17,1.49,61,0.82,0.2351,83.24,23.88,0.2229,2
user_0033,24,43.0,140.34,9.48,6.2,1.51,61,0.81,0.2357,83.15,24.16,0.2238,2
user_0033,25,43.36,140.51,9.29,6.17,1.5,61,0.82,0.2317,83.19,24.02,0.2226,2
user_0033,26,43.35,140.37,9.34,6.14,1.51,61,0.82,0.2335,83.07,24.17,0.224,2
user_0033,27,43.02,140.4,9.44,6.15,1.51,61,0.82,0.2326,83.13,24.17,0.2248,2
user_0033,28,42.57,140.65,9.39,6.17,1.5,61,0.82,0.232,83.05,23.9,0.2239,2
user_0033,29,43.07,140.5,9.4,6.15,1.51,61,0.82,0.232,83.12,23.96,0.2243,2
user_0033,30,43.09,140.36,9.54,6.14,1.5,61,0.81,0.2326,83.26,23.94,0.2233,2
user_0033,31,42.8,140.16,9.37,6.2,1.49,61,0.83,0.2331,82.98,24.13,0.2243,2
user_0033,32,43.19,139.92,9.51,6.17,1.5,61,0.82,0.2334,83.24,24.01,0.2235,2
user_0033,33,42.92,140.81,9.29,6.2,1.51,61,0.83,0.2335,83.24,24.18,0.2235,2
user_0033,34,42.9,140.26,9.3,6.19,1.52,61,0.81,0.2353,83.01,23.85,0.2234,2
user_0033,35,43.1,140.46,9.4,6.23,1.51,61,0.82,0.2318,83.17,24.21,0.2231,2
user_0033,36,48.56,126.4,6.21,5.12,0.87,49,0.92,0.1477,88.29,20.72,0.1534,1
user_0033,37,48.73,126.17,6.27,5.17,0.87,49,0.92,0.1528,88.47,20.46,0.1533,1
user_0033,38,48.58,126.24,6.07,5.13,0.87,49,0.92,0.1486,88.44,20.34,0.1537,1
user_0033,39,48.38,126.64,6.3,5.11,0.88,49,0.92,0.1467,88.47,20.42,0.1547,1
user_0033,40,48.66,126.18,6.38,5.15,0.84,48,0.92,0.1485,88.43,20.54,0.1539,1
user_0033,41,48.82,126.52,6.29,5.14,0.89,48,0.92,0.1469,88.55,20.49,0.1565,1
user_0033,42,48.6,126.38,6.29,5.11,0.88,49,0.92,0.1515,88.35,20.53,0.155,1
user_0033,43,48.55,126.28,6.43,5.15,0.87,49,0.92,0.1474,88.58,20.39,0.156,1
user_0033,44,48.59,126.89,6.15,5.16,0.88,49,0.93,0.149,88.31,20.49,0.1538,1
user_0033,45,48.59,126.43,6.27,5.11,0.88,48,0.92,0.1509,88.36,20.45,0.1537,1
user_0033,46,48.87,126.41,6.29,5.13,0.87,48,0.93,0.1493,88.57,20.46,0.1519,1
user_0033,47,49.07,126.28,6.35,5.17,0.89,48,0.93,0.1478,88.64,20.41,0.1533,1
user_0033,48,48.68,126.33,6.2,5.17,0.89,49,0.92,0.1513,88.39,20.66,0.1537,1
user_0033,49,48.85,126.33,6.26,5.17,0.9,49,0.93,0.1506,88.39,20.53,0.1527,1
user_0033,50,48.72,126.47,6.1,5.14,0.88,48,0.93,0.1477,88.36,20.6,0.1536,1
user_0033,51,48.71,126.22,6.25,5.08,0.88,49,0.92,0.1483,88.48,20.65,0.1536,1
user_0033,52,48.48,126.31,6.17,5.12,0.87,48,0.92,0.1498,88.46,20.36,0.154,1
user_0033,53,48.6,126.54,6.31,5.12,0.88,48,0.93,0.1485,88.48,20.48,0.1526,1
user_0033,54,48.8,126.21,6.12,5.06,0.87,49,0.93,0.1486,88.4,20.45,0.1523,1
user_0033,55,48.52,126.6,6.29,5.14,0.86,49,0.91,0.151,88.47,20.37,0.1552,1
user_0033,56,48.39,126.49,6.29,5.1,0.88,48,0.91,0.1481,88.38,20.56,0.1537,1
user_0033,57,48.67,126.1,6.21,5.11,0.86,48,0.93,0.1489,88.41,20.57,0.1531,1
user_0033,58,48.46,126.5,6.27,5.14,0.88,49,0.93,0.1533,88.31,20.44,0.1546,1
user_0033,59,48.68,126.55,6.26,5.17,0.87,49,0.93,0.1479,88.5,20.5,0.153,1
user_0034,0,44.91,104.98,4.03,4.55,0.39,39,1.01,0.0926,95.54,17.99,0.1486,0
user_0034,1,44.61,105.15,4.06,4.61,0.39,39,0.99,0.0952,95.85,18.0,0.1484,0
user_0034,2,45.1,104.6,4.04,4.58,0.39,40,1.0,0.0937,95.58,18.08,0.1502,0
user_0034,3,44.71,104.57,3.88,4.55,0.39,40,0.99,0.094,95.49,17.91,0.1481,0
user_0034,4,44.83,105.02,3.86,4.55,0.4,40,1.01,0.0964,95.57,18.02,0.1509,0
user_0034,5,44.81,105.35,3.82,4.58,0.39,40,1.0,0.0966,95.69,17.97,0.1481,0
user_0034,6,44.69,105.07,4.1,4.61,0.37,39,1.0,0.0941,95.69,17.78,0.1494,0
user_0034,7,44.91,104.41,4.02,4.57,0.39,40,0.99,0.0951,95.63,17.97,0.148,0
user_0034,8,45.05,104.46,3.98,4.56,0.38,39,1.01,0.0973,95.86,18.06,0.1491,0
user_0034,9,44.89,105.28,4.04,4.56,0.4,39,1.0,0.1,95.7,17.74,0.1494,0
user_0034,10,44.74,104.75,4.19,4.61,0.4,39,1.0,0.0961,95.72,17.97,0.1502,0
user_0034,11,44.96,105.26,3.94,4.56,0.38,39,1.01,0.0974,95.61,18.07,0.1504,0
user_0034,12,45.05,105.05,4.1,4.61,0.4,39,1.0,0.0953,95.63,18.05,0.1469,0
user_0034,13,44.95,104.72,3.91,4.59,0.38,40,1.0,0.0949,95.65,17.86,0.1483,0
user_0034,14,37.19,124.59,8.61,6.12,1.27,58,0.84,0.2136,88.15,23.04,0.2478,1
user_0034,15,36.72,124.7,8.57,6.09,1.29,57,0.84,0.2178,88.3,22.95,0.2482,1
user_0034,16,36.67,125.03,8.66,6.09,1.3,57,0.84,0.218,88.15,22.91,0.2502,1
user_0034,17,36.8,124.61,8.55,6.03,1.29,57,0.85,0.2163,88.16,22.87,0.2482,1
user_0034,18,37.1,124.84,8.41,6.06,1.27,57,0.85,0.2159,88.2,23.05,0.249,1
user_0034,19,36.88,125.42,8.44,6.06,1.3,57,0.85,0.2164,88.25,23.01,0.2475,1
user_0034,20,24.83,155.03,15.23,8.3,2.62,85,0.62,0.3956,76.95,30.36,0.3984,3
user_0034,21,25.12,154.88,15.27,8.32,2.64,85,0.64,0.3961,76.84,30.65,0.3981,3
user_0034,22,24.8,154.59,15.29,8.31,2.62,84,0.62,0.397,76.93,30.49,0.3989,3
user_0034,23,24.88,154.94,15.2,8.3,2.63,85,0.63,0.3965,76.83,30.37,0.3992,3
user_0034,24,24.94,155.13,15.28,8.36,2.63,85,0.63,0.3971,76.92,30.34,0.3966,3
user_0034,25,24.83,154.9,15.11,8.32,2.64,84,0.63,0.3967,76.72,30.57,0.3976,3
user_0034,26,24.86,154.73,15.33,8.29,2.65,85,0.62,0.3949,76.95,30.4,0.3981,3
user_0034,27,24.92,154.71,15.26,8.34,2.63,84,0.63,0.3979,76.92,30.4,0.3975,3
user_0034,28,24.54,154.74,15.33,8.3,2.62,85,0.63,0.395,76.93,30.41,0.398,3
user_0034,29,24.62,154.98,15.24,8.3,2.63,84,0.62,0.3964,76.85,30.49,0.3969,3
user_0034,30,24.87,154.85,15.19,8.33,2.61,84,0.63,0.3989,76.75,30.51,0.3989,3
user_0034,31,24.9,154.58,15.21,8.26,2.63,84,0.63,0.3948,76.81,30.52,0.3986,3
user_0034,32,25.02,154.83,15.24,8.28,2.65,84,0.63,0.3969,76.92,30.48,0.398,3
user_0034,33,24.88,154.42,15.25,8.35,2.63,84,0.62,0.3961,76.81,30.58,0.3995,3
user_0034,34,25.09,154.53,15.3,8.33,2.63,85,0.63,0.3978,76.76,30.43,0.3985,3
user_0034,35,25.07,155.01,15.18,8.36,2.63,84,0.62,0.3938,76.66,30.49,0.3968,3
user_0034,36,24.94,155.14,15.28,8.32,2.62,85,0.63,0.3979,76.75,30.49,0.3981,3
user_0034,37,24.83,154.9,15.41,8.32,2.63,85,0.62,0.3947,76.98,30.52,0.4005,3
user_0034,38,24.93,154.58,15.13,8.34,2.62,84,0.62,0.3973,76.85,30.42,0.3996,3
user_0034,39,25.05,155.31,15.35,8.34,2.62,85,0.63,0.3986,76.9,30.45,0.3975,3
user_0034,40,20.0,168.73,18.41,9.34,3.26,97,0.52,0.4809,71.5,33.99,0.4679,4
user_0034,41,20.0,168.7,18.33,9.38,3.27,97,0.52,0.48,71.64,34.07,0.4663,4
user_0034,42,20.0,168.97,18.53,9.34,3.25,97,0.51,0.4796,71.56,33.93,0.4684,4
user_0034,43,20.0,168.89,18.4,9.38,3.24,97,0.52,0.4798,71.58,33.98,0.4688,4
user_0034,44,20.0,168.47,18.44,9.4,3.25,97,0.52,0.4828,71.85,33.87,0.4681,4
user_0034,45,20.0,169.03,18.42,9.34,3.25,97,0.51,0.4774,71.75,34.07,0.4689,4
user_0034,46,20.0,168.88,18.38,9.33,3.27,97,0.51,0.4781,71.67,34.03,0.4691,4
user_0034,47,20.0,168.63,18.39,9.34,3.25,97,0.53,0.4814,71.63,33.78,0.4688,4
user_0034,48,20.0,168.66,18.46,9.34,3.27,97,0.51,0.4792,71.65,34.03,0.4694,4
user_0034,49,20.0,168.83,18.44,9.41,3.25,97,0.51,0.4788,71.65,33.79,0.4688,4
user_0034,50,20.0,168.88,18.31,9.36,3.28,97,0.51,0.4816,71.69,34.01,0.4689,4
user_0034,51,20.0,169.3,18.46,9.36,3.28,98,0.52,0.4804,71.55,34.07,0.4687,4
user_0034,52,20.0,169.07,18.41,9.38,3.27,97,0.51,0.4784,71.83,34.06,0.4691,4
user_0034,53,20.0,168.63,18.25,9.36,3.27,97,0.51,0.4784,71.52,33.94,0.4672,4
user_0034,54,20.0,168.75,18.45,9.34,3.26,97,0.52,0.4806,71.7,34.08,0.4689,4
user_0034,55,20.0,168.73,18.46,9.35,3.26,97,0.52,0.4793,71.61,33.92,0.4684,4
user_0034,56,20.0,168.76,18.57,9.37,3.26,97,0.52,0.4801,71.63,34.14,0.4667,4
user_0034,57,20.0,169.07,18.33,9.33,3.26,97,0.52,0.4793,71.68,33.94,0.4679,4
user_0034,58,20.0,168.75,18.31,9.36,3.27,97,0.53,0.48,71.8,34.23,0.4685,4
user_0034,59,20.0,169.22,18.31,9.34,3.24,97,0.51,0.4813,71.81,34.17,0.4671,4
user_0035,0,44.98,108.46,4.06,4.67,0.43,39,1.0,0.1116,95.12,18.0,0.1924,0
user_0035,1,44.9,108.43,3.99,4.68,0.42,40,1.0,0.1155,94.93,18.03,0.1902,0
user_0035,2,45.15,108.68,3.93,4.68,0.43,40,1.0,0.1143,95.13,17.95,0.19,0
user_0035,3,44.9,108.58,3.89,4.71,0.43,39,1.0,0.1163,95.21,17.92,0.191,0
user_0035,4,45.14,108.63,4.14,4.71,0.42,40,1.01,0.1147,95.11,17.84,0.1903,0
user_0035,5,45.21,108.64,4.06,4.75,0.41,40,1.0,0.1147,95.05,18.21,0.191,0
user_0035,6,44.99,108.68,4.02,4.73,0.42,40,1.0,0.1131,95.0,18.01,0.1911,0
user_0035,7,45.13,108.59,3.95,4.68,0.42,40,1.01,0.1132,94.96,17.99,0.1929,0
user_0035,8,45.24,108.71,4.07,4.74,0.41,39,1.0,0.1142,95.07,18.08,0.1903,0
user_0035,9,45.3,108.56,4.05,4.73,0.43,40,1.0,0.1159,95.11,17.93,0.1914,0
user_0035,10,45.08,107.99,4.03,4.71,0.43,39,0.99,0.1135,95.09,18.01,0.1909,0
user_0035,11,44.93,108.54,3.97,4.73,0.42,39,1.01,0.1129,95.11,17.98,0.1925,0
user_0035,12,45.1,108.6,3.99,4.71,0.43,40,1.0,0.1158,95.14,17.96,0.1894,0
user_0035,13,45.03,108.68,4.04,4.74,0.41,39,0.99,0.1113,94.99,18.04,0.1916,0
user_0035,14,36.95,128.37,8.37,6.21,1.31,58,0.85,0.233,87.49,22.85,0.2895,1
user_0035,15,37.0,128.4,8.43,6.21,1.33,57,0.86,0.2307,87.56,22.98,0.2903,1
user_0035,16,36.99,128.57,8.48,6.19,1.31,57,0.85,0.2327,87.54,22.99,0.2903,1
user_0035,17,37.06,128.36,8.61,6.18,1.32,57,0.85,0.2333,87.55,22.95,0.2905,1
user_0035,18,36.98,128.68,8.65,6.18,1.32,58,0.85,0.2343,87.58,23.0,0.2904,1
user_0035,19,36.98,128.55,8.4,6.19,1.33,58,0.85,0.2355,87.54,23.02,0.2905,1
user_0035,20,24.97,158.34,15.31,8.46,2.69,85,0.62,0.4146,76.28,30.62,0.4403,3
user_0035,21,24.93,158.38,15.19,8.43,2.66,85,0.63,0.4113,76.43,30.45,0.4412,3
user_0035,22,24.84,158.71,15.1,8.46,2.67,85,0.62,0.4141,76.35,30.48,0.4415,3
user_0035,23,25.08,158.71,15.24,8.46,2.68,84,0.62,0.4137,76.42,30.53,0.4411,3
user_0035,24,25.08,158.76,15.24,8.44,2.68,84,0.63,0.4149,76.36,30.38,0.4409,3
user_0035,25,25.06,158.45,15.26,8.47,2.67,84,0.62,0.415,76.28,30.38,0.4393,3
user_0035,26,25.14,158.38,15.3,8.42,2.66,84,0.63,0.4143,76.34,30.39,0.4401,3
user_0035,27,25.13,158.15,15.23,8.49,2.67,84,0.62,0.4123,76.52,30.67,0.4416,3
user_0035,28,25.04,158.88,15.16,8.48,2.68,84,0.63,0.4126,76.18,30.6,0.4407,3
user_0035,29,25.18,159.03,15.2,8.45,2.69,85,0.62,0.4119,76.25,30.43,0.4411,3
user_0035,30,25.1,158.64,15.19,8.45,2.65,85,0.63,0.4112,76.35,30.44,0.4416,3
user_0035,31,25.11,158.68,15.25,8.49,2.67,84,0.63,0.4127,76.32,30.46,0.4402,3
user_0035,32,25.12,158.59,15.33,8.44,2.65,84,0.62,0.4139,76.14,30.4,0.4405,3
user_0035,33,25.32,158.31,15.25,8.47,2.69,85,0.63,0.4146,76.19,30.54,0.4417,3
user_0035,34,24.95,158.43,15.19,8.47,2.67,84,0.62,0.4132,76.25,30.52,0.4397,3
user_0035,35,25.12,158.47,15.16,8.42,2.66,84,0.63,0.4137,76.34,30.42,0.4419,3
user_0035,36,25.02,158.69,15.24,8.46,2.67,85,0.62,0.4145,76.22,30.32,0.4399,3
user_0035,37,25.25,158.54,15.26,8.43,2.67,84,0.62,0.4127,76.35,30.56,0.4414,3
user_0035,38,24.85,158.57,15.24,8.42,2.67,84,0.63,0.4134,76.25,30.59,0.4386,3
user_0035,39,25.08,158.13,15.18,8.47,2.66,84,0.64,0.4113,76.47,30.48,0.4403,3
user_0035,40,20.0,172.91,18.31,9.49,3.31,97,0.53,0.4981,71.24,34.02,0.5111,4
user_0035,41,20.0,172.54,18.46,9.51,3.31,97,0.52,0.498,70.95,33.94,0.5117,4
user_0035,42,20.0,172.09,18.36,9.5,3.29,97,0.52,0.4997,70.85,33.98,0.5113,4
user_0035,43,20.0,172.65,18.53,9.5,3.31,97,0.52,0.4955,71.15,33.99,0.5112,4
user_0035,44,20.0,172.72,18.43,9.48,3.29,97,0.52,0.5001,71.09,34.1,0.5092,4
user_0035,45,20.0,172.73,18.4,9.5,3.29,97,0.53,0.4958,70.96,33.93,0.5096,4
user_0035,46,20.0,172.85,18.35,9.47,3.3,97,0.53,0.4966,71.03,33.99,0.5109,4
user_0035,47,20.0,172.44,18.26,9.49,3.31,97,0.52,0.4992,71.05,33.87,0.5092,4
user_0035,48,20.0,172.48,18.31,9.45,3.3,97,0.52,0.4957,71.0,34.12,0.5094,4
user_0035,49,20.0,172.88,18.44,9.51,3.29,97,0.52,0.496,70.95,34.08,0.5108,4
user_0035,50,20.0,172.61,18.43,9.5,3.3,97,0.51,0.4956,71.02,33.84,0.5094,4
user_0035,51,20.0,172.63,18.37,9.56,3.28,97,0.52,0.4985,71.07,33.81,0.5109,4
user_0035,52,20.0,172.03,18.55,9.51,3.31,97,0.52,0.4989,71.08,34.0,0.5099,4
user_0035,53,20.0,172.45,18.44,9.48,3.31,97,0.52,0.4982,70.99,34.07,0.5114,4
user_0035,54,20.0,172.87,18.41,9.53,3.32,97,0.52,0.4963,70.95,33.98,0.5095,4
user_0035,55,20.0,172.72,18.36,9.52,3.3,98,0.52,0.499,71.1,34.03,0.512,4
user_0035,56,20.0,172.63,18.42,9.52,3.29,97,0.53,0.5001,70.96,33.93,0.512,4
user_0035,57,20.0,172.74,18.47,9.5,3.3,97,0.52,0.4978,71.18,33.97,0.511,4
user_0035,58,20.0,172.5,18.45,9.49,3.31,97,0.52,0.4998,71.07,33.93,0.5119,4
user_0035,59,20.0,172.13,18.36,9.51,3.28,97,0.52,0.4955,71.08,34.0,0.5096,4
user_0036,0,67.43,123.36,3.92,3.74,0.28,40,1.0,0.1144,93.73,18.17,0.0626,0
user_0036,1,67.3,123.77,4.11,3.77,0.29,39,0.99,0.1131,93.62,17.99,0.063,0
user_0036,2,67.13,123.01,4.06,3.73,0.28,40,1.0,0.1154,93.39,18.18,0.0617,0
user_0036,3,67.33,124.05,3.9,3.74,0.29,39,1.0,0.1136,93.44,18.05,0.0626,0
user_0036,4,67.36,123.9,3.94,3.79,0.28,40,1.0,0.1124,93.53,17.99,0.0628,0
user_0036,5,67.36,123.43,4.13,3.77,0.27,40,0.99,0.1119,93.59,17.91,0.0615,0
user_0036,6,67.5,123.51,3.99,3.77,0.28,40,1.0,0.116,93.69,18.01,0.0614,0
user_0036,7,67.33,123.41,3.95,3.81,0.3,39,1.01,0.1154,93.55,18.04,0.0613,0
user_0036,8,67.22,123.5,4.04,3.84,0.28,39,1.0,0.1145,93.53,17.94,0.0619,0
user_0036,9,67.51,123.49,3.94,3.81,0.27,39,1.01,0.1168,93.63,17.87,0.0622,0
user_0036,10,67.15,124.0,4.02,3.79,0.28,40,1.0,0.1132,93.63,18.09,0.0642,0
user_0036,11,67.6,123.68,3.95,3.75,0.27,39,0.99,0.1166,93.5,17.89,0.0617,0
user_0036,12,67.16,123.54,3.93,3.78,0.29,39,1.0,0.1133,93.49,17.96,0.0621,0
user_0036,13,67.15,123.22,4.01,3.77,0.25,40,1.01,0.1137,93.43,17.92,0.0613,0
user_0036,14,67.54,123.11,3.97,3.81,0.28,40,1.0,0.116,93.64,18.19,0.064,0
user_0036,15,67.4,123.37,4.01,3.75,0.28,39,1.0,0.1157,93.65,17.99,0.0625,0
user_0036,16,67.58,123.28,3.89,3.78,0.29,40,0.99,0.1123,93.63,18.02,0.0617,0
user_0036,17,67.57,123.38,4.09,3.79,0.27,39,0.99,0.1152,93.61,18.14,0.0627,0
user_0036,18,67.16,123.26,3.84,3.78,0.31,40,1.0,0.1145,93.63,17.98,0.0627,0
user_0036,19,67.24,123.2,3.9,3.77,0.27,40,1.0,0.1116,93.49,18.01,0.0627,0
user_0036,20,67.41,123.17,3.96,3.75,0.29,40,1.0,0.1135,93.55,18.0,0.0634,0
user_0036,21,67.38,123.29,3.97,3.81,0.29,40,1.0,0.1145,93.72,17.85,0.0636,0
user_0036,22,67.47,123.5,3.94,3.79,0.29,39,1.0,0.113,93.65,17.99,0.0642,0
user_0036,23,67.13,123.16,4.0,3.78,0.29,40,1.0,0.1147,93.7,17.94,0.0616,0
user_0036,24,67.46,123.77,3.95,3.77,0.28,40,0.99,0.114,93.54,17.97,0.0595,0
user_0036,25,67.66,122.75,4.04,3.74,0.27,40,1.0,0.1129,93.49,17.87,0.0623,0
user_0036,26,67.2,123.7,3.91,3.78,0.3,40,0.99,0.1151,93.57,18.0,0.0637,0
user_0036,27,67.36,123.51,3.95,3.76,0.29,40,1.0,0.116,93.76,17.88,0.0616,0
user_0036,28,67.58,123.88,3.98,3.77,0.28,40,1.0,0.1166,93.42,17.93,0.0627,0
user_0036,29,67.28,123.45,4.08,3.81,0.28,40,1.0,0.1141,93.44,17.9,0.0621,0
user_0036,30,67.36,123.44,4.14,3.79,0.29,40,1.0,0.1138,93.72,18.05,0.062,0
user_0036,31,67.35,123.34,3.99,3.77,0.28,40,1.0,0.1137,93.69,17.87,0.0626,0
user_0036,32,67.44,123.36,4.0,3.76,0.28,40,1.0,0.1162,93.39,17.99,0.0602,0
user_0036,33,67.2,123.23,4.1,3.8,0.28,40,1.01,0.1162,93.54,18.07,0.0611,0
user_0036,34,67.3,123.53,3.95,3.76,0.26,40,1.0,0.1133,93.73,17.93,0.0628,0
user_0036,35,67.52,123.61,3.98,3.76,0.27,39,1.0,0.1155,93.65,17.72,0.0619,0
user_0036,36,67.45,123.7,4.02,3.77,0.27,40,1.0,0.1134,93.48,17.91,0.0624,0
user_0036,37,67.15,123.31,4.1,3.73,0.28,40,1.0,0.1155,93.58,18.08,0.061,0
user_0036,38,67.64,123.74,3.83,3.8,0.27,40,1.01,0.1129,93.66,17.93,0.0626,0
user_0036,39,67.36,123.2,3.9,3.77,0.28,39,1.0,0.1138,93.49,18.07,0.0599,0
user_0036,40,67.5,123.36,4.04,3.78,0.28,39,1.01,0.112,93.73,17.89,0.0617,0
user_0036,41,67.57,123.94,4.01,3.73,0.29,39,0.99,0.1149,93.47,18.02,0.0612,0
user_0036,42,67.06,122.96,3.95,3.78,0.29,40,0.99,0.1142,93.54,17.99,0.0635,0
user_0036,43,67.38,123.6,4.17,3.73,0.28,40,1.0,0.1161,93.56,18.02,0.0613,0
user_0036,44,67.52,123.39,4.11,3.8,0.27,40,1.0,0.1143,93.68,17.95,0.0634,0
user_0036,45,67.37,123.6,3.95,3.78,0.29,40,1.0,0.1134,93.63,17.92,0.0621,0
user_0036,46,67.28,123.33,3.87,3.77,0.28,39,1.0,0.1158,93.63,18.08,0.0615,0
user_0036,47,67.32,123.4,4.01,3.71,0.27,40,1.0,0.1142,93.59,17.87,0.0637,0
user_0036,48,67.35,123.16,4.05,3.76,0.28,40,1.0,0.1162,93.56,18.01,0.0624,0
user_0036,49,67.3,123.12,4.03,3.8,0.29,40,1.0,0.1156,93.63,18.09,0.0622,0
user_0036,50,67.45,123.26,4.05,3.74,0.28,39,1.02,0.1155,93.49,17.86,0.0603,0
user_0036,51,67.19,123.17,3.93,3.76,0.29,39,1.0,0.1129,93.56,17.91,0.0625,0
user_0036,52,67.33,123.82,3.95,3.74,0.28,39,1.0,0.1144,93.58,17.93,0.0618,0
user_0036,53,67.13,123.68,4.1,3.79,0.28,39,1.0,0.1131,93.71,17.76,0.0616,0
user_0036,54,67.2,123.69,4.08,3.78,0.3,40,1.0,0.1121,93.57,18.01,0.0612,0
user_0036,55,67.39,122.89,4.04,3.76,0.27,40,1.01,0.1159,93.52,18.07,0.0618,0
user_0036,56,67.53,123.43,3.89,3.76,0.27,39,1.0,0.1149,93.69,17.95,0.0633,0
user_0036,57,67.1,123.17,4.15,3.74,0.29,39,1.0,0.1159,93.68,18.13,0.0618,0
user_0036,58,67.38,123.32,3.92,3.77,0.28,39,1.01,0.1147,93.53,18.03,0.0615,0
user_0036,59,67.39,123.73,4.03,3.76,0.27,39,1.0,0.1144,93.65,17.97,0.0611,0
user_0037,0,64.93,107.18,4.05,3.68,0.17,39,1.0,0.0824,95.8,18.09,0.1524,0
user_0037,1,64.68,106.92,4.0,3.67,0.17,40,1.0,0.0813,95.71,18.07,0.1504,0
user_0037,2,64.86,107.03,3.97,3.68,0.18,39,1.0,0.0814,95.8,18.01,0.1503,0
user_0037,3,64.77,106.98,4.01,3.7,0.18,39,1.0,0.0808,95.79,18.0,0.152,0
user_0037,4,64.82,107.22,4.02,3.65,0.17,40,0.99,0.0793,95.79,18.1,0.1527,0
user_0037,5,64.76,107.18,4.01,3.64,0.18,39,1.0,0.0813,95.66,17.85,0.1514,0
user_0037,6,64.43,106.78,4.02,3.65,0.19,40,0.99,0.0808,95.89,18.0,0.15,0
user_0037,7,64.77,106.7,4.08,3.69,0.17,40,0.99,0.0802,95.95,18.01,0.1524,0
user_0037,8,64.83,107.24,3.85,3.67,0.19,40,1.01,0.0813,95.74,17.9,0.1503,0
user_0037,9,64.91,107.04,4.0,3.69,0.18,40,1.0,0.0797,95.82,17.83,0.1516,0
user_0037,10,64.88,106.58,3.97,3.67,0.18,39,0.99,0.0812,95.63,17.98,0.151,0
user_0037,11,64.77,106.77,3.89,3.66,0.19,40,1.01,0.0838,95.67,17.96,0.1514,0
user_0037,12,64.78,106.93,4.18,3.65,0.17,40,1.0,0.0819,95.89,18.05,0.1516,0
user_0037,13,64.93,106.69,3.96,3.69,0.16,40,1.0,0.0815,95.63,17.87,0.151,0
user_0037,14,56.91,126.39,8.56,5.16,1.08,58,0.85,0.2002,88.35,22.77,0.251,1
user_0037,15,56.82,126.82,8.36,5.19,1.07,57,0.85,0.2013,88.41,22.99,0.2519,1
user_0037,16,56.78,127.06,8.6,5.18,1.09,58,0.86,0.2007,88.4,23.02,0.2526,1
user_0037,17,56.88,126.98,8.53,5.18,1.08,57,0.85,0.2039,88.34,22.94,0.2512,1
user_0037,18,56.95,126.73,8.39,5.14,1.06,57,0.84,0.2034,88.29,22.96,0.25,1
user_0037,19,56.77,126.48,8.47,5.23,1.08,57,0.85,0.2005,88.21,23.17,0.2503,1
user_0037,20,44.74,156.99,15.18,7.44,2.42,85,0.63,0.3809,77.21,30.43,0.4028,3
user_0037,21,44.97,157.35,15.26,7.4,2.45,84,0.62,0.381,76.94,30.55,0.4008,3
user_0037,22,44.75,157.15,15.3,7.42,2.43,85,0.62,0.3813,77.09,30.49,0.4019,3
user_0037,23,44.67,156.76,15.19,7.41,2.44,85,0.62,0.382,77.0,30.43,0.4,3
user_0037,24,44.94,156.57,15.25,7.4,2.44,84,0.62,0.3811,77.07,30.5,0.4014,3
user_0037,25,44.71,156.52,15.17,7.44,2.42,84,0.62,0.3787,76.97,30.59,0.4009,3
user_0037,26,44.85,156.76,15.3,7.41,2.42,84,0.63,0.384,77.09,30.49,0.4017,3
user_0037,27,44.84,156.9,15.28,7.43,2.42,84,0.62,0.3825,77.04,30.53,0.4012,3
user_0037,28,44.63,156.85,15.17,7.4,2.44,84,0.62,0.3837,77.12,30.46,0.4019,3
user_0037,29,44.76,156.74,15.29,7.42,2.43,85,0.63,0.3805,77.09,30.39,0.4019,3
user_0037,30,44.81,157.01,15.23,7.48,2.42,85,0.62,0.3821,77.1,30.51,0.4009,3
user_0037,31,44.81,156.98,15.38,7.4,2.42,85,0.62,0.3811,77.15,30.22,0.4008,3
user_0037,32,44.53,156.61,15.43,7.44,2.44,84,0.63,0.3786,77.15,30.42,0.4009,3
user_0037,33,44.87,156.99,15.26,7.39,2.43,85,0.62,0.3833,76.95,30.5,0.403,3
user_0037,34,44.69,157.17,15.4,7.43,2.42,84,0.63,0.3832,77.19,30.5,0.4025,3
user_0037,35,44.78,156.69,15.33,7.46,2.42,84,0.63,0.3827,76.93,30.52,0.4008,3
user_0037,36,44.9,156.71,15.31,7.42,2.42,85,0.62,0.3805,77.08,30.32,0.3989,3
user_0037,37,44.44,157.24,15.24,7.41,2.44,84,0.63,0.3813,76.99,30.53,0.4022,3
user_0037,38,44.76,156.8,15.22,7.37,2.43,84,0.63,0.3812,77.05,30.57,0.4005,3
user_0037,39,44.85,156.98,15.24,7.4,2.43,85,0.63,0.3797,76.99,30.49,0.4021,3
user_0037,40,38.95,170.77,18.37,8.47,3.04,97,0.52,0.4637,71.78,33.95,0.4719,4
user_0037,41,39.06,170.93,18.34,8.46,3.06,97,0.52,0.4649,71.65,34.14,0.4721,4
user_0037,42,39.29,170.51,18.36,8.47,3.04,97,0.53,0.4684,71.69,34.01,0.4728,4
user_0037,43,39.15,170.77,18.26,8.5,3.06,97,0.52,0.4655,71.81,33.98,0.4731,4
user_0037,44,39.17,171.32,18.44,8.48,3.06,97,0.52,0.4639,71.69,34.04,0.4705,4
user_0037,45,39.18,171.18,18.42,8.46,3.07,97,0.53,0.4619,71.82,34.08,0.4731,4
user_0037,46,38.97,171.21,18.52,8.42,3.06,97,0.52,0.4646,71.86,33.94,0.4712,4
user_0037,47,39.31,171.35,18.44,8.48,3.05,97,0.53,0.4651,71.91,33.97,0.4708,4
user_0037,48,39.26,170.89,18.31,8.52,3.05,97,0.52,0.4634,71.69,33.97,0.4706,4
user_0037,49,39.45,170.86,18.47,8.49,3.06,97,0.53,0.4641,71.96,33.87,0.4722,4
user_0037,50,38.98,170.83,18.41,8.46,3.06,97,0.52,0.466,71.79,33.93,0.4728,4
user_0037,51,39.01,170.82,18.36,8.49,3.06,97,0.51,0.4666,71.77,34.01,0.4707,4
user_0037,52,39.06,171.29,18.27,8.45,3.07,97,0.52,0.4672,71.84,34.02,0.4717,4
user_0037,53,39.26,171.04,18.56,8.47,3.06,97,0.52,0.4681,71.89,33.95,0.4715,4
user_0037,54,39.0,170.67,18.41,8.46,3.05,97,0.52,0.4629,71.58,33.94,0.4698,4
user_0037,55,38.91,171.19,18.39,8.47,3.06,97,0.52,0.4651,71.72,33.94,0.4702,4
user_0037,56,39.13,170.85,18.37,8.48,3.06,97,0.52,0.4662,71.89,33.92,0.4709,4
user_0037,57,39.29,171.08,18.35,8.49,3.05,97,0.52,0.4632,71.75,34.22,0.4716,4
user_0037,58,39.54,170.55,18.46,8.41,3.06,97,0.52,0.4641,71.9,33.95,0.4713,4
user_0037,59,39.13,170.63,18.52,8.47,3.07,97,0.52,0.4671,71.84,33.9,0.4719,4
user_0038,0,51.78,130.67,4.12,4.68,0.29,40,1.0,0.1244,90.77,17.98,0.0971,0
user_0038,1,51.83,131.47,4.17,4.62,0.3,40,1.0,0.1246,90.89,17.86,0.1009,0
user_0038,2,51.86,131.25,3.92,4.63,0.28,40,0.99,0.125,90.82,18.05,0.0962,0
user_0038,3,51.95,131.38,3.95,4.65,0.3,40,1.0,0.1263,90.99,18.15,0.0981,0
user_0038,4,51.93,130.97,3.93,4.65,0.32,39,1.0,0.1259,90.8,18.15,0.0991,0
user_0038,5,52.22,130.86,4.03,4.65,0.29,39,1.0,0.1246,90.74,18.01,0.0964,0
user_0038,6,51.75,131.16,3.99,4.64,0.31,40,1.0,0.1238,90.92,18.25,0.0989,0
user_0038,7,51.62,131.02,3.95,4.63,0.3,40,1.01,0.1263,90.83,18.02,0.0966,0
user_0038,8,52.02,130.88,3.97,4.64,0.26,40,1.0,0.1263,90.79,17.95,0.0964,0
user_0038,9,52.02,131.47,4.07,4.66,0.29,40,1.0,0.1273,90.74,18.1,0.0988,0
user_0038,10,51.65,130.85,4.0,4.66,0.29,40,0.99,0.1264,90.92,18.15,0.0981,0
user_0038,11,51.76,130.81,3.94,4.65,0.28,39,1.0,0.1229,90.74,18.02,0.0978,0
user_0038,12,51.95,131.1,4.0,4.67,0.29,39,1.0,0.1278,91.16,18.07,0.0965,0
user_0038,13,52.1,130.96,4.03,4.65,0.29,39,1.01,0.125,90.9,18.06,0.0974,0
user_0038,14,51.59,130.86,4.05,4.66,0.28,40,1.0,0.1262,91.02,17.77,0.0987,0
user_0038,15,51.85,130.81,4.01,4.69,0.31,39,1.0,0.1234,90.86,18.03,0.0985,0
user_0038,16,51.88,131.29,3.9,4.69,0.31,39,1.0,0.1264,90.68,17.93,0.0965,0
user_0038,17,51.8,130.95,3.94,4.63,0.29,39,1.0,0.127,90.88,18.14,0.0967,0
user_0038,18,51.7,131.18,4.04,4.65,0.29,39,0.99,0.1261,90.93,17.96,0.097,0
user_0038,19,51.72,130.97,4.08,4.63,0.3,39,0.99,0.1248,91.0,17.93,0.0973,0
user_0038,20,51.82,131.11,4.12,4.63,0.29,40,1.0,0.1254,90.93,17.95,0.0973,0
user_0038,21,51.64,131.3,4.01,4.64,0.29,39,1.0,0.1243,90.78,17.97,0.0977,0
user_0038,22,52.06,130.86,3.88,4.69,0.28,40,1.01,0.1261,90.96,17.82,0.0962,0
user_0038,23,51.86,130.97,3.94,4.67,0.3,40,1.0,0.1253,90.99,17.87,0.0974,0
user_0038,24,51.69,131.49,4.18,4.66,0.3,39,1.0,0.1254,90.7,18.07,0.0965,0
user_0038,25,51.76,131.07,3.94,4.67,0.29,40,1.0,0.125,90.73,18.1,0.0972,0
user_0038,26,51.73,131.02,3.99,4.66,0.3,39,1.0,0.1206,90.79,18.14,0.098,0
user_0038,27,51.66,130.97,3.96,4.68,0.3,39,1.0,0.1236,90.77,17.94,0.0968,0
user_0038,28,51.87,131.4,4.0,4.62,0.29,40,1.0,0.1281,90.86,18.06,0.0953,0
user_0038,29,51.67,131.19,4.02,4.64,0.3,40,1.0,0.1244,90.81,18.05,0.0969,0
user_0038,30,51.94,130.94,3.96,4.71,0.28,40,0.99,0.1263,91.11,18.11,0.0989,0
user_0038,31,51.8,131.3,4.02,4.7,0.28,40,1.0,0.1239,90.81,17.84,0.0943,0
user_0038,32,51.64,130.97,4.01,4.62,0.29,40,1.0,0.1237,90.76,18.13,0.0958,0
user_0038,33,51.99,131.41,3.97,4.66,0.29,40,1.01,0.1272,90.79,17.87,0.0972,0
user_0038,34,51.86,131.24,3.99,4.7,0.29,39,1.0,0.1263,90.76,17.91,0.0959,0
user_0038,35,51.77,131.37,4.05,4.68,0.29,39,0.99,0.1268,90.97,17.89,0.0991,0
user_0038,36,51.78,130.79,3.98,4.67,0.29,39,1.0,0.1263,90.82,17.96,0.097,0
user_0038,37,51.89,130.66,3.94,4.65,0.29,40,1.0,0.129,90.76,18.0,0.0966,0
user_0038,38,52.11,131.49,3.88,4.65,0.29,39,1.0,0.1265,91.01,18.08,0.0984,0
user_0038,39,51.76,131.32,4.08,4.64,0.29,39,0.99,0.1246,90.73,18.08,0.0974,0
user_0038,40,51.9,130.76,4.1,4.66,0.3,40,1.0,0.1238,90.9,17.92,0.0977,0
user_0038,41,51.7,131.48,4.05,4.68,0.29,40,1.0,0.1255,90.64,18.2,0.0975,0
user_0038,42,51.89,130.74,4.11,4.69,0.3,40,1.01,0.1268,90.7,18.02,0.0981,0
user_0038,43,51.83,131.21,4.11,4.65,0.29,39,0.99,0.1248,90.77,17.98,0.0969,0
user_0038,44,51.66,130.93,4.04,4.64,0.29,40,1.01,0.1256,90.86,17.93,0.0971,0
user_0038,45,51.77,131.09,4.0,4.62,0.3,39,1.01,0.1272,90.67,17.97,0.0991,0
user_0038,46,51.92,131.09,3.83,4.65,0.29,39,1.0,0.1242,90.87,18.01,0.0973,0
user_0038,47,51.93,131.13,4.2,4.7,0.28,40,1.0,0.1235,90.69,17.96,0.0985,0
user_0038,48,51.84,131.19,3.76,4.65,0.28,39,0.99,0.1254,90.9,17.91,0.0981,0
user_0038,49,51.94,131.15,3.94,4.64,0.3,39,1.0,0.1236,90.87,18.09,0.0977,0
user_0038,50,51.67,130.66,3.92,4.66,0.29,39,1.0,0.1223,90.81,17.89,0.0962,0
user_0038,51,51.74,131.68,4.05,4.62,0.3,39,1.01,0.124,90.85,18.21,0.0972,0
user_0038,52,52.09,131.05,3.99,4.63,0.31,39,1.01,0.1244,90.79,18.1,0.0974,0
user_0038,53,51.86,130.74,4.01,4.66,0.31,39,1.0,0.1271,90.84,18.11,0.1,0
user_0038,54,51.82,131.4,4.04,4.67,0.3,40,1.01,0.1252,90.78,18.04,0.0961,0
user_0038,55,51.91,131.25,3.99,4.65,0.3,40,1.0,0.1265,90.85,18.0,0.0979,0
user_0038,56,52.03,131.13,4.1,4.6,0.3,40,0.99,0.123,90.88,18.01,0.0983,0
user_0038,57,51.43,131.33,4.08,4.62,0.31,40,0.99,0.1255,90.86,17.82,0.0972,0
user_0038,58,52.03,130.85,4.14,4.66,0.28,40,0.99,0.1259,90.82,17.96,0.0961,0
user_0038,59,51.8,131.12,3.9,4.68,0.3,39,1.0,0.1266,90.97,18.16,0.0993,0
user_0039,0,49.47,107.58,3.98,2.92,0.42,39,1.0,0.0955,96.64,18.11,0.0776,0
user_0039,1,49.39,107.65,3.9,2.87,0.41,40,1.0,0.0968,96.64,17.91,0.0786,0
user_0039,2,49.24,108.21,4.0,2.83,0.42,40,1.0,0.096,96.51,17.81,0.0751,0
user_0039,3,49.55,107.69,4.14,2.91,0.42,39,0.99,0.0949,96.48,17.76,0.077,0
user_0039,4,49.33,107.58,3.92,2.87,0.41,39,1.0,0.0967,96.53,17.93,0.0762,0
user_0039,5,49.61,108.06,4.08,2.88,0.41,40,0.99,0.0949,96.45,17.95,0.0766,0
user_0039,6,49.41,107.92,4.1,2.94,0.4,40,1.0,0.0965,96.42,17.91,0.0777,0
user_0039,7,49.22,107.94,3.98,2.88,0.4,40,1.0,0.0968,96.66,18.03,0.0778,0
user_0039,8,49.48,107.55,4.13,2.85,0.42,40,1.0,0.0981,96.58,18.19,0.0777,0
user_0039,9,49.34,107.77,3.87,2.87,0.41,40,0.99,0.0962,96.58,18.07,0.0756,0
user_0039,10,49.46,107.84,3.99,2.82,0.42,40,0.99,0.0971,96.56,18.12,0.0772,0
user_0039,11,49.36,107.74,4.04,2.86,0.4,39,0.99,0.0989,96.72,17.95,0.0761,0
user_0039,12,49.41,107.78,4.09,2.86,0.41,40,1.0,0.0969,96.61,18.01,0.0776,0
user_0039,13,49.23,108.19,4.08,2.87,0.41,40,0.99,0.0974,96.47,18.18,0.0775,0
user_0039,14,49.55,107.71,3.91,2.87,0.41,39,1.0,0.0962,96.32,18.06,0.0766,0
user_0039,15,49.3,108.29,4.13,2.86,0.41,39,1.0,0.0956,96.35,18.01,0.0778,0
user_0039,16,49.26,108.17,3.97,2.86,0.41,39,1.0,0.0959,96.62,18.13,0.0781,0
user_0039,17,49.24,107.59,3.89,2.91,0.41,39,1.0,0.0982,96.6,18.04,0.0781,0
user_0039,18,49.38,107.98,4.02,2.88,0.42,40,1.0,0.0973,96.55,18.06,0.0774,0
user_0039,19,49.48,107.88,4.05,2.87,0.41,40,1.0,0.0999,96.58,18.0,0.0783,0
user_0039,20,49.28,108.13,4.07,2.91,0.4,39,1.0,0.0961,96.69,18.22,0.0778,0
user_0039,21,49.36,107.81,4.06,2.93,0.43,40,1.01,0.0978,96.52,17.93,0.0775,0
user_0039,22,49.42,107.54,3.99,2.86,0.42,39,1.0,0.0955,96.69,17.83,0.078,0
user_0039,23,49.17,107.77,4.02,2.89,0.41,40,1.0,0.0963,96.53,18.02,0.0774,0
user_0039,24,49.47,107.92,4.02,2.87,0.4,40,1.01,0.0972,96.44,18.08,0.0771,0
user_0039,25,49.46,107.81,4.03,2.87,0.4,39,1.0,0.0971,96.57,18.03,0.0767,0
user_0039,26,49.5,108.15,3.94,2.89,0.42,39,1.0,0.0973,96.37,17.89,0.0765,0
user_0039,27,49.09,108.17,3.85,2.89,0.42,39,1.0,0.0969,96.53,18.1,0.0749,0
user_0039,28,49.22,108.04,4.0,2.9,0.41,39,1.0,0.1,96.68,18.05,0.0776,0
user_0039,29,49.44,108.11,4.03,2.86,0.43,40,1.01,0.0968,96.5,18.14,0.0778,0
user_0039,30,49.38,107.6,4.05,2.87,0.4,39,1.0,0.0942,96.5,18.1,0.0762,0
user_0039,31,49.38,107.74,3.97,2.92,0.39,40,1.0,0.0958,96.41,18.08,0.0773,0
user_0039,32,49.31,107.93,3.99,2.83,0.4,40,0.99,0.0949,96.48,17.93,0.0775,0
user_0039,33,49.19,107.8,4.0,2.9,0.42,39,1.01,0.0963,96.61,18.19,0.0776,0
user_0039,34,49.15,107.92,3.95,2.87,0.43,39,1.0,0.0952,96.49,18.07,0.0778,0
user_0039,35,49.32,107.74,4.02,2.92,0.4,40,1.01,0.0986,96.56,18.12,0.0765,0
user_0039,36,49.26,108.09,4.02,2.88,0.38,39,0.99,0.0973,96.51,17.94,0.0801,0
user_0039,37,49.51,108.16,4.17,2.9,0.4,39,1.0,0.0935,96.52,17.78,0.0776,0
user_0039,38,49.48,107.97,4.07,2.93,0.41,40,1.0,0.098,96.46,18.16,0.0785,0
user_0039,39,49.58,107.91,3.91,2.89,0.39,39,1.0,0.1001,96.56,18.01,0.0774,0
user_0039,40,49.16,107.92,4.01,2.85,0.4,39,1.0,0.0959,96.42,18.03,0.078,0
user_0039,41,49.38,107.76,4.04,2.87,0.4,40,1.0,0.0964,96.37,17.93,0.0795,0
user_0039,42,49.13,107.84,4.0,2.89,0.39,40,0.99,0.0967,96.46,17.91,0.0783,0
user_0039,43,49.32,108.02,4.04,2.91,0.4,40,1.0,0.096,96.41,18.06,0.0766,0
user_0039,44,49.43,108.38,4.07,2.91,0.4,40,0.99,0.0962,96.7,17.94,0.0786,0
user_0039,45,49.51,108.17,3.9,2.89,0.41,40,0.99,0.0971,96.55,17.8,0.0766,0
user_0039,46,49.08,107.72,4.04,2.88,0.41,39,1.01,0.0965,96.53,18.09,0.0765,0
user_0039,47,49.39,108.01,3.96,2.9,0.41,39,1.0,0.0973,96.6,18.01,0.0786,0
user_0039,48,49.46,107.45,3.89,2.91,0.41,40,1.01,0.0965,96.53,17.91,0.0779,0
user_0039,49,49.44,107.76,3.93,2.94,0.41,39,1.0,0.0965,96.42,18.05,0.0766,0
user_0039,50,49.59,108.02,3.98,2.88,0.42,40,1.01,0.0982,96.57,17.91,0.0773,0
user_0039,51,49.43,107.69,4.1,2.85,0.4,39,1.0,0.0953,96.35,18.11,0.077,0
user_0039,52,49.2,107.71,4.13,2.86,0.41,39,0.99,0.0954,96.4,18.1,0.0776,0
user_0039,53,49.73,107.72,3.94,2.92,0.42,40,0.99,0.0992,96.52,17.96,0.0786,0
user_0039,54,49.35,107.61,4.0,2.86,0.38,39,1.0,0.0948,96.58,17.92,0.078,0
user_0039,55,49.17,108.13,3.9,2.82,0.42,39,1.01,0.0974,96.6,18.1,0.0776,0
user_0039,56,49.38,108.22,4.01,2.86,0.41,39,1.01,0.0986,96.65,18.12,0.0774,0
user_0039,57,49.34,107.59,4.13,2.87,0.41,40,0.99,0.0939,96.53,17.95,0.0774,0
user_0039,58,49.52,107.96,4.06,2.89,0.41,39,1.0,0.0967,96.62,17.98,0.0772,0
user_0039,59,49.32,107.67,4.11,2.91,0.4,40,0.99,0.098,96.46,18.04,0.0756,0
user_0040,0,50.25,119.66,3.96,3.48,0.23,40,1.0,0.1264,98.47,17.88,0.1469,0
user_0040,1,50.34,119.81,4.11,3.45,0.22,40,1.0,0.1271,98.51,18.1,0.1484,0
user_0040,2,50.43,119.84,4.04,3.39,0.22,40,1.0,0.1285,98.44,17.96,0.148,0
user_0040,3,50.52,119.78,4.07,3.43,0.23,39,1.0,0.1271,98.41,18.2,0.1486,0
user_0040,4,50.44,120.04,3.81,3.44,0.21,39,0.99,0.1276,98.49,17.99,0.1489,0
user_0040,5,50.42,119.98,3.96,3.39,0.2,39,1.0,0.127,98.54,17.85,0.1496,0
user_0040,6,50.29,119.38,3.99,3.48,0.21,39,1.0,0.1296,98.38,18.04,0.1482,0
user_0040,7,50.39,119.56,4.15,3.51,0.21,39,1.0,0.1245,98.43,18.2,0.1475,0
user_0040,8,50.57,120.05,3.94,3.44,0.22,40,1.0,0.1296,98.34,18.02,0.1496,0
user_0040,9,50.65,119.74,3.96,3.47,0.22,40,1.0,0.1265,98.51,18.02,0.1493,0
user_0040,10,50.41,119.83,4.03,3.43,0.21,40,1.0,0.1274,98.39,18.04,0.1488,0
user_0040,11,50.18,119.51,3.94,3.43,0.2,40,1.0,0.1277,98.5,18.05,0.1486,0
user_0040,12,50.41,119.71,4.06,3.45,0.23,40,1.0,0.1277,98.45,18.04,0.1477,0
user_0040,13,50.31,119.85,4.03,3.48,0.22,39,1.0,0.1291,98.21,18.0,0.1488,0
user_0040,14,42.45,139.6,8.41,4.94,1.1,58,0.85,0.2502,90.73,22.97,0.2488,1
user_0040,15,42.58,139.88,8.43,4.93,1.09,58,0.86,0.2479,90.98,23.06,0.2478,1
user_0040,16,42.05,140.02,8.53,4.91,1.12,58,0.86,0.2486,90.97,23.02,0.2473,1
user_0040,17,42.51,139.68,8.43,4.92,1.1,58,0.86,0.2496,90.96,22.99,0.2478,1
user_0040,18,42.26,140.17,8.42,4.92,1.11,57,0.85,0.2469,90.72,22.98,0.2479,1
user_0040,19,42.37,139.62,8.47,4.91,1.13,58,0.86,0.2461,90.96,22.96,0.2476,1
user_0040,20,30.27,170.33,15.23,7.17,2.47,85,0.62,0.4283,79.77,30.4,0.3983,3
user_0040,21,30.31,169.49,15.38,7.19,2.46,84,0.62,0.4276,79.6,30.55,0.4,3
user_0040,22,30.38,169.53,15.26,7.23,2.47,84,0.61,0.4278,79.75,30.6,0.3994,3
user_0040,23,30.31,169.59,15.24,7.21,2.46,85,0.62,0.4269,79.78,30.53,0.3989,3
user_0040,24,30.38,169.89,15.17,7.17,2.48,84,0.62,0.4265,79.75,30.69,0.3987,3
user_0040,25,30.34,170.03,15.28,7.18,2.48,84,0.62,0.4274,79.73,30.43,0.3962,3
user_0040,26,30.63,170.44,15.21,7.17,2.45,84,0.62,0.426,79.67,30.34,0.3966,3
user_0040,27,30.44,169.53,15.28,7.18,2.46,85,0.62,0.429,79.63,30.42,0.397,3
user_0040,28,30.16,169.38,15.12,7.16,2.47,84,0.62,0.4269,79.66,30.5,0.397,3
user_0040,29,30.48,169.61,15.27,7.19,2.45,85,0.62,0.4274,79.73,30.38,0.3965,3
user_0040,30,30.49,169.97,15.27,7.21,2.45,84,0.62,0.4295,79.72,30.6,0.3975,3
user_0040,31,30.24,170.02,15.25,7.22,2.47,85,0.63,0.4277,79.67,30.5,0.397,3
user_0040,32,30.34,169.55,15.27,7.17,2.46,84,0.63,0.4301,79.78,30.37,0.3981,3
user_0040,33,30.36,169.53,15.41,7.18,2.46,85,0.63,0.4273,79.75,30.48,0.3979,3
user_0040,34,30.29,169.08,15.14,7.16,2.47,85,0.63,0.4261,79.85,30.67,0.3981,3
user_0040,35,30.31,169.53,15.26,7.24,2.47,84,0.63,0.4273,79.82,30.56,0.398,3
user_0040,36,30.56,169.5,15.23,7.18,2.46,85,0.63,0.4256,79.62,30.46,0.3987,3
user_0040,37,30.2,169.86,15.17,7.2,2.48,84,0.63,0.4276,79.57,30.38,0.3974,3
user_0040,38,30.29,169.64,15.22,7.2,2.47,84,0.62,0.4265,79.56,30.34,0.3965,3
user_0040,39,30.33,169.79,15.28,7.16,2.45,85,0.62,0.4293,79.56,30.31,0.3987,3
user_0040,40,24.53,183.33,18.35,8.23,3.1,97,0.53,0.5096,74.38,34.08,0.469,4
user_0040,41,24.37,184.36,18.38,8.25,3.09,98,0.53,0.5151,74.47,34.09,0.4671,4
user_0040,42,24.77,183.92,18.42,8.24,3.09,97,0.53,0.5135,74.45,34.0,0.4692,4
user_0040,43,24.95,183.46,18.42,8.26,3.09,97,0.52,0.5113,74.29,34.06,0.4701,4
user_0040,44,24.85,183.85,18.31,8.24,3.09,97,0.52,0.5125,74.39,34.0,0.4702,4
user_0040,45,24.72,183.4,18.31,8.25,3.07,97,0.52,0.5118,74.42,34.03,0.4687,4
user_0040,46,24.98,183.6,18.35,8.26,3.08,97,0.52,0.5126,74.46,34.01,0.4683,4
user_0040,47,24.64,183.52,18.53,8.26,3.11,97,0.52,0.5127,74.54,33.98,0.4686,4
user_0040,48,24.92,183.92,18.38,8.27,3.08,97,0.52,0.5126,74.4,33.96,0.4677,4
user_0040,49,24.68,183.68,18.28,8.27,3.1,97,0.52,0.5119,74.43,33.93,0.4669,4
user_0040,50,24.66,183.58,18.33,8.27,3.09,97,0.52,0.5138,74.49,33.98,0.4698,4
user_0040,51,24.62,183.45,18.42,8.24,3.1,97,0.52,0.5134,74.44,34.07,0.4674,4
user_0040,52,24.71,183.91,18.41,8.24,3.09,97,0.52,0.5115,74.34,33.91,0.4675,4
user_0040,53,24.76,183.62,18.52,8.26,3.1,98,0.52,0.5126,74.45,34.05,0.4674,4
user_0040,54,24.76,183.48,18.43,8.24,3.08,97,0.52,0.5145,74.51,34.11,0.467,4
user_0040,55,24.98,183.64,18.35,8.18,3.11,97,0.52,0.5124,74.61,33.98,0.4681,4
user_0040,56,24.96,183.62,18.34,8.18,3.11,97,0.52,0.5112,74.49,33.94,0.4683,4
user_0040,57,24.83,183.97,18.45,8.22,3.1,97,0.52,0.5127,74.44,33.88,0.4676,4
user_0040,58,24.92,183.78,18.43,8.29,3.11,97,0.52,0.5109,74.38,33.84,0.4669,4
user_0040,59,24.91,184.07,18.4,8.22,3.06,98,0.51,0.5097,74.39,34.0,0.4681,4
user_0041,0,53.1,118.94,4.07,3.57,0.25,40,1.0,0.0931,92.72,18.05,0.0825,0
user_0041,1,53.1,119.06,3.98,3.55,0.25,40,1.0,0.0939,92.75,18.19,0.0821,0
user_0041,2,53.26,118.59,3.91,3.58,0.24,40,1.0,0.0959,92.64,17.9,0.0819,0
user_0041,3,53.2,119.0,4.05,3.6,0.25,39,1.01,0.0941,92.92,18.07,0.0822,0
user_0041,4,53.23,118.65,4.08,3.65,0.23,39,1.0,0.0957,92.86,18.04,0.0845,0
user_0041,5,53.19,119.27,4.02,3.61,0.25,40,0.99,0.094,92.58,18.01,0.0821,0
user_0041,6,53.33,118.94,3.87,3.55,0.26,39,1.0,0.094,92.73,17.98,0.0851,0
user_0041,7,53.45,119.08,3.97,3.66,0.24,39,1.0,0.0944,92.47,18.05,0.0814,0
user_0041,8,53.38,118.79,4.0,3.53,0.23,39,1.0,0.0966,92.64,18.13,0.082,0
user_0041,9,53.25,118.98,3.94,3.54,0.25,40,1.0,0.0947,92.85,18.02,0.0834,0
user_0041,10,53.11,118.93,4.05,3.58,0.26,40,1.0,0.096,92.56,18.06,0.0837,0
user_0041,11,53.1,119.45,4.03,3.6,0.24,40,0.99,0.097,92.44,17.96,0.0814,0
user_0041,12,53.26,119.64,4.05,3.66,0.24,39,1.0,0.0946,92.54,17.92,0.083,0
user_0041,13,52.97,118.87,3.97,3.57,0.26,39,1.0,0.0953,92.73,18.14,0.0828,0
user_0041,14,53.18,119.3,3.98,3.58,0.23,40,1.0,0.0956,92.36,18.0,0.0815,0
user_0041,15,53.39,119.31,4.02,3.57,0.25,39,1.0,0.0936,92.87,18.15,0.0834,0
user_0041,16,52.94,119.37,4.01,3.61,0.25,39,1.0,0.0917,92.57,18.04,0.0835,0
user_0041,17,53.08,119.15,3.88,3.62,0.26,40,1.0,0.0968,92.57,17.91,0.0834,0
user_0041,18,53.31,118.86,3.96,3.62,0.25,40,0.99,0.0954,92.5,17.8,0.0831,0
user_0041,19,53.38,119.09,3.96,3.63,0.25,39,1.01,0.0939,92.58,18.08,0.0817,0
user_0041,20,53.14,118.83,4.01,3.58,0.26,40,1.0,0.095,92.64,18.06,0.0813,0
user_0041,21,52.81,119.45,4.05,3.58,0.26,39,1.0,0.0932,92.7,17.84,0.0816,0
user_0041,22,53.2,118.86,3.95,3.53,0.26,39,0.99,0.0925,92.6,17.84,0.0843,0
user_0041,23,52.8,119.04,4.01,3.56,0.25,39,1.01,0.0927,92.41,17.87,0.0828,0
user_0041,24,53.14,119.35,4.04,3.57,0.25,39,1.01,0.0955,92.84,18.08,0.0823,0
user_0041,25,53.01,119.21,4.0,3.58,0.25,39,1.01,0.0944,92.5,18.05,0.0815,0
user_0041,26,53.24,119.38,4.08,3.58,0.25,39,1.0,0.0944,92.63,17.92,0.0812,0
user_0041,27,53.14,119.05,3.91,3.6,0.27,40,1.0,0.0944,92.8,17.88,0.0832,0
user_0041,28,52.94,119.58,3.97,3.64,0.27,39,1.0,0.0947,92.63,17.96,0.0807,0
user_0041,29,53.08,118.88,4.04,3.61,0.26,40,1.0,0.0947,92.73,17.94,0.0825,0
user_0041,30,53.14,119.57,4.06,3.6,0.23,40,1.0,0.0942,92.49,17.89,0.0823,0
user_0041,31,53.33,119.01,3.97,3.63,0.25,39,1.0,0.0924,92.7,17.93,0.0823,0
user_0041,32,53.23,119.64,3.9,3.6,0.26,39,1.0,0.0969,92.57,18.02,0.0828,0
user_0041,33,53.24,119.35,4.01,3.6,0.24,40,1.0,0.0926,92.6,18.03,0.0828,0
user_0041,34,52.97,118.92,4.05,3.6,0.26,40,1.0,0.0938,92.66,18.17,0.0851,0
user_0041,35,53.23,119.29,4.05,3.58,0.26,40,1.0,0.0939,92.49,18.07,0.0826,0
user_0041,36,53.05,118.87,4.05,3.54,0.25,40,1.0,0.0938,92.52,18.06,0.0836,0
user_0041,37,53.07,119.28,4.12,3.59,0.25,40,1.0,0.0925,92.73,17.96,0.0821,0
user_0041,38,53.07,119.04,4.11,3.62,0.27,40,1.0,0.0923,92.63,18.22,0.0819,0
user_0041,39,53.39,119.17,3.8,3.6,0.26,39,1.01,0.0919,92.51,18.02,0.0828,0
user_0041,40,53.36,119.32,3.91,3.59,0.26,39,1.0,0.0939,92.58,18.05,0.0812,0
user_0041,41,53.22,119.3,4.08,3.55,0.24,40,1.0,0.0988,92.69,18.01,0.0822,0
user_0041,42,52.98,119.3,3.99,3.58,0.25,40,0.99,0.0957,92.56,17.99,0.0837,0
user_0041,43,53.43,118.73,4.0,3.59,0.24,40,1.0,0.0947,92.55,18.04,0.0832,0
user_0041,44,53.18,119.03,3.97,3.59,0.25,40,1.0,0.0926,92.68,17.95,0.0832,0
user_0041,45,53.16,119.32,3.92,3.59,0.24,39,1.0,0.0936,92.77,17.94,0.0811,0
user_0041,46,53.18,119.16,3.96,3.58,0.26,40,1.0,0.0927,92.93,18.11,0.0829,0
user_0041,47,52.99,119.39,3.96,3.58,0.23,39,1.0,0.0959,92.71,18.07,0.0823,0
user_0041,48,53.1,119.23,4.06,3.58,0.26,39,1.0,0.0944,92.66,17.99,0.0837,0
user_0041,49,53.28,118.8,4.12,3.51,0.27,39,1.0,0.0943,92.68,18.0,0.0822,0
user_0041,50,53.36,119.3,3.93,3.6,0.26,39,1.0,0.0942,92.62,17.98,0.0799,0
user_0041,51,53.08,119.34,4.0,3.55,0.26,39,0.99,0.0977,92.54,18.09,0.0816,0
user_0041,52,53.18,118.93,3.91,3.6,0.25,40,1.0,0.0978,92.67,18.06,0.081,0
user_0041,53,53.07,119.29,3.99,3.59,0.24,40,1.0,0.0927,92.71,17.83,0.0826,0
user_0041,54,53.43,119.33,4.05,3.56,0.27,40,1.0,0.0937,92.77,18.18,0.0811,0
user_0041,55,53.01,119.12,3.84,3.58,0.26,39,1.0,0.0936,92.81,17.94,0.0839,0
user_0041,56,53.07,119.35,4.02,3.58,0.24,40,1.0,0.0934,92.79,18.05,0.083,0
user_0041,57,53.1,119.11,3.98,3.59,0.26,39,1.0,0.0956,92.65,17.86,0.0802,0
user_0041,58,53.21,118.95,4.03,3.56,0.25,39,1.01,0.0959,92.78,18.0,0.0832,0
user_0041,59,53.17,119.52,3.99,3.55,0.23,40,1.0,0.0952,92.8,17.83,0.082,0
user_0042,0,58.03,122.31,4.11,3.46,0.18,40,1.0,0.0746,96.14,18.1,0.0955,0
user_0042,1,57.89,122.55,4.0,3.48,0.17,40,1.0,0.0766,96.32,18.05,0.0979,0
user_0042,2,58.16,122.15,4.01,3.46,0.18,39,0.99,0.0781,96.16,17.94,0.0969,0
user_0042,3,58.16,122.51,4.05,3.46,0.2,39,1.0,0.0754,96.19,17.97,0.0962,0
user_0042,4,57.99,122.0,4.09,3.45,0.2,40,1.01,0.0756,96.35,17.91,0.0972,0
user_0042,5,58.11,121.99,3.96,3.47,0.17,39,1.0,0.0769,96.33,17.98,0.0977,0
user_0042,6,58.24,122.75,3.96,3.44,0.19,40,0.99,0.0745,96.21,17.96,0.0981,0
user_0042,7,58.39,122.4,4.05,3.47,0.19,40,1.0,0.0736,96.24,18.02,0.097,0
user_0042,8,57.87,122.12,4.23,3.44,0.2,39,1.0,0.0756,96.3,18.08,0.0973,0
user_0042,9,57.93,122.22,3.94,3.45,0.16,40,1.01,0.075,96.23,18.2,0.0992,0
user_0042,10,58.18,122.24,4.04,3.42,0.17,40,1.0,0.0728,96.36,18.15,0.0984,0
user_0042,11,58.04,121.89,4.01,3.43,0.17,39,1.01,0.0741,96.12,18.17,0.0978,0
user_0042,12,58.09,122.5,4.03,3.45,0.16,39,1.0,0.075,96.26,18.02,0.0974,0
user_0042,13,58.01,122.52,4.05,3.43,0.17,40,1.0,0.077,96.2,17.88,0.0971,0
user_0042,14,58.19,122.33,3.99,3.43,0.19,40,0.99,0.0771,96.36,18.11,0.0972,0
user_0042,15,57.97,122.4,4.01,3.48,0.19,40,1.0,0.0758,96.26,18.07,0.0963,0
user_0042,16,58.11,122.68,3.91,3.49,0.17,39,1.01,0.078,96.33,18.03,0.0995,0
user_0042,17,57.91,121.99,3.86,3.42,0.17,40,1.01,0.0772,96.39,17.9,0.0981,0
user_0042,18,58.0,122.57,4.0,3.47,0.2,39,0.99,0.0733,96.21,18.11,0.0982,0
user_0042,19,58.15,122.52,4.05,3.41,0.19,40,0.99,0.0763,96.17,18.05,0.0978,0
user_0042,20,57.96,122.53,4.06,3.43,0.19,39,1.0,0.0756,96.42,17.91,0.0968,0
user_0042,21,57.99,122.45,3.99,3.45,0.17,39,1.01,0.0764,96.36,17.97,0.098,0
user_0042,22,58.04,121.96,4.08,3.45,0.17,40,1.0,0.078,96.37,17.89,0.0964,0
user_0042,23,58.15,122.46,4.04,3.44,0.17,40,1.0,0.0777,96.37,17.92,0.098,0
user_0042,24,58.07,122.19,3.87,3.5,0.17,39,1.0,0.076,96.05,17.98,0.0995,0
user_0042,25,58.08,122.83,4.0,3.44,0.18,40,1.0,0.0749,96.16,18.06,0.0978,0
user_0042,26,58.36,122.41,3.89,3.45,0.18,39,1.0,0.0765,96.18,17.95,0.0988,0
user_0042,27,57.96,122.38,4.02,3.42,0.18,39,1.0,0.0735,96.3,17.94,0.0988,0
user_0042,28,58.17,122.23,3.97,3.45,0.18,39,1.0,0.0766,96.37,18.09,0.0969,0
user_0042,29,58.23,122.14,4.03,3.43,0.18,39,1.0,0.0746,96.35,18.04,0.0981,0
user_0042,30,58.12,122.13,4.11,3.44,0.18,40,1.0,0.0757,96.32,17.98,0.098,0
user_0042,31,58.02,122.41,4.01,3.48,0.2,40,1.01,0.0747,96.52,17.98,0.0977,0
user_0042,32,58.19,122.64,3.99,3.4,0.19,39,1.0,0.0769,96.32,18.09,0.0972,0
user_0042,33,58.32,122.46,3.99,3.47,0.17,39,0.99,0.0779,96.32,18.02,0.0986,0
user_0042,34,58.16,122.35,3.97,3.42,0.17,40,1.0,0.0765,96.29,17.89,0.098,0
user_0042,35,58.14,122.43,4.01,3.5,0.17,39,0.99,0.0759,96.11,18.02,0.0977,0
user_0042,36,58.03,122.54,4.02,3.49,0.19,39,0.99,0.0772,96.39,18.13,0.0954,0
user_0042,37,58.14,122.59,4.09,3.46,0.18,39,1.0,0.0764,96.38,17.84,0.098,0
user_0042,38,57.89,122.49,3.91,3.41,0.2,39,1.0,0.0758,96.09,18.08,0.097,0
user_0042,39,57.96,122.65,3.9,3.46,0.18,40,1.0,0.076,96.07,17.91,0.0968,0
user_0042,40,58.28,122.46,4.0,3.49,0.16,40,1.0,0.0747,96.25,17.95,0.0992,0
user_0042,41,58.15,122.59,3.94,3.45,0.19,40,0.99,0.077,96.28,18.04,0.0972,0
user_0042,42,58.34,122.49,3.96,3.43,0.19,40,1.0,0.0752,96.39,17.95,0.0971,0
user_0042,43,58.49,122.52,3.99,3.43,0.18,40,1.0,0.0748,96.27,17.87,0.098,0
user_0042,44,57.52,122.04,4.01,3.38,0.2,39,1.0,0.0777,96.33,18.0,0.0972,0
user_0042,45,57.91,122.3,4.01,3.45,0.17,40,0.99,0.0767,96.38,18.02,0.0994,0
user_0042,46,58.17,122.77,3.8,3.47,0.19,40,1.0,0.0751,96.37,18.18,0.0958,0
user_0042,47,58.29,122.39,3.95,3.42,0.18,40,1.0,0.0768,96.3,17.84,0.0975,0
user_0042,48,58.01,122.17,3.97,3.44,0.19,40,0.99,0.0776,96.34,18.03,0.0986,0
user_0042,49,58.11,122.29,4.03,3.46,0.18,40,1.0,0.0743,96.24,18.14,0.0978,0
user_0042,50,57.94,122.12,3.9,3.47,0.18,40,1.0,0.0767,96.5,17.9,0.0962,0
user_0042,51,58.19,122.36,4.02,3.48,0.19,40,1.0,0.0771,96.22,18.17,0.0982,0
user_0042,52,58.19,122.28,3.96,3.46,0.2,40,1.0,0.0752,96.36,18.13,0.0979,0
user_0042,53,58.05,122.59,3.98,3.44,0.18,40,1.0,0.0757,96.31,17.96,0.0993,0
user_0042,54,58.39,122.35,3.94,3.43,0.18,39,0.99,0.0756,96.34,18.1,0.0995,0
user_0042,55,58.04,122.27,3.98,3.42,0.17,39,1.0,0.0745,96.38,18.11,0.0966,0
user_0042,56,57.92,122.29,3.97,3.48,0.18,40,1.0,0.0745,96.27,18.0,0.0981,0
user_0042,57,57.9,122.27,4.0,3.43,0.17,39,0.99,0.0779,96.27,17.99,0.0967,0
user_0042,58,58.15,122.6,3.93,3.42,0.17,39,1.0,0.0769,96.16,18.09,0.0986,0
user_0042,59,57.69,122.15,3.95,3.46,0.18,39,1.01,0.0747,96.22,17.88,0.0975,0
user_0043,0,66.97,106.3,4.04,4.14,0.32,39,1.0,0.0996,94.61,17.95,0.1456,0
user_0043,1,67.28,105.51,4.0,4.12,0.32,39,1.0,0.1007,94.75,17.84,0.1471,0
user_0043,2,67.53,106.02,3.94,4.16,0.32,39,1.0,0.1002,94.51,17.99,0.1466,0
user_0043,3,66.99,105.63,3.91,4.17,0.32,39,1.0,0.1005,94.68,18.1,0.147,0
user_0043,4,67.47,106.07,3.96,4.17,0.31,39,1.0,0.1003,94.6,18.27,0.147,0
user_0043,5,66.98,106.29,4.05,4.17,0.32,40,1.01,0.0997,94.5,17.65,0.1476,0
user_0043,6,67.09,105.96,3.94,4.14,0.31,39,1.0,0.1002,94.52,17.89,0.1476,0
user_0043,7,67.39,106.25,3.92,4.19,0.3,39,1.0,0.0963,94.85,18.13,0.1478,0
user_0043,8,67.09,105.97,4.06,4.14,0.32,40,0.99,0.0999,94.47,17.91,0.1467,0
user_0043,9,67.31,105.81,4.01,4.15,0.32,40,0.99,0.1005,94.64,17.94,0.146,0
user_0043,10,67.06,105.8,3.99,4.18,0.32,39,1.0,0.1001,94.71,17.86,0.1469,0
user_0043,11,67.42,105.66,4.01,4.16,0.31,40,1.0,0.1016,94.64,18.05,0.1466,0
user_0043,12,67.15,106.09,4.03,4.18,0.32,39,1.0,0.1006,94.45,18.03,0.1471,0
user_0043,13,67.36,106.09,3.95,4.15,0.32,40,0.99,0.0996,94.56,18.02,0.1475,0
user_0043,14,58.98,125.93,8.51,5.67,1.22,57,0.84,0.2173,87.2,22.99,0.2471,1
user_0043,15,58.98,125.98,8.55,5.62,1.21,57,0.85,0.218,87.18,23.02,0.2485,1
user_0043,16,59.23,126.07,8.46,5.64,1.23,58,0.85,0.2196,87.05,23.11,0.2478,1
user_0043,17,59.54,125.7,8.56,5.68,1.22,58,0.85,0.218,87.13,22.91,0.2467,1
user_0043,18,59.34,126.23,8.52,5.65,1.22,58,0.84,0.2195,87.13,23.1,0.2476,1
user_0043,19,59.31,125.87,8.5,5.69,1.22,58,0.84,0.2193,86.94,22.95,0.2472,1
user_0043,20,47.35,155.74,15.28,7.95,2.56,84,0.63,0.3976,75.81,30.59,0.3991,3
user_0043,21,47.08,155.8,15.22,7.9,2.59,84,0.62,0.4018,75.95,30.6,0.3963,3
user_0043,22,47.15,155.73,15.31,7.95,2.56,84,0.62,0.3971,75.83,30.58,0.3963,3
user_0043,23,47.25,155.66,15.24,7.9,2.56,85,0.63,0.3979,75.87,30.5,0.3954,3
user_0043,24,47.02,156.31,15.17,7.95,2.56,85,0.62,0.3991,76.08,30.37,0.3978,3
user_0043,25,47.32,156.83,15.17,7.9,2.58,84,0.62,0.4008,75.87,30.41,0.3979,3
user_0043,26,47.29,155.91,15.22,7.89,2.58,84,0.62,0.3974,75.93,30.45,0.3952,3
user_0043,27,47.05,155.93,15.23,7.91,2.57,84,0.62,0.4011,76.0,30.56,0.3977,3
user_0043,28,47.37,155.71,15.25,7.89,2.56,85,0.63,0.3991,76.06,30.52,0.3964,3
user_0043,29,47.07,156.24,15.26,7.93,2.54,85,0.62,0.3973,75.89,30.61,0.3994,3
user_0043,30,47.27,155.81,15.19,7.94,2.56,85,0.63,0.3996,75.74,30.46,0.3957,3
user_0043,31,47.15,156.22,15.34,7.92,2.56,85,0.62,0.3977,75.96,30.55,0.3966,3
user_0043,32,47.25,156.1,15.27,7.93,2.57,85,0.63,0.3987,75.87,30.49,0.3957,3
user_0043,33,47.14,156.0,15.15,7.9,2.59,84,0.62,0.3981,75.88,30.42,0.3969,3
user_0043,34,47.13,156.25,15.26,7.89,2.58,84,0.62,0.3994,76.08,30.32,0.3959,3
user_0043,35,47.35,155.83,15.3,7.9,2.57,85,0.62,0.4009,75.96,30.35,0.3977,3
user_0043,36,47.24,156.01,15.28,7.91,2.57,85,0.63,0.3971,76.02,30.38,0.3979,3
user_0043,37,47.25,155.67,15.29,7.89,2.58,84,0.62,0.4017,75.91,30.59,0.3963,3
user_0043,38,46.95,156.41,15.25,7.93,2.58,84,0.63,0.4018,75.89,30.59,0.3952,3
user_0043,39,47.4,155.61,15.33,7.93,2.57,84,0.62,0.3981,75.87,30.72,0.3985,3
user_0043,40,41.5,170.05,18.41,8.96,3.19,97,0.52,0.4821,70.84,34.15,0.4677,4
user_0043,41,41.45,170.09,18.42,8.98,3.22,97,0.53,0.484,70.62,34.24,0.468,4
user_0043,42,41.57,170.01,18.45,8.96,3.2,97,0.51,0.4835,70.66,34.05,0.4666,4
user_0043,43,41.43,169.75,18.48,8.95,3.2,97,0.52,0.4823,70.56,34.14,0.4679,4
user_0043,44,41.82,170.35,18.22,8.98,3.19,97,0.52,0.4818,70.5,33.97,0.4681,4
user_0043,45,41.67,169.69,18.56,8.98,3.21,97,0.51,0.482,70.73,33.92,0.4669,4
user_0043,46,41.62,169.67,18.37,8.99,3.21,97,0.53,0.484,70.68,34.03,0.4666,4
user_0043,47,41.48,169.81,18.38,8.95,3.2,97,0.52,0.4839,70.76,34.0,0.4682,4
user_0043,48,41.71,170.27,18.52,8.98,3.2,97,0.52,0.4826,70.73,33.9,0.4688,4
user_0043,49,41.61,170.7,18.35,8.97,3.2,97,0.53,0.4817,70.58,34.06,0.4679,4
user_0043,50,41.42,170.13,18.41,8.94,3.19,97,0.53,0.4849,70.52,34.08,0.4666,4
user_0043,51,41.77,169.86,18.37,8.96,3.19,97,0.52,0.4835,70.75,33.84,0.466,4
user_0043,52,41.7,170.17,18.42,8.92,3.19,97,0.53,0.4852,70.8,34.03,0.4675,4
user_0043,53,41.48,170.23,18.39,8.98,3.2,97,0.52,0.4837,70.74,33.87,0.4657,4
user_0043,54,41.7,170.35,18.53,8.94,3.2,97,0.52,0.4851,70.64,33.96,0.4677,4
user_0043,55,41.51,170.39,18.4,8.96,3.21,97,0.53,0.4831,70.75,34.01,0.4666,4
user_0043,56,41.52,169.71,18.34,8.99,3.21,97,0.51,0.4817,70.57,33.97,0.4684,4
user_0043,57,41.55,170.41,18.27,8.96,3.21,97,0.52,0.4849,70.73,33.93,0.4675,4
user_0043,58,41.74,169.83,18.53,8.95,3.2,97,0.52,0.4818,70.61,33.84,0.468,4
user_0043,59,41.69,170.26,18.37,9.0,3.2,97,0.53,0.4826,70.77,34.05,0.4666,4
user_0044,0,49.49,104.72,4.02,4.88,0.5,39,1.0,0.1011,94.38,17.86,0.1431,0
user_0044,1,49.59,104.36,3.99,4.9,0.47,40,1.0,0.1033,94.34,17.98,0.1434,0
user_0044,2,49.42,105.0,4.03,4.9,0.48,40,1.0,0.1032,94.33,17.98,0.1426,0
user_0044,3,49.6,104.74,4.11,4.93,0.48,39,1.01,0.1009,94.37,17.82,0.1449,0
user_0044,4,49.17,104.59,3.92,4.94,0.47,40,1.0,0.0997,94.39,18.0,0.1448,0
user_0044,5,49.57,104.48,3.98,4.9,0.48,40,1.0,0.1032,94.33,18.07,0.1438,0
user_0044,6,49.6,104.44,4.01,4.93,0.48,40,1.0,0.1049,94.46,17.91,0.143,0
user_0044,7,49.58,104.49,4.04,4.91,0.49,40,0.99,0.1031,94.41,17.99,0.1434,0
user_0044,8,49.5,104.52,4.19,4.88,0.48,40,1.0,0.1004,94.28,18.07,0.1436,0
user_0044,9,49.75,104.52,3.96,4.93,0.46,39,1.0,0.1018,94.24,17.82,0.1447,0
user_0044,10,49.68,104.25,4.05,4.9,0.48,40,0.99,0.103,94.23,17.74,0.1435,0
user_0044,11,49.24,104.96,3.98,4.91,0.48,40,1.0,0.1035,94.28,17.89,0.1436,0
user_0044,12,49.46,104.66,4.01,4.91,0.49,39,0.99,0.1018,94.37,17.84,0.1437,0
user_0044,13,49.26,104.88,4.0,4.88,0.46,40,1.01,0.1002,94.18,18.01,0.1429,0
user_0044,14,39.83,128.74,9.54,6.74,1.55,61,0.81,0.246,85.26,24.1,0.2639,1
user_0044,15,39.92,128.78,9.37,6.73,1.56,61,0.82,0.2471,85.38,23.97,0.2624,1
user_0044,16,39.81,128.57,9.41,6.73,1.55,61,0.82,0.2459,85.32,24.12,0.2635,1
user_0044,17,39.49,128.62,9.52,6.73,1.56,61,0.82,0.2476,85.18,23.99,0.2634,1
user_0044,18,39.88,128.52,9.41,6.66,1.56,61,0.81,0.2459,85.44,23.81,0.2631,1
user_0044,19,39.63,128.73,9.47,6.68,1.55,61,0.83,0.2437,85.24,24.16,0.2626,1
user_0044,20,39.82,128.71,9.57,6.68,1.56,61,0.81,0.2451,85.33,23.95,0.2634,2
user_0044,21,39.77,128.69,9.3,6.67,1.55,61,0.82,0.2447,85.17,24.1,0.2647,2
user_0044,22,39.95,128.76,9.24,6.72,1.57,61,0.83,0.2433,85.22,23.99,0.2626,2
user_0044,23,39.7,128.77,9.47,6.67,1.56,61,0.83,0.247,85.3,24.01,0.2633,2
user_0044,24,40.15,128.82,9.37,6.72,1.56,61,0.82,0.2476,85.26,23.97,0.2639,2
user_0044,25,39.8,128.73,9.37,6.64,1.56,61,0.82,0.2427,85.15,24.12,0.2634,2
user_0044,26,39.59,128.69,9.28,6.69,1.56,61,0.83,0.2465,85.34,23.96,0.2624,2
user_0044,27,39.88,128.92,9.46,6.7,1.55,61,0.83,0.2483,85.33,23.84,0.264,2
user_0044,28,40.12,128.39,9.46,6.7,1.57,61,0.82,0.2435,85.32,24.06,0.2636,2
user_0044,29,39.8,128.56,9.38,6.73,1.54,61,0.81,0.2452,85.29,24.21,0.2626,2
user_0044,30,40.03,128.24,9.4,6.71,1.56,61,0.82,0.2427,85.32,23.94,0.2643,2
user_0044,31,39.95,128.97,9.33,6.71,1.56,61,0.83,0.247,85.49,24.07,0.2652,2
user_0044,32,40.15,128.55,9.29,6.75,1.56,61,0.82,0.2464,85.39,24.07,0.2627,2
user_0044,33,40.11,128.7,9.45,6.73,1.57,61,0.82,0.2487,85.4,24.03,0.2635,2
user_0044,34,39.58,128.65,9.29,6.64,1.55,61,0.82,0.2463,85.34,23.99,0.262,2
user_0044,35,39.86,128.4,9.51,6.7,1.54,61,0.82,0.2459,85.27,24.1,0.2623,2
user_0044,36,45.63,114.65,6.31,5.64,0.93,48,0.93,0.1617,90.49,20.38,0.1935,1
user_0044,37,45.45,114.33,6.19,5.61,0.91,48,0.93,0.1613,90.58,20.4,0.1937,1
user_0044,38,45.46,114.62,6.25,5.64,0.91,48,0.92,0.1615,90.61,20.65,0.1928,1
user_0044,39,45.45,115.14,6.22,5.64,0.92,48,0.92,0.1597,90.7,20.56,0.1949,1
user_0044,40,45.62,114.67,6.12,5.63,0.92,48,0.92,0.1605,90.52,20.66,0.1926,1
user_0044,41,45.57,114.42,6.23,5.65,0.94,48,0.92,0.1622,90.58,20.38,0.1933,1
user_0044,42,45.48,115.04,6.27,5.65,0.92,49,0.92,0.161,90.44,20.47,0.194,1
user_0044,43,45.4,114.68,6.21,5.66,0.92,48,0.93,0.1596,90.65,20.53,0.1939,1
user_0044,44,45.23,114.66,6.37,5.65,0.92,48,0.92,0.1622,90.47,20.44,0.1934,1
user_0044,45,45.58,114.8,6.26,5.68,0.93,48,0.93,0.1602,90.38,20.64,0.1926,1
user_0044,46,45.07,114.59,6.34,5.65,0.91,48,0.92,0.1613,90.47,20.43,0.194,1
user_0044,47,45.39,114.71,6.26,5.64,0.92,49,0.92,0.1648,90.48,20.46,0.194,1
user_0044,48,45.45,114.56,6.15,5.66,0.92,49,0.92,0.1584,90.63,20.4,0.1934,1
user_0044,49,45.69,114.59,6.23,5.68,0.94,48,0.94,0.1592,90.45,20.45,0.1944,1
user_0044,50,45.51,114.5,6.17,5.62,0.93,48,0.93,0.1597,90.58,20.5,0.1927,1
user_0044,51,45.39,114.69,6.25,5.63,0.93,49,0.92,0.1627,90.52,20.74,0.1933,1
user_0044,52,45.58,114.96,6.2,5.67,0.93,49,0.93,0.1609,90.75,20.26,0.1925,1
user_0044,53,45.27,115.1,6.24,5.63,0.92,48,0.93,0.1629,90.57,20.43,0.1948,1
user_0044,54,45.59,114.23,6.24,5.63,0.94,48,0.92,0.1616,90.7,20.59,0.1928,1
user_0044,55,45.45,114.92,6.35,5.62,0.92,48,0.92,0.1638,90.4,20.58,0.191,1
user_0044,56,45.37,114.68,6.15,5.71,0.92,48,0.92,0.1627,90.63,20.46,0.1936,1
user_0044,57,45.53,114.31,6.24,5.64,0.91,49,0.93,0.1619,90.28,20.45,0.1924,1
user_0044,58,45.74,114.58,6.13,5.65,0.93,49,0.92,0.1611,90.61,20.51,0.1953,1
user_0044,59,45.49,114.29,6.24,5.64,0.91,49,0.92,0.1621,90.72,20.49,0.1943,1
user_0045,0,58.63,119.19,4.17,4.12,0.32,39,1.0,0.0974,96.97,18.08,0.1376,0
user_0045,1,58.66,119.03,3.96,4.08,0.33,39,1.0,0.0967,96.72,17.92,0.1377,0
user_0045,2,58.43,119.32,4.04,4.13,0.34,39,1.0,0.0973,96.69,17.88,0.1388,0
user_0045,3,58.44,119.28,4.03,4.05,0.33,40,1.0,0.099,96.89,18.12,0.1381,0
user_0045,4,58.33,119.26,3.97,4.1,0.35,40,1.0,0.0961,96.73,17.99,0.14,0
user_0045,5,58.42,119.25,4.11,4.13,0.33,40,0.99,0.0964,96.87,17.91,0.1392,0
user_0045,6,58.75,119.53,4.02,4.12,0.32,40,0.99,0.0987,96.95,17.92,0.1387,0
user_0045,7,58.3,118.88,3.88,4.12,0.34,39,1.01,0.0974,96.93,17.85,0.1403,0
user_0045,8,58.5,119.44,4.09,4.13,0.32,39,1.0,0.0987,96.93,18.11,0.1401,0
user_0045,9,58.21,119.49,4.07,4.09,0.33,39,1.0,0.0968,96.95,18.01,0.1385,0
user_0045,10,58.5,119.83,3.95,4.09,0.32,39,1.0,0.0984,96.9,18.1,0.1398,0
user_0045,11,58.44,118.77,4.06,4.1,0.33,39,1.0,0.0979,96.88,17.88,0.14,0
user_0045,12,58.56,119.22,3.8,4.09,0.32,39,1.0,0.0984,96.94,18.1,0.1379,0
user_0045,13,58.4,119.17,3.95,4.11,0.32,40,1.0,0.1006,97.1,17.99,0.1401,0
user_0045,14,50.41,139.41,8.49,5.56,1.19,57,0.85,0.2194,89.4,23.1,0.2385,1
user_0045,15,50.42,139.42,8.32,5.6,1.22,58,0.85,0.2181,89.49,22.85,0.2388,1
user_0045,16,50.4,139.39,8.55,5.59,1.22,58,0.85,0.2149,89.25,23.04,0.2377,1
user_0045,17,50.75,138.92,8.5,5.6,1.22,57,0.85,0.2162,89.41,22.99,0.2392,1
user_0045,18,50.7,139.02,8.46,5.55,1.22,58,0.85,0.218,89.38,22.87,0.2393,1
user_0045,19,50.44,139.19,8.46,5.58,1.23,57,0.86,0.2186,89.46,22.98,0.2369,1
user_0045,20,38.35,168.99,15.23,7.84,2.58,85,0.63,0.3969,78.18,30.53,0.3892,3
user_0045,21,38.66,169.36,15.15,7.84,2.58,85,0.62,0.3959,78.19,30.55,0.3889,3
user_0045,22,38.43,169.39,15.19,7.84,2.57,85,0.63,0.3958,78.05,30.69,0.39,3
user_0045,23,38.59,169.16,15.36,7.82,2.58,84,0.62,0.3985,78.14,30.46,0.3885,3
user_0045,24,38.17,169.35,15.17,7.89,2.57,85,0.62,0.3985,78.25,30.63,0.3874,3
user_0045,25,38.36,169.3,15.26,7.85,2.57,85,0.64,0.3975,78.2,30.51,0.3902,3
user_0045,26,38.59,168.89,15.2,7.82,2.6,85,0.62,0.3964,78.23,30.59,0.3898,3
user_0045,27,38.4,169.23,15.26,7.82,2.57,85,0.63,0.3982,78.23,30.65,0.3882,3
user_0045,28,38.56,169.34,15.23,7.85,2.57,85,0.63,0.398,78.12,30.45,0.3877,3
user_0045,29,38.63,169.35,15.23,7.82,2.58,84,0.62,0.3955,78.17,30.52,0.3901,3
user_0045,30,38.44,169.07,15.13,7.87,2.59,85,0.62,0.3955,78.1,30.6,0.3892,3
user_0045,31,38.24,169.26,15.19,7.83,2.59,85,0.63,0.3973,78.24,30.44,0.3887,3
user_0045,32,38.42,169.16,15.15,7.84,2.59,84,0.62,0.3955,78.42,30.55,0.3887,3
user_0045,33,38.48,169.21,15.2,7.83,2.58,84,0.62,0.3979,78.05,30.76,0.3897,3
user_0045,34,38.28,168.54,15.2,7.86,2.58,84,0.62,0.396,78.11,30.4,0.3886,3
user_0045,35,38.67,168.96,15.3,7.86,2.57,84,0.63,0.396,78.14,30.7,0.3899,3
user_0045,36,38.48,169.36,15.25,7.87,2.56,84,0.61,0.3976,78.13,30.64,0.3897,3
user_0045,37,38.39,169.05,15.28,7.83,2.58,85,0.62,0.3967,78.12,30.82,0.3896,3
user_0045,38,38.64,169.35,15.31,7.86,2.58,84,0.63,0.3972,78.21,30.49,0.3897,3
user_0045,39,38.61,168.43,15.22,7.8,2.58,84,0.63,0.3977,78.1,30.59,0.3886,3
user_0045,40,32.79,183.25,18.52,8.92,3.21,98,0.52,0.4802,72.92,34.15,0.458,4
user_0045,41,33.13,182.79,18.39,8.9,3.2,97,0.52,0.4835,72.69,34.02,0.4588,4
user_0045,42,32.88,183.08,18.3,8.93,3.22,97,0.52,0.4805,72.64,34.04,0.4597,4
user_0045,43,32.89,183.13,18.41,8.87,3.2,97,0.52,0.4834,72.88,33.9,0.459,4
user_0045,44,33.17,182.92,18.47,8.93,3.2,97,0.52,0.4819,72.97,34.21,0.4591,4
user_0045,45,32.69,183.17,18.42,8.93,3.2,97,0.51,0.4822,73.24,33.98,0.4594,4
user_0045,46,32.78,182.83,18.43,8.9,3.18,98,0.52,0.4815,72.86,34.04,0.4594,4
user_0045,47,32.93,183.42,18.5,8.95,3.2,97,0.52,0.4802,72.84,34.05,0.4599,4
user_0045,48,33.06,183.11,18.43,8.9,3.21,97,0.52,0.4824,72.82,33.82,0.4589,4
user_0045,49,33.09,182.46,18.38,8.91,3.19,97,0.51,0.4799,72.86,33.89,0.4578,4
user_0045,50,32.86,183.71,18.46,8.92,3.21,97,0.52,0.483,72.98,34.02,0.4595,4
user_0045,51,33.24,183.36,18.38,8.89,3.2,98,0.53,0.4815,73.12,34.06,0.4585,4
user_0045,52,33.0,183.25,18.46,8.86,3.2,97,0.53,0.4835,73.12,34.06,0.4595,4
user_0045,53,32.73,183.01,18.25,8.89,3.19,97,0.52,0.4783,72.88,34.2,0.4588,4
user_0045,54,32.72,182.71,18.27,8.91,3.2,97,0.52,0.4812,72.78,34.03,0.4575,4
user_0045,55,32.75,183.41,18.43,8.91,3.23,97,0.52,0.481,72.86,33.9,0.459,4
user_0045,56,32.92,183.26,18.4,8.92,3.21,97,0.52,0.479,73.05,33.93,0.458,4
user_0045,57,32.8,183.08,18.52,8.89,3.23,97,0.53,0.4827,72.94,34.16,0.4601,4
user_0045,58,32.96,183.73,18.36,8.87,3.2,98,0.53,0.4806,72.67,33.98,0.4579,4
user_0045,59,32.79,182.89,18.28,8.94,3.2,97,0.52,0.4797,72.95,33.96,0.4588,4
user_0046,0,61.39,106.43,4.02,2.69,0.29,39,1.01,0.1197,92.3,17.99,0.1258,0
user_0046,1,60.88,106.88,4.09,2.65,0.3,40,1.0,0.1208,92.3,17.94,0.1242,0
user_0046,2,60.99,106.96,4.02,2.7,0.3,39,0.99,0.1199,92.18,17.9,0.1239,0
user_0046,3,61.3,107.09,4.05,2.7,0.29,40,1.0,0.1197,92.11,17.98,0.122,0
user_0046,4,61.06,106.5,4.02,2.69,0.29,40,0.99,0.1195,92.22,17.91,0.1257,0
user_0046,5,61.41,107.18,3.93,2.69,0.27,39,1.0,0.1204,92.37,17.87,0.1248,0
user_0046,6,61.13,106.84,4.12,2.71,0.3,40,1.0,0.1181,92.38,18.0,0.1251,0
user_0046,7,61.2,106.35,3.92,2.71,0.29,40,1.0,0.1193,92.03,18.08,0.1251,0
user_0046,8,61.23,106.86,3.95,2.74,0.31,39,1.0,0.1167,92.22,17.93,0.1241,0
user_0046,9,61.3,106.64,4.14,2.68,0.27,39,1.0,0.1195,92.22,17.97,0.1241,0
user_0046,10,60.97,106.91,4.08,2.7,0.29,40,1.01,0.119,92.07,18.02,0.1252,0
user_0046,11,61.29,107.05,4.01,2.68,0.29,39,1.0,0.1183,92.15,17.91,0.1262,0
user_0046,12,61.13,107.05,4.12,2.68,0.3,39,1.01,0.1181,92.22,18.06,0.1239,0
user_0046,13,61.13,106.84,4.08,2.76,0.31,40,0.98,0.1195,92.2,18.08,0.1232,0
user_0046,14,61.27,106.36,4.08,2.66,0.31,40,1.0,0.1199,92.2,17.85,0.1252,0
user_0046,15,61.34,106.8,4.05,2.68,0.3,40,1.0,0.12,92.35,18.05,0.1235,0
user_0046,16,61.05,106.86,4.04,2.67,0.3,40,1.0,0.1222,92.12,18.02,0.1225,0
user_0046,17,61.11,106.84,3.97,2.68,0.29,40,0.99,0.1165,92.15,17.99,0.1238,0
user_0046,18,61.17,107.03,4.07,2.74,0.28,39,1.0,0.1208,92.13,18.03,0.1232,0
user_0046,19,61.06,106.65,4.05,2.67,0.31,40,1.0,0.1198,92.12,17.89,0.1253,0
user_0046,20,61.36,106.97,3.91,2.68,0.31,40,0.99,0.1182,92.22,17.99,0.1267,0
user_0046,21,61.05,107.03,4.02,2.66,0.27,39,1.0,0.1217,92.12,18.05,0.1243,0
user_0046,22,61.42,106.87,3.97,2.71,0.3,40,1.0,0.1199,92.03,17.88,0.1242,0
user_0046,23,61.17,106.69,4.02,2.69,0.31,39,1.0,0.119,92.19,18.05,0.1248,0
user_0046,24,61.08,106.96,3.99,2.72,0.31,40,0.99,0.1147,92.42,18.05,0.125,0
user_0046,25,61.05,106.37,3.85,2.69,0.3,40,1.0,0.1203,92.14,17.95,0.1231,0
user_0046,26,60.98,106.57,3.97,2.66,0.29,39,0.99,0.1215,92.37,18.1,0.125,0
user_0046,27,61.21,107.01,4.01,2.71,0.28,40,1.0,0.1198,92.31,18.15,0.1241,0
user_0046,28,60.99,107.19,4.05,2.69,0.29,39,1.0,0.1214,92.11,18.03,0.1249,0
user_0046,29,60.86,107.5,4.02,2.73,0.28,40,1.0,0.1158,92.05,17.88,0.1238,0
user_0046,30,60.97,107.08,4.01,2.72,0.3,39,0.99,0.117,92.05,17.89,0.1263,0
user_0046,31,60.93,107.25,3.92,2.67,0.3,40,0.99,0.1191,92.32,18.09,0.1231,0
user_0046,32,61.13,106.48,4.03,2.71,0.3,39,1.0,0.1208,92.3,18.17,0.126,0
user_0046,33,60.91,107.18,4.0,2.72,0.29,39,1.0,0.1194,92.23,18.1,0.1236,0
user_0046,34,60.99,106.47,3.98,2.68,0.29,40,0.99,0.1184,92.23,18.01,0.1242,0
user_0046,35,61.15,106.81,3.93,2.67,0.32,40,1.01,0.1202,92.34,18.06,0.1225,0
user_0046,36,61.03,106.94,4.02,2.71,0.28,39,1.0,0.1193,92.27,17.89,0.1251,0
user_0046,37,61.07,106.79,4.0,2.66,0.3,40,0.99,0.1221,92.13,18.06,0.1233,0
user_0046,38,61.48,106.61,4.02,2.69,0.29,40,1.0,0.1183,92.19,17.99,0.1249,0
user_0046,39,61.23,107.08,4.04,2.71,0.29,39,1.0,0.1209,92.12,17.93,0.1259,0
user_0046,40,61.4,106.67,4.19,2.71,0.3,39,1.0,0.1199,92.11,18.17,0.1246,0
user_0046,41,61.08,106.59,4.04,2.71,0.29,40,1.0,0.1187,92.23,18.0,0.1244,0
user_0046,42,61.02,106.93,3.84,2.74,0.31,39,0.99,0.121,92.18,18.01,0.1246,0
user_0046,43,60.96,107.07,4.03,2.7,0.27,40,1.0,0.1191,92.29,18.11,0.125,0
user_0046,44,60.93,106.56,3.95,2.7,0.3,40,1.0,0.1202,92.12,18.06,0.1248,0
user_0046,45,61.24,107.09,4.0,2.65,0.29,40,1.0,0.1183,92.2,18.11,0.1251,0
user_0046,46,61.42,106.98,4.03,2.7,0.28,40,1.0,0.1203,92.23,18.03,0.1258,0
user_0046,47,61.12,107.09,4.1,2.69,0.29,39,0.99,0.122,92.52,18.02,0.1243,0
user_0046,48,61.42,107.03,3.94,2.68,0.3,40,1.01,0.1203,92.07,17.92,0.1237,0
user_0046,49,61.19,106.85,3.97,2.7,0.3,39,1.0,0.1173,92.11,18.11,0.124,0
user_0046,50,61.43,107.04,3.94,2.69,0.27,39,1.01,0.1217,92.36,18.06,0.1244,0
user_0046,51,61.17,107.01,4.0,2.68,0.29,39,1.0,0.1179,92.25,17.89,0.1245,0
user_0046,52,61.2,106.84,4.05,2.71,0.29,39,1.0,0.1181,92.41,17.94,0.1257,0
user_0046,53,61.18,106.79,4.01,2.71,0.28,39,1.0,0.1188,91.98,17.97,0.1262,0
user_0046,54,61.24,106.61,4.07,2.68,0.3,40,1.0,0.1208,92.27,17.92,0.1243,0
user_0046,55,61.03,106.73,4.05,2.7,0.31,39,1.0,0.1205,92.21,17.86,0.1236,0
user_0046,56,61.3,106.74,3.94,2.69,0.29,40,0.99,0.1201,92.34,18.09,0.1269,0
user_0046,57,61.09,107.1,3.99,2.69,0.27,39,1.01,0.1167,92.41,18.04,0.1235,0
user_0046,58,61.19,107.05,3.96,2.69,0.31,39,1.0,0.1213,92.19,18.08,0.1241,0
user_0046,59,61.05,106.97,3.93,2.71,0.29,40,1.01,0.1163,92.16,17.8,0.1243,0
user_0047,0,62.72,111.42,3.86,2.31,0.38,39,1.01,0.0717,95.71,18.09,0.0985,0
user_0047,1,62.93,111.45,3.97,2.26,0.39,39,0.99,0.0698,95.82,18.02,0.0983,0
user_0047,2,62.67,111.13,3.99,2.31,0.38,40,0.99,0.0708,95.73,17.97,0.1001,0
user_0047,3,62.62,111.46,4.02,2.27,0.38,39,1.0,0.0703,95.84,17.96,0.0983,0
user_0047,4,62.77,111.49,3.93,2.24,0.4,40,0.99,0.0702,95.6,18.06,0.0973,0
user_0047,5,62.89,111.5,3.91,2.28,0.39,40,1.0,0.0715,95.59,17.97,0.0968,0
user_0047,6,62.56,111.92,3.95,2.28,0.4,40,1.01,0.0715,95.61,18.21,0.0982,0
user_0047,7,62.67,111.61,4.01,2.28,0.38,40,1.0,0.0711,95.88,17.93,0.0983,0
user_0047,8,62.57,111.68,4.02,2.31,0.4,39,1.01,0.073,95.65,18.0,0.0971,0
user_0047,9,62.64,111.3,4.06,2.24,0.38,39,1.01,0.07,95.71,17.99,0.0985,0
user_0047,10,62.75,111.81,3.96,2.26,0.39,39,1.0,0.0713,95.8,18.08,0.0969,0
user_0047,11,62.52,112.03,3.88,2.28,0.4,40,1.0,0.0708,95.58,18.01,0.0964,0
user_0047,12,62.58,111.79,3.97,2.31,0.39,39,1.01,0.0688,95.61,17.98,0.0986,0
user_0047,13,62.61,111.37,4.01,2.28,0.39,40,0.99,0.0682,95.89,18.01,0.0978,0
user_0047,14,52.97,135.82,9.36,4.02,1.46,61,0.82,0.2145,86.61,23.93,0.2173,1
user_0047,15,52.84,135.11,9.41,4.09,1.48,61,0.81,0.2119,86.58,24.04,0.219,1
user_0047,16,53.1,135.3,9.33,4.07,1.47,61,0.83,0.2145,86.69,23.92,0.2159,1
user_0047,17,53.36,135.02,9.26,4.13,1.47,61,0.82,0.216,86.54,23.95,0.2185,1
user_0047,18,52.97,135.67,9.51,4.03,1.47,61,0.81,0.214,86.78,23.93,0.2161,1
user_0047,19,53.26,135.71,9.39,4.08,1.48,61,0.82,0.2138,86.48,24.06,0.2187,1
user_0047,20,53.06,135.82,9.37,4.08,1.49,61,0.82,0.212,86.74,23.93,0.2177,2
user_0047,21,53.04,135.49,9.39,4.09,1.48,61,0.82,0.2167,86.76,24.05,0.2191,2
user_0047,22,52.89,135.43,9.34,4.08,1.48,61,0.82,0.2139,86.64,24.02,0.2193,2
user_0047,23,52.98,135.58,9.32,4.07,1.46,61,0.82,0.2158,86.6,24.05,0.2177,2
user_0047,24,53.08,135.29,9.41,4.09,1.47,61,0.82,0.2132,86.65,24.05,0.2173,2
user_0047,25,53.23,135.62,9.25,4.11,1.47,61,0.82,0.2129,86.75,24.0,0.2167,2
user_0047,26,53.21,135.71,9.38,4.06,1.46,61,0.82,0.2123,86.67,23.97,0.2186,2
user_0047,27,53.12,135.73,9.36,4.06,1.47,61,0.82,0.2142,86.59,23.89,0.2175,2
user_0047,28,53.11,135.97,9.41,4.1,1.46,61,0.82,0.2146,86.67,24.01,0.2181,2
user_0047,29,53.27,135.03,9.48,4.04,1.47,62,0.82,0.2151,86.64,24.07,0.218,2
user_0047,30,52.99,135.57,9.32,4.08,1.47,61,0.82,0.2145,86.67,24.01,0.2179,2
user_0047,31,53.06,135.4,9.41,4.08,1.48,61,0.81,0.2157,86.75,23.87,0.2182,2
user_0047,32,53.22,135.36,9.38,4.09,1.48,61,0.83,0.2118,86.8,24.06,0.217,2
user_0047,33,53.22,135.34,9.41,4.09,1.47,61,0.82,0.215,86.6,24.03,0.217,2
user_0047,34,53.24,135.99,9.38,4.11,1.47,61,0.82,0.2149,86.49,24.06,0.2177,2
user_0047,35,53.24,135.75,9.41,4.08,1.49,62,0.82,0.2164,86.6,23.94,0.2172,2
user_0047,36,58.79,121.33,6.37,3.06,0.85,48,0.93,0.1264,91.97,20.52,0.1457,1
user_0047,37,58.75,121.75,6.11,3.01,0.86,48,0.93,0.1325,91.96,20.6,0.1455,1
user_0047,38,58.66,120.83,6.12,3.02,0.83,49,0.92,0.131,91.94,20.53,0.1466,1
user_0047,39,58.58,121.59,6.25,3.01,0.85,49,0.92,0.1305,92.12,20.52,0.148,1
user_0047,40,58.6,121.52,6.36,3.04,0.84,49,0.94,0.1309,91.84,20.43,0.1484,1
user_0047,41,58.48,121.71,6.2,2.99,0.83,49,0.93,0.1322,91.89,20.6,0.1472,1
user_0047,42,58.47,121.61,6.14,3.06,0.85,48,0.93,0.131,92.01,20.38,0.1482,1
user_0047,43,58.49,121.79,6.33,3.02,0.85,48,0.93,0.133,91.96,20.48,0.1479,1
user_0047,44,58.6,122.26,6.21,3.07,0.83,49,0.94,0.1314,91.95,20.4,0.1465,1
user_0047,45,58.73,121.96,6.21,3.09,0.83,49,0.93,0.1307,91.72,20.44,0.1478,1
user_0047,46,58.68,121.76,6.31,3.03,0.83,49,0.92,0.1299,91.84,20.57,0.1489,1
user_0047,47,58.66,121.66,6.28,3.08,0.82,49,0.93,0.1302,91.95,20.57,0.1482,1
user_0047,48,59.01,121.63,6.25,3.03,0.85,48,0.93,0.1308,91.91,20.44,0.148,1
user_0047,49,58.65,121.75,6.26,3.03,0.86,48,0.93,0.1298,91.72,20.44,0.1455,1
user_0047,50,58.65,121.97,6.18,2.98,0.85,48,0.92,0.132,91.97,20.58,0.1485,1
user_0047,51,58.43,121.25,6.34,3.02,0.83,48,0.92,0.1303,91.83,20.39,0.1479,1
user_0047,52,58.57,121.45,6.09,3.09,0.85,48,0.92,0.1308,91.92,20.37,0.145,1
user_0047,53,58.61,121.21,6.26,3.04,0.83,48,0.93,0.132,91.88,20.73,0.1464,1
user_0047,54,58.57,121.57,6.14,3.08,0.84,48,0.93,0.131,91.89,20.38,0.1462,1
user_0047,55,59.02,121.26,6.38,3.02,0.85,49,0.93,0.1319,91.76,20.43,0.1462,1
user_0047,56,58.72,121.27,6.1,3.03,0.82,49,0.92,0.1295,91.69,20.67,0.1461,1
user_0047,57,58.64,121.15,6.19,3.08,0.84,48,0.92,0.13,91.91,20.57,0.1473,1
user_0047,58,58.72,121.66,6.23,3.02,0.83,49,0.93,0.1291,91.9,20.42,0.1484,1
user_0047,59,58.62,122.15,6.27,3.07,0.83,49,0.93,0.1293,91.92,20.61,0.1473,1
user_0048,0,53.16,132.72,4.01,3.07,0.33,40,1.0,0.0863,92.2,18.01,0.143,0
user_0048,1,53.14,133.33,3.96,3.05,0.31,39,1.0,0.0835,92.08,18.03,0.1423,0
user_0048,2,53.18,132.99,4.01,3.04,0.31,39,1.0,0.0872,92.11,18.07,0.1423,0
user_0048,3,53.18,133.23,3.89,3.07,0.31,40,1.0,0.0854,91.97,18.04,0.1418,0
user_0048,4,53.11,133.04,3.87,3.05,0.31,40,1.0,0.0864,92.13,18.34,0.1431,0
user_0048,5,52.88,133.09,4.08,3.03,0.32,39,1.0,0.0878,92.06,17.93,0.1413,0
user_0048,6,53.02,132.89,3.96,3.03,0.32,39,1.0,0.0873,92.07,18.04,0.142,0
user_0048,7,53.54,133.27,3.94,3.09,0.34,39,1.0,0.0874,92.01,17.82,0.1424,0
user_0048,8,53.06,132.98,4.08,3.08,0.32,39,1.0,0.0848,92.3,18.23,0.1433,0
user_0048,9,53.14,132.75,4.2,3.07,0.32,39,1.0,0.0855,92.02,17.97,0.1427,0
user_0048,10,53.42,132.64,3.91,3.05,0.31,40,1.0,0.086,92.14,17.86,0.142,0
user_0048,11,53.07,133.31,3.95,3.05,0.31,39,1.0,0.0881,92.12,18.13,0.1438,0
user_0048,12,53.13,132.99,3.96,3.03,0.34,39,1.0,0.0842,92.06,17.97,0.1435,0
user_0048,13,53.46,132.51,4.12,3.1,0.31,39,1.0,0.0849,92.28,18.05,0.1415,0
user_0048,14,53.23,133.05,3.86,3.04,0.31,40,1.0,0.0876,92.06,17.85,0.1414,0
user_0048,15,53.08,132.83,4.0,3.08,0.31,40,1.0,0.0858,92.01,17.97,0.1433,0
user_0048,16,53.28,132.76,4.09,3.05,0.3,39,0.99,0.0868,92.24,17.9,0.1421,0
user_0048,17,53.32,132.7,3.91,3.06,0.31,40,1.0,0.0838,91.96,17.87,0.1428,0
user_0048,18,53.33,133.01,4.05,3.05,0.31,40,1.0,0.0861,92.11,17.88,0.1423,0
user_0048,19,53.23,133.58,3.99,3.05,0.32,40,1.0,0.0856,92.05,17.92,0.143,0
user_0048,20,53.14,133.53,4.01,3.07,0.31,39,1.0,0.0876,92.03,17.93,0.1416,0
user_0048,21,53.29,133.12,3.99,3.04,0.33,40,0.99,0.0871,92.1,17.94,0.143,0
user_0048,22,53.24,133.05,3.93,3.09,0.3,40,1.0,0.0858,92.07,18.02,0.1409,0
user_0048,23,53.37,132.93,3.95,3.06,0.31,40,0.99,0.0857,92.28,18.01,0.1424,0
user_0048,24,53.18,132.87,4.04,3.06,0.32,40,1.0,0.086,92.22,18.1,0.143,0
user_0048,25,53.34,133.37,3.91,3.13,0.32,39,1.0,0.0836,92.15,17.92,0.1423,0
user_0048,26,53.21,132.88,3.86,3.07,0.32,40,1.0,0.0848,92.1,18.01,0.1429,0
user_0048,27,53.06,133.23,4.05,3.08,0.33,39,1.01,0.0849,92.15,18.0,0.1409,0
user_0048,28,53.27,133.25,4.03,3.03,0.3,39,1.01,0.086,91.93,18.21,0.1437,0
user_0048,29,53.02,132.93,3.98,3.08,0.32,39,1.01,0.0885,92.12,17.94,0.1438,0
user_0048,30,52.86,132.81,4.07,3.1,0.31,40,0.99,0.0875,92.13,17.95,0.1431,0
user_0048,31,53.13,132.76,4.01,3.06,0.31,39,1.0,0.0834,91.96,18.09,0.1408,0
user_0048,32,53.18,132.56,4.11,3.06,0.33,40,0.99,0.0848,92.21,17.94,0.1425,0
user_0048,33,53.2,132.44,4.07,3.06,0.3,40,1.0,0.0847,91.95,18.06,0.1423,0
user_0048,34,52.93,133.09,4.06,3.07,0.33,39,1.01,0.0858,92.21,18.13,0.1449,0
user_0048,35,53.02,132.84,4.01,3.05,0.31,39,1.0,0.087,92.16,17.84,0.1406,0
user_0048,36,53.2,132.97,3.98,3.06,0.31,40,1.01,0.0844,92.17,18.01,0.1405,0
user_0048,37,53.09,133.03,4.16,3.04,0.31,40,1.0,0.0839,91.95,17.81,0.1431,0
user_0048,38,53.03,133.62,3.96,3.08,0.3,40,1.01,0.0853,92.02,17.96,0.142,0
user_0048,39,53.04,133.44,4.0,3.09,0.33,40,0.99,0.0868,92.08,17.99,0.1412,0
user_0048,40,53.53,132.85,4.05,3.03,0.31,40,1.0,0.0844,92.05,18.02,0.1422,0
user_0048,41,52.99,132.93,3.99,3.08,0.33,40,1.0,0.0864,92.17,18.1,0.1439,0
user_0048,42,53.04,132.92,4.08,3.04,0.3,39,1.0,0.0851,92.16,17.97,0.1419,0
user_0048,43,52.94,133.18,4.05,3.06,0.32,40,1.01,0.0862,91.99,18.19,0.1435,0
user_0048,44,53.19,133.07,4.02,3.04,0.33,40,1.0,0.0868,92.23,18.02,0.1412,0
user_0048,45,53.29,133.04,3.92,3.09,0.32,39,1.01,0.085,92.03,18.02,0.1421,0
user_0048,46,53.1,133.38,3.92,3.07,0.32,39,1.01,0.0889,92.13,18.09,0.1423,0
user_0048,47,53.2,133.14,4.01,3.04,0.33,40,1.0,0.0849,92.16,17.98,0.1424,0
user_0048,48,53.16,132.82,4.12,3.04,0.31,40,1.0,0.0868,92.18,17.92,0.1429,0
user_0048,49,53.09,133.29,3.93,3.04,0.31,40,1.0,0.086,92.11,17.99,0.1418,0
user_0048,50,52.96,132.68,3.94,3.05,0.33,39,0.99,0.0831,92.18,17.98,0.141,0
user_0048,51,53.18,132.88,4.1,3.05,0.33,40,1.0,0.0854,92.16,17.97,0.1413,0
user_0048,52,53.28,133.28,4.08,3.06,0.33,40,1.0,0.085,92.22,17.83,0.1436,0
user_0048,53,53.2,132.88,3.95,3.05,0.32,40,1.0,0.085,92.16,18.27,0.145,0
user_0048,54,53.34,132.84,4.06,3.04,0.31,40,1.0,0.0854,92.08,17.92,0.142,0
user_0048,55,53.3,133.2,4.02,3.09,0.3,40,1.0,0.0888,92.1,18.07,0.1432,0
user_0048,56,53.13,133.26,4.08,3.08,0.31,39,1.01,0.0854,92.23,17.95,0.1443,0
user_0048,57,53.11,133.05,4.17,3.02,0.33,39,1.0,0.0853,92.29,17.92,0.1423,0
user_0048,58,53.33,132.82,4.01,3.04,0.31,40,1.01,0.0868,92.16,17.84,0.1421,0
user_0048,59,53.32,132.92,4.03,3.04,0.3,40,1.01,0.0857,92.05,17.91,0.1427,0
user_0049,0,75.5,108.09,3.95,4.15,0.32,40,1.01,0.1348,94.61,17.9,0.0772,0
user_0049,1,75.34,108.07,3.85,4.16,0.33,40,1.0,0.1323,94.64,18.03,0.0779,0
user_0049,2,75.39,108.03,3.98,4.18,0.33,39,0.99,0.1353,94.58,17.89,0.0791,0
user_0049,3,75.53,108.56,3.98,4.19,0.3,40,1.0,0.1357,94.67,17.99,0.0769,0
user_0049,4,75.39,107.57,3.93,4.17,0.31,39,1.0,0.1307,94.58,18.04,0.0771,0
user_0049,5,75.4,108.4,4.09,4.12,0.31,40,1.0,0.1329,94.67,18.1,0.0791,0
user_0049,6,75.44,108.18,4.11,4.16,0.31,40,1.01,0.1365,94.52,17.97,0.0771,0
user_0049,7,75.5,107.74,3.96,4.18,0.32,39,1.01,0.1317,94.47,17.88,0.0775,0
user_0049,8,75.34,107.79,3.82,4.16,0.32,40,1.0,0.1326,94.44,17.99,0.0786,0
user_0049,9,75.4,108.03,4.14,4.15,0.3,40,1.0,0.1308,94.6,17.9,0.0786,0
user_0049,10,75.76,107.97,4.08,4.13,0.3,40,1.0,0.1343,94.68,17.95,0.0789,0
user_0049,11,75.58,107.69,4.11,4.19,0.3,40,1.0,0.1354,94.42,18.36,0.0779,0
user_0049,12,75.59,108.36,3.99,4.16,0.31,39,1.0,0.1331,94.51,17.95,0.0787,0
user_0049,13,75.36,107.95,4.07,4.17,0.3,39,1.0,0.1348,94.49,17.94,0.0774,0
user_0049,14,65.78,132.11,9.44,5.99,1.39,61,0.82,0.2776,85.57,23.87,0.1979,1
user_0049,15,65.7,132.13,9.37,5.95,1.38,61,0.82,0.2774,85.49,23.83,0.1976,1
user_0049,16,65.82,132.09,9.37,5.94,1.38,61,0.82,0.2793,85.58,24.06,0.1979,1
user_0049,17,65.91,131.79,9.31,5.96,1.4,61,0.82,0.2801,85.61,24.15,0.1975,1
user_0049,18,65.81,132.25,9.45,5.96,1.38,61,0.83,0.275,85.7,23.95,0.1978,1
user_0049,19,65.92,131.71,9.4,5.92,1.4,62,0.82,0.2771,85.55,24.1,0.1985,1
user_0049,20,66.02,131.89,9.43,5.88,1.4,61,0.82,0.2784,85.41,24.11,0.198,2
user_0049,21,66.1,131.79,9.26,5.96,1.4,61,0.81,0.2749,85.53,24.05,0.1986,2
user_0049,22,66.11,131.92,9.26,5.99,1.4,61,0.82,0.2792,85.56,24.12,0.1987,2
user_0049,23,65.78,131.95,9.45,5.94,1.4,61,0.82,0.2795,85.6,24.01,0.198,2
user_0049,24,65.86,132.09,9.5,5.94,1.39,61,0.82,0.2776,85.5,23.83,0.1983,2
user_0049,25,66.04,132.0,9.29,5.96,1.39,60,0.82,0.2781,85.68,24.18,0.1988,2
user_0049,26,66.02,131.69,9.52,5.99,1.39,61,0.82,0.2795,85.55,23.93,0.1976,2
user_0049,27,66.01,131.53,9.18,5.98,1.4,61,0.81,0.2747,85.5,24.04,0.1975,2
user_0049,28,66.01,131.77,9.36,5.98,1.39,61,0.82,0.2761,85.6,24.05,0.1983,2
user_0049,29,65.79,131.96,9.52,5.92,1.41,61,0.82,0.2787,85.35,24.14,0.2,2
user_0049,30,66.04,131.49,9.46,6.0,1.41,61,0.83,0.28,85.56,23.85,0.1989,2
user_0049,31,66.04,131.98,9.31,5.98,1.39,61,0.83,0.2748,85.65,23.98,0.1979,2
user_0049,32,65.95,131.82,9.31,5.91,1.41,61,0.82,0.2766,85.45,24.07,0.1984,2
user_0049,33,65.84,132.09,9.33,5.99,1.41,61,0.82,0.2774,85.72,24.13,0.2001,2
user_0049,34,65.76,131.79,9.41,5.97,1.39,61,0.83,0.2772,85.44,23.89,0.1984,2
user_0049,35,66.33,131.77,9.38,6.02,1.39,61,0.83,0.2759,85.53,23.95,0.1966,2
user_0049,36,71.71,117.87,6.18,4.9,0.77,49,0.92,0.1939,90.89,20.5,0.1279,1
user_0049,37,71.63,117.97,6.37,4.89,0.76,48,0.92,0.1933,90.68,20.51,0.1287,1
user_0049,38,71.26,117.88,6.29,4.88,0.76,49,0.93,0.194,90.79,20.45,0.129,1
user_0049,39,71.65,117.72,6.32,4.89,0.76,48,0.93,0.1938,90.84,20.54,0.1286,1
user_0049,40,71.46,118.17,6.2,4.93,0.77,49,0.93,0.194,90.93,20.27,0.129,1
user_0049,41,71.77,117.86,6.19,4.94,0.76,48,0.93,0.1921,90.9,20.42,0.1285,1
user_0049,42,71.52,118.43,6.34,4.9,0.75,49,0.92,0.1928,90.71,20.57,0.1275,1
user_0049,43,71.47,118.01,6.26,4.93,0.76,48,0.92,0.1935,90.8,20.43,0.1282,1
user_0049,44,71.61,118.29,6.13,4.9,0.77,49,0.92,0.1954,90.68,20.61,0.1278,1
user_0049,45,71.71,117.9,6.23,4.91,0.75,48,0.93,0.1948,90.87,20.37,0.1286,1
user_0049,46,71.33,118.11,6.33,4.92,0.78,48,0.92,0.1934,90.68,20.46,0.1278,1
user_0049,47,71.43,118.08,6.14,4.88,0.78,48,0.93,0.1928,90.83,20.66,0.128,1
user_0049,48,71.57,118.03,6.24,4.9,0.77,48,0.92,0.1934,90.83,20.32,0.1281,1
user_0049,49,71.29,118.17,6.11,4.96,0.76,48,0.92,0.1941,90.9,20.47,0.1267,1
user_0049,50,71.3,118.08,6.32,4.94,0.77,49,0.93,0.1951,90.9,20.42,0.1291,1
user_0049,51,71.55,118.17,6.34,4.92,0.76,48,0.92,0.1936,90.84,20.52,0.1291,1
user_0049,52,71.61,118.0,6.19,4.92,0.79,49,0.92,0.1941,90.87,20.56,0.1295,1
user_0049,53,71.54,118.34,6.27,4.95,0.78,49,0.93,0.1968,90.92,20.42,0.1284,1
user_0049,54,71.44,118.53,6.34,4.96,0.76,49,0.92,0.1909,90.77,20.65,0.1271,1
user_0049,55,71.48,118.31,6.31,4.96,0.76,48,0.92,0.1928,90.7,20.32,0.1301,1
user_0049,56,71.48,118.66,6.19,4.9,0.76,48,0.93,0.1942,90.9,20.63,0.1292,1
user_0049,57,71.33,117.88,6.26,5.0,0.77,49,0.93,0.1924,90.84,20.6,0.1281,1
user_0049,58,71.36,117.99,6.23,4.88,0.76,48,0.92,0.1916,90.91,20.65,0.1266,1
user_0049,59,71.71,117.73,6.31,4.92,0.77,48,0.92,0.1921,90.85,20.7,0.1271,1
user_0050,0,59.17,107.75,4.01,3.97,0.12,39,1.0,0.1308,93.92,18.18,0.149,0
user_0050,1,59.29,107.36,3.92,3.92,0.12,39,1.0,0.1303,93.88,17.94,0.1464,0
user_0050,2,59.33,107.72,3.98,3.97,0.11,40,0.99,0.1331,94.02,17.99,0.1491,0
user_0050,3,59.2,107.48,3.93,3.97,0.1,39,0.99,0.1296,93.91,18.07,0.1473,0
user_0050,4,58.97,107.89,3.97,4.0,0.12,39,1.0,0.1321,94.02,18.11,0.1474,0
user_0050,5,59.23,107.55,3.97,3.97,0.1,39,1.0,0.1296,94.09,17.99,0.1486,0
user_0050,6,59.36,107.85,3.98,3.97,0.09,40,0.99,0.1286,94.07,17.97,0.149,0
user_0050,7,59.09,107.52,3.86,4.02,0.09,40,1.0,0.1295,94.04,17.89,0.1482,0
user_0050,8,59.15,107.43,4.1,3.94,0.1,39,1.0,0.1291,94.02,18.18,0.148,0
user_0050,9,59.09,107.67,4.0,4.0,0.1,39,0.99,0.1317,94.12,18.04,0.1482,0
user_0050,10,59.39,107.09,4.01,3.94,0.1,40,1.0,0.1326,94.02,17.92,0.1475,0
user_0050,11,59.05,107.29,4.07,4.01,0.11,40,1.01,0.1299,93.96,18.05,0.1484,0
user_0050,12,59.35,107.8,4.07,4.0,0.11,40,0.99,0.1274,93.94,18.08,0.1471,0
user_0050,13,59.23,107.9,4.08,3.93,0.11,40,1.0,0.1295,94.02,17.87,0.1478,0
user_0050,14,51.54,127.76,8.35,5.49,1.01,57,0.84,0.2513,86.56,22.95,0.2481,1
user_0050,15,51.53,127.57,8.52,5.49,1.0,58,0.85,0.2507,86.7,23.07,0.2462,1
user_0050,16,51.01,127.82,8.49,5.49,1.0,58,0.86,0.2502,86.61,23.12,0.2492,1
user_0050,17,51.11,127.61,8.6,5.53,1.0,57,0.85,0.2495,86.52,23.04,0.247,1
user_0050,18,51.44,127.41,8.45,5.46,1.02,57,0.85,0.251,86.26,22.87,0.2471,1
user_0050,19,51.49,127.41,8.46,5.47,1.0,57,0.85,0.2489,86.48,22.96,0.2485,1
user_0050,20,39.04,157.35,15.21,7.74,2.35,85,0.63,0.4314,75.32,30.64,0.3964,3
user_0050,21,39.13,157.31,15.24,7.78,2.38,85,0.62,0.4316,75.45,30.62,0.3974,3
user_0050,22,39.19,157.34,15.23,7.72,2.36,84,0.62,0.434,75.33,30.63,0.3987,3
user_0050,23,39.5,157.28,15.21,7.69,2.34,84,0.62,0.4298,75.62,30.55,0.3985,3
user_0050,24,39.23,157.18,15.27,7.7,2.36,85,0.62,0.4303,75.24,30.39,0.398,3
user_0050,25,39.37,157.77,15.23,7.68,2.36,85,0.62,0.4326,75.09,30.54,0.3983,3
user_0050,26,39.43,157.62,15.23,7.74,2.35,84,0.62,0.4307,75.4,30.45,0.399,3
user_0050,27,39.18,157.63,15.31,7.74,2.36,85,0.62,0.43,75.11,30.32,0.3975,3
user_0050,28,39.13,158.03,15.23,7.76,2.36,84,0.62,0.4279,75.33,30.66,0.3966,3
user_0050,29,39.33,157.46,15.17,7.75,2.37,84,0.63,0.4304,75.33,30.42,0.398,3
user_0050,30,38.99,157.6,15.35,7.78,2.35,85,0.62,0.4302,75.49,30.59,0.3969,3
user_0050,31,39.1,157.51,15.26,7.74,2.34,85,0.64,0.4307,75.21,30.44,0.3966,3
user_0050,32,39.05,157.35,15.28,7.74,2.37,84,0.62,0.427,75.31,30.66,0.397,3
user_0050,33,39.41,157.68,15.32,7.75,2.37,84,0.63,0.4327,75.2,30.48,0.3981,3
user_0050,34,39.08,157.28,15.4,7.72,2.35,85,0.63,0.4291,75.28,30.4,0.397,3
user_0050,35,39.31,157.74,15.33,7.74,2.35,84,0.62,0.4302,75.41,30.31,0.3972,3
user_0050,36,38.87,157.11,15.35,7.7,2.36,85,0.62,0.4281,75.31,30.66,0.3985,3
user_0050,37,39.17,157.37,15.34,7.7,2.37,84,0.62,0.4273,75.46,30.48,0.3966,3
user_0050,38,39.2,157.37,15.21,7.72,2.36,85,0.62,0.432,75.2,30.53,0.3975,3
user_0050,39,39.09,157.79,15.19,7.77,2.36,84,0.62,0.4316,75.18,30.49,0.3982,3
user_0050,40,33.68,171.46,18.35,8.8,2.97,97,0.51,0.5126,70.08,33.93,0.4687,4
user_0050,41,33.72,171.33,18.38,8.76,2.99,97,0.51,0.5142,70.08,33.87,0.4665,4
user_0050,42,33.34,171.65,18.37,8.77,3.01,97,0.53,0.5107,70.0,33.83,0.4667,4
user_0050,43,33.53,171.33,18.42,8.81,2.99,97,0.53,0.5129,70.14,34.25,0.4693,4
user_0050,44,33.85,171.69,18.49,8.77,2.99,97,0.52,0.5142,70.0,34.01,0.4661,4
user_0050,45,33.53,171.84,18.41,8.82,2.98,97,0.52,0.5137,69.91,34.06,0.4665,4
user_0050,46,33.61,170.98,18.35,8.78,2.99,97,0.52,0.5166,70.24,34.05,0.4688,4
user_0050,47,33.55,171.67,18.45,8.76,2.99,97,0.52,0.5132,69.9,34.0,0.4683,4
user_0050,48,33.73,171.07,18.41,8.8,2.99,97,0.51,0.5122,70.11,33.97,0.4687,4
user_0050,49,33.66,171.29,18.33,8.74,2.99,97,0.52,0.5143,70.06,34.08,0.4674,4
user_0050,50,33.56,171.51,18.46,8.76,3.0,97,0.52,0.5142,70.17,34.12,0.4679,4
user_0050,51,33.7,171.52,18.36,8.8,2.98,97,0.52,0.5115,69.92,34.2,0.4686,4
user_0050,52,33.57,171.64,18.33,8.8,2.99,97,0.52,0.5134,70.13,33.99,0.4659,4
user_0050,53,33.54,171.31,18.29,8.77,2.97,97,0.52,0.5146,70.1,34.1,0.4687,4
user_0050,54,33.46,171.17,18.4,8.8,2.98,97,0.53,0.512,70.05,34.1,0.4673,4
user_0050,55,33.67,171.74,18.38,8.76,2.99,97,0.52,0.5146,70.07,34.1,0.4677,4
user_0050,56,33.49,171.26,18.45,8.79,2.99,97,0.52,0.5103,70.15,34.06,0.4674,4
user_0050,57,33.47,171.46,18.27,8.79,2.97,97,0.52,0.5137,69.93,34.15,0.4679,4
user_0050,58,33.51,171.46,18.52,8.76,2.98,97,0.52,0.5162,69.99,33.96,0.4677,4
user_0050,59,33.6,171.75,18.46,8.79,2.98,97,0.52,0.5127,70.01,34.12,0.4667,4
user_0051,0,54.95,117.19,4.01,3.93,0.26,39,1.01,0.1113,93.06,18.03,0.1504,0
user_0051,1,55.02,116.32,3.99,3.98,0.26,40,1.0,0.1069,93.24,18.12,0.1522,0
user_0051,2,55.34,116.98,4.02,3.99,0.26,40,1.01,0.1053,93.1,18.07,0.15,0
user_0051,3,55.24,116.54,4.03,3.95,0.25,40,1.0,0.1097,93.19,17.91,0.1517,0
user_0051,4,55.12,116.67,4.16,3.97,0.27,40,1.0,0.1066,93.28,17.85,0.1534,0
user_0051,5,55.29,116.78,3.98,4.02,0.27,40,1.0,0.1084,93.06,17.91,0.1524,0
user_0051,6,55.1,116.99,4.07,3.95,0.27,40,0.99,0.1119,93.03,18.07,0.1524,0
user_0051,7,54.82,116.58,4.06,3.96,0.27,40,1.01,0.1095,93.2,17.9,0.1516,0
user_0051,8,55.11,116.84,3.98,3.95,0.26,39,1.0,0.1063,92.82,18.01,0.1489,0
user_0051,9,55.17,116.65,4.04,3.94,0.28,40,0.99,0.1089,93.21,17.93,0.1516,0
user_0051,10,55.41,116.6,4.08,3.93,0.23,40,1.0,0.1101,92.94,17.9,0.1528,0
user_0051,11,55.23,116.71,4.02,3.99,0.27,39,0.99,0.1102,92.96,17.88,0.153,0
user_0051,12,55.33,116.84,3.91,4.0,0.27,39,1.0,0.1095,93.01,18.22,0.1513,0
user_0051,13,55.04,117.14,3.96,3.97,0.27,39,1.0,0.1093,92.94,18.0,0.1525,0
user_0051,14,55.45,116.47,3.98,3.94,0.26,39,1.0,0.1068,92.91,17.93,0.1534,0
user_0051,15,55.25,116.76,4.1,3.96,0.27,39,1.0,0.1074,92.99,17.97,0.152,0
user_0051,16,55.19,116.65,3.93,3.96,0.26,40,0.99,0.1098,93.13,18.06,0.1515,0
user_0051,17,55.33,116.42,3.99,3.95,0.27,39,0.99,0.112,92.81,18.08,0.151,0
user_0051,18,55.24,117.09,4.02,3.99,0.26,39,1.0,0.1087,93.11,18.12,0.1525,0
user_0051,19,54.96,116.65,4.02,3.95,0.26,40,1.0,0.1091,92.94,17.95,0.1502,0
user_0051,20,55.21,116.69,3.93,4.0,0.26,40,1.0,0.1087,93.09,17.97,0.1517,0
user_0051,21,55.32,116.61,3.9,3.92,0.28,40,1.0,0.1087,92.92,17.97,0.1516,0
user_0051,22,55.03,116.37,3.87,3.97,0.25,40,1.0,0.1102,93.09,17.98,0.1518,0
user_0051,23,55.18,116.59,4.07,3.94,0.26,39,1.0,0.1084,93.01,17.92,0.1516,0
user_0051,24,54.9,116.91,4.0,3.94,0.25,40,1.0,0.1113,93.1,18.15,0.1518,0
user_0051,25,55.36,116.86,3.97,3.96,0.25,40,1.0,0.1094,93.09,17.89,0.153,0
user_0051,26,55.04,116.43,3.99,3.92,0.28,39,0.98,0.1096,93.11,17.96,0.1503,0
user_0051,27,55.18,116.62,3.93,3.93,0.26,40,1.0,0.1067,93.12,18.08,0.1531,0
user_0051,28,55.05,116.73,4.04,3.94,0.27,39,1.0,0.1082,93.18,17.9,0.1505,0
user_0051,29,55.25,116.73,3.9,3.94,0.25,39,1.01,0.1089,92.97,18.2,0.1526,0
user_0051,30,55.31,116.53,4.09,3.98,0.26,39,1.0,0.1119,93.08,17.96,0.1515,0
user_0051,31,55.17,116.54,4.0,3.99,0.28,39,1.01,0.1105,93.12,18.04,0.1508,0
user_0051,32,55.14,116.95,3.91,3.93,0.27,39,1.0,0.1082,93.08,18.03,0.1512,0
user_0051,33,55.16,116.57,4.0,3.93,0.26,40,0.99,0.1086,93.11,17.79,0.1535,0
user_0051,34,55.35,116.36,3.84,3.96,0.25,40,1.0,0.1095,93.0,18.16,0.1524,0
user_0051,35,55.29,117.04,3.92,3.99,0.26,40,1.0,0.1065,93.15,17.82,0.1507,0
user_0051,36,55.13,116.25,3.92,3.96,0.26,39,1.0,0.1094,93.02,17.84,0.1515,0
user_0051,37,55.01,116.96,3.97,4.02,0.27,39,1.0,0.1062,93.15,17.92,0.1518,0
user_0051,38,55.09,116.58,3.99,3.96,0.26,39,0.99,0.1128,93.08,18.04,0.1513,0
user_0051,39,55.07,116.78,4.02,3.99,0.28,40,0.99,0.1087,93.09,17.96,0.1516,0
user_0051,40,54.88,116.97,3.86,3.92,0.25,39,0.99,0.1078,93.17,17.99,0.1521,0
user_0051,41,55.01,116.73,3.99,3.93,0.26,39,1.0,0.1087,93.03,18.09,0.1521,0
user_0051,42,55.15,116.46,4.1,3.92,0.27,39,1.0,0.1109,92.86,18.04,0.152,0
user_0051,43,55.3,116.83,3.93,3.95,0.28,39,1.0,0.1111,92.95,17.86,0.1504,0
user_0051,44,55.26,116.42,3.99,3.99,0.26,39,1.0,0.1092,93.1,18.16,0.1521,0
user_0051,45,55.5,116.85,3.94,4.01,0.26,39,1.01,0.1082,92.98,17.94,0.1518,0
user_0051,46,55.34,116.08,4.07,3.94,0.26,40,1.0,0.11,93.05,18.08,0.1533,0
user_0051,47,54.83,117.01,4.12,3.97,0.26,39,1.01,0.108,93.21,18.04,0.1537,0
user_0051,48,55.15,116.34,4.0,3.92,0.29,40,1.0,0.1105,92.98,17.99,0.1518,0
user_0051,49,55.49,116.45,3.95,3.95,0.26,39,0.99,0.1066,93.16,18.0,0.1525,0
user_0051,50,55.11,116.72,4.12,3.99,0.27,40,1.0,0.1099,93.04,17.96,0.1528,0
user_0051,51,55.0,117.11,3.98,3.92,0.26,39,1.0,0.1084,92.99,17.97,0.1516,0
user_0051,52,55.31,116.68,4.02,3.95,0.27,40,1.0,0.108,93.07,18.13,0.1515,0
user_0051,53,55.09,116.68,3.96,3.94,0.25,39,1.0,0.1077,92.97,17.91,0.1503,0
user_0051,54,55.05,116.69,3.9,3.95,0.26,39,1.0,0.1084,93.01,18.13,0.1508,0
user_0051,55,55.43,116.65,3.91,3.94,0.26,40,1.0,0.1094,93.18,17.81,0.1519,0
user_0051,56,55.24,116.82,3.88,3.93,0.26,40,1.01,0.1083,92.92,18.08,0.1543,0
user_0051,57,55.36,116.55,4.21,3.97,0.25,40,1.0,0.1084,93.13,18.0,0.1517,0
user_0051,58,55.2,117.02,3.83,3.96,0.26,39,1.0,0.1054,92.97,18.13,0.1525,0
user_0051,59,55.17,116.39,4.06,3.99,0.27,39,1.0,0.1118,92.93,18.05,0.1499,0
user_0052,0,57.7,120.49,4.15,3.99,0.34,39,1.01,0.0757,92.42,18.04,0.1355,0
user_0052,1,57.77,120.63,4.04,3.94,0.34,39,0.99,0.0743,92.14,18.0,0.1361,0
user_0052,2,57.6,120.86,3.97,4.0,0.35,39,1.0,0.0778,92.22,17.91,0.1344,0
user_0052,3,57.54,120.96,3.93,3.96,0.35,40,1.01,0.0767,92.21,17.9,0.1331,0
user_0052,4,57.84,120.58,4.04,3.99,0.34,39,1.0,0.0731,92.54,18.02,0.136,0
user_0052,5,57.93,120.89,4.03,3.96,0.37,39,1.0,0.0743,92.37,18.06,0.1347,0
user_0052,6,57.67,120.8,4.04,3.99,0.36,40,1.0,0.0761,92.24,18.13,0.1342,0
user_0052,7,57.58,120.73,3.93,3.96,0.34,39,1.0,0.0754,92.43,18.05,0.134,0
user_0052,8,57.78,121.1,4.06,3.99,0.35,39,1.0,0.0775,92.47,17.86,0.1347,0
user_0052,9,57.22,120.74,3.95,3.99,0.34,39,1.0,0.0755,92.19,18.11,0.1343,0
user_0052,10,57.6,121.13,3.95,4.01,0.35,40,1.0,0.0765,92.37,17.95,0.1364,0
user_0052,11,57.59,120.58,4.11,3.97,0.34,39,0.99,0.0743,92.54,18.05,0.1344,0
user_0052,12,57.51,120.82,4.08,3.93,0.38,39,1.0,0.0752,92.34,17.93,0.1353,0
user_0052,13,57.77,121.09,4.01,3.96,0.35,39,1.0,0.0757,92.54,17.98,0.135,0
user_0052,14,49.5,141.07,8.45,5.47,1.26,57,0.85,0.1971,84.88,23.09,0.2332,1
user_0052,15,49.66,140.74,8.53,5.52,1.22,57,0.84,0.1936,84.81,23.09,0.2353,1
user_0052,16,49.71,140.99,8.4,5.5,1.25,58,0.85,0.1952,84.85,23.03,0.2336,1
user_0052,17,49.7,140.52,8.63,5.46,1.23,57,0.85,0.1941,84.99,23.08,0.2349,1
user_0052,18,49.45,140.72,8.45,5.43,1.26,58,0.85,0.1958,84.75,22.91,0.2341,1
user_0052,19,49.81,141.14,8.54,5.53,1.26,58,0.86,0.1965,85.02,23.0,0.2338,1
user_0052,20,37.58,170.91,15.18,7.71,2.6,84,0.62,0.3766,73.69,30.36,0.3848,3
user_0052,21,37.59,171.11,15.23,7.7,2.6,84,0.61,0.3754,73.66,30.52,0.3832,3
user_0052,22,37.39,170.91,15.38,7.76,2.6,85,0.63,0.3753,73.48,30.22,0.3846,3
user_0052,23,37.57,170.43,15.14,7.72,2.6,85,0.63,0.3742,73.76,30.66,0.3847,3
user_0052,24,37.46,170.88,15.09,7.71,2.61,85,0.62,0.3756,73.51,30.64,0.3859,3
user_0052,25,37.7,170.78,15.19,7.75,2.6,84,0.63,0.3748,73.52,30.59,0.3837,3
user_0052,26,37.62,171.17,15.34,7.73,2.59,84,0.64,0.3769,73.59,30.37,0.3826,3
user_0052,27,37.78,171.16,15.25,7.72,2.61,84,0.63,0.3766,73.48,30.58,0.3838,3
user_0052,28,37.4,171.05,15.17,7.69,2.61,84,0.63,0.375,73.57,30.3,0.385,3
user_0052,29,37.59,171.15,15.31,7.73,2.6,84,0.63,0.3754,73.75,30.63,0.3842,3
user_0052,30,37.61,170.65,15.24,7.75,2.6,84,0.62,0.3746,73.67,30.48,0.3833,3
user_0052,31,37.63,170.84,15.33,7.72,2.59,85,0.62,0.3735,73.51,30.44,0.3826,3
user_0052,32,37.34,171.05,15.24,7.72,2.6,85,0.62,0.3763,73.62,30.4,0.3851,3
user_0052,33,37.61,170.59,15.18,7.74,2.61,85,0.63,0.3773,73.59,30.52,0.3851,3
user_0052,34,37.43,171.11,15.35,7.71,2.63,85,0.62,0.3724,73.6,30.54,0.3848,3
user_0052,35,37.4,170.69,15.3,7.74,2.61,85,0.62,0.3762,73.62,30.35,0.386,3
user_0052,36,37.74,170.96,15.15,7.75,2.6,85,0.63,0.375,73.72,30.38,0.3845,3
user_0052,37,37.85,170.97,15.32,7.73,2.6,84,0.62,0.3765,73.5,30.4,0.3849,3
user_0052,38,37.72,171.36,15.23,7.72,2.61,85,0.62,0.3754,73.55,30.38,0.3843,3
user_0052,39,37.83,170.67,15.14,7.7,2.61,85,0.63,0.3771,73.64,30.57,0.3837,3
user_0052,40,32.1,184.82,18.46,8.79,3.23,97,0.52,0.4598,68.28,33.98,0.4555,4
user_0052,41,32.17,184.97,18.5,8.74,3.25,97,0.52,0.4583,68.43,33.84,0.4527,4
user_0052,42,31.9,184.67,18.36,8.76,3.24,97,0.53,0.4598,68.45,34.06,0.4536,4
user_0052,43,31.92,185.1,18.27,8.79,3.23,97,0.52,0.4619,68.19,33.88,0.4525,4
user_0052,44,31.93,184.7,18.41,8.76,3.24,97,0.53,0.4604,68.41,34.06,0.4534,4
user_0052,45,31.96,184.8,18.36,8.77,3.24,97,0.52,0.4569,68.19,33.91,0.4561,4
user_0052,46,32.3,185.1,18.37,8.79,3.25,98,0.51,0.4598,68.33,34.06,0.4545,4
user_0052,47,31.85,184.95,18.35,8.78,3.23,98,0.52,0.4593,68.43,33.91,0.4546,4
user_0052,48,32.09,185.0,18.36,8.79,3.24,97,0.52,0.459,68.59,33.93,0.4548,4
user_0052,49,31.94,184.62,18.45,8.74,3.25,97,0.52,0.4603,68.44,34.02,0.4539,4
user_0052,50,31.76,184.83,18.34,8.84,3.23,97,0.52,0.4606,68.48,33.97,0.4543,4
user_0052,51,32.08,184.62,18.43,8.78,3.24,97,0.51,0.4598,68.27,34.17,0.4562,4
user_0052,52,31.83,184.64,18.23,8.79,3.23,97,0.52,0.4571,68.38,34.13,0.4544,4
user_0052,53,31.84,184.81,18.44,8.77,3.22,98,0.51,0.4629,68.35,34.09,0.4547,4
user_0052,54,31.87,185.18,18.45,8.77,3.24,97,0.51,0.4569,68.36,33.97,0.4544,4
user_0052,55,31.95,184.57,18.3,8.75,3.24,97,0.53,0.4579,68.48,33.95,0.4541,4
user_0052,56,31.95,185.0,18.42,8.78,3.23,97,0.53,0.4596,68.42,34.02,0.454,4
user_0052,57,32.36,185.16,18.36,8.83,3.24,97,0.52,0.4601,68.38,34.1,0.4548,4
user_0052,58,31.7,184.51,18.34,8.83,3.24,97,0.52,0.4581,68.21,34.1,0.4561,4
user_0052,59,32.1,184.73,18.37,8.79,3.23,97,0.52,0.4585,68.35,33.84,0.4551,4
user_0053,0,44.82,125.68,3.96,3.59,0.3,39,1.0,0.1096,93.43,17.88,0.098,0
user_0053,1,45.06,125.38,3.9,3.6,0.28,40,1.0,0.1131,93.33,18.15,0.098,0
user_0053,2,45.12,125.4,4.05,3.6,0.28,39,0.99,0.1095,93.47,17.95,0.0974,0
user_0053,3,44.98,126.02,4.0,3.58,0.28,39,1.0,0.1117,93.31,18.07,0.0971,0
user_0053,4,45.2,126.13,4.0,3.61,0.3,39,1.0,0.1119,93.48,18.02,0.098,0
user_0053,5,45.06,125.69,3.91,3.57,0.27,39,1.0,0.1102,93.32,18.03,0.0975,0
user_0053,6,45.0,125.3,3.98,3.61,0.3,40,1.0,0.112,93.36,17.97,0.0971,0
user_0053,7,45.2,125.85,4.0,3.62,0.29,40,1.0,0.1093,93.33,17.99,0.0978,0
user_0053,8,45.15,125.49,4.01,3.58,0.29,40,0.99,0.1078,93.33,17.95,0.0967,0
user_0053,9,45.05,125.93,4.05,3.59,0.3,39,1.0,0.1121,93.38,17.96,0.0997,0
user_0053,10,45.08,126.09,3.86,3.56,0.29,40,0.99,0.1108,93.67,18.02,0.0985,0
user_0053,11,44.97,125.71,4.0,3.61,0.3,40,1.0,0.1086,93.25,18.01,0.0987,0
user_0053,12,45.26,125.43,3.89,3.6,0.28,39,1.0,0.1104,93.56,18.09,0.0971,0
user_0053,13,45.27,125.68,4.08,3.61,0.29,40,1.0,0.1126,93.43,18.1,0.0994,0
user_0053,14,35.54,149.63,9.39,5.3,1.36,61,0.82,0.2541,84.44,23.98,0.2185,1
user_0053,15,35.79,149.83,9.35,5.38,1.38,61,0.82,0.2562,84.55,24.06,0.2172,1
user_0053,16,35.54,149.76,9.43,5.38,1.37,61,0.83,0.2554,84.48,23.98,0.2187,1
user_0053,17,35.27,149.22,9.4,5.43,1.38,61,0.82,0.2542,84.47,24.05,0.2188,1
user_0053,18,35.23,149.34,9.39,5.35,1.36,61,0.82,0.2585,84.37,23.97,0.2181,1
user_0053,19,35.24,149.78,9.43,5.37,1.37,61,0.83,0.2589,84.32,23.87,0.218,1
user_0053,20,35.15,149.82,9.41,5.39,1.37,61,0.82,0.2555,84.29,24.02,0.2197,2
user_0053,21,35.5,149.69,9.52,5.36,1.38,61,0.83,0.2564,84.38,23.97,0.2188,2
user_0053,22,35.18,149.54,9.45,5.37,1.37,61,0.82,0.2562,84.35,23.87,0.2189,2
user_0053,23,35.54,149.38,9.41,5.35,1.37,61,0.82,0.2563,84.51,24.03,0.2183,2
user_0053,24,35.24,149.99,9.39,5.35,1.37,61,0.82,0.2535,84.5,23.99,0.2183,2
user_0053,25,35.34,149.91,9.41,5.41,1.35,61,0.82,0.2574,84.62,23.91,0.2179,2
user_0053,26,35.49,149.83,9.47,5.35,1.37,61,0.82,0.2547,84.3,24.03,0.2175,2
user_0053,27,35.65,149.43,9.57,5.4,1.38,61,0.83,0.2533,84.4,24.13,0.2184,2
user_0053,28,35.28,149.94,9.43,5.37,1.35,61,0.82,0.2554,84.27,23.96,0.2183,2
user_0053,29,35.74,149.6,9.51,5.4,1.37,61,0.82,0.2561,84.37,23.94,0.2177,2
user_0053,30,35.44,149.88,9.36,5.4,1.37,61,0.82,0.2512,84.33,24.05,0.2178,2
user_0053,31,35.2,149.37,9.2,5.34,1.37,61,0.82,0.2552,84.43,24.1,0.2176,2
user_0053,32,35.6,149.03,9.48,5.35,1.36,61,0.83,0.2538,84.36,23.9,0.2181,2
user_0053,33,35.57,150.08,9.58,5.39,1.37,61,0.83,0.2555,84.4,24.04,0.2172,2
user_0053,34,35.11,149.8,9.5,5.39,1.37,61,0.82,0.2554,84.42,24.0,0.2194,2
user_0053,35,35.53,149.68,9.45,5.39,1.38,61,0.82,0.2539,84.5,24.07,0.2166,2
user_0053,36,41.12,136.0,6.23,4.34,0.75,48,0.93,0.1731,89.61,20.58,0.1479,1
user_0053,37,40.96,135.63,6.21,4.31,0.74,49,0.92,0.1708,89.7,20.55,0.1467,1
user_0053,38,41.02,135.16,6.24,4.33,0.74,49,0.93,0.1713,89.61,20.39,0.1476,1
user_0053,39,40.95,135.62,6.21,4.34,0.74,49,0.93,0.1709,89.66,20.55,0.1503,1
user_0053,40,40.91,135.66,6.16,4.33,0.73,48,0.93,0.1704,89.5,20.64,0.1487,1
user_0053,41,41.04,135.43,6.26,4.34,0.75,49,0.93,0.1685,89.64,20.6,0.1469,1
user_0053,42,41.25,136.11,6.34,4.34,0.73,49,0.92,0.17,89.6,20.51,0.1475,1
user_0053,43,41.1,135.87,6.2,4.33,0.73,49,0.93,0.1725,89.74,20.54,0.1464,1
user_0053,44,40.9,135.45,6.28,4.3,0.74,49,0.92,0.1695,89.78,20.57,0.147,1
user_0053,45,40.91,135.04,6.36,4.33,0.76,48,0.93,0.1725,89.84,20.55,0.1478,1
user_0053,46,41.07,135.39,6.22,4.33,0.75,48,0.93,0.171,89.8,20.57,0.1485,1
user_0053,47,41.21,135.86,6.33,4.38,0.75,49,0.92,0.1717,89.48,20.58,0.1468,1
user_0053,48,41.23,136.15,6.14,4.33,0.73,48,0.92,0.1721,89.75,20.52,0.1462,1
user_0053,49,41.08,135.28,6.14,4.3,0.75,49,0.93,0.1699,89.64,20.36,0.1492,1
user_0053,50,41.39,135.79,6.3,4.32,0.72,48,0.92,0.1706,89.61,20.5,0.147,1
user_0053,51,41.39,135.31,6.32,4.32,0.74,49,0.93,0.1695,89.64,20.52,0.148,1
user_0053,52,40.91,135.98,6.06,4.32,0.73,49,0.93,0.1691,89.91,20.52,0.1482,1
user_0053,53,40.85,135.64,6.32,4.33,0.74,48,0.92,0.1691,89.79,20.59,0.1489,1
user_0053,54,40.94,135.61,6.34,4.3,0.75,48,0.92,0.1711,89.56,20.31,0.1479,1
user_0053,55,41.14,135.96,6.3,4.38,0.75,49,0.93,0.173,89.45,20.45,0.146,1
user_0053,56,41.16,135.47,6.48,4.31,0.74,48,0.92,0.1693,89.55,20.28,0.1484,1
user_0053,57,41.0,136.14,6.16,4.36,0.75,49,0.93,0.1707,89.8,20.42,0.1481,1
user_0053,58,41.06,135.43,6.27,4.35,0.73,49,0.91,0.1696,89.63,20.54,0.1487,1
user_0053,59,41.07,135.8,6.24,4.34,0.74,48,0.92,0.1721,89.86,20.62,0.1467,1
user_0054,0,50.96,109.35,4.05,4.06,0.3,39,1.0,0.1267,96.66,17.89,0.1217,0
user_0054,1,51.15,109.75,3.83,4.06,0.3,40,1.01,0.1234,96.42,17.98,0.1203,0
user_0054,2,50.81,109.43,4.16,4.07,0.3,40,1.0,0.1233,96.52,18.03,0.1197,0
user_0054,3,50.98,109.63,4.24,4.1,0.3,39,1.0,0.1264,96.43,17.86,0.1206,0
user_0054,4,50.9,109.45,4.01,4.1,0.3,39,1.0,0.1231,96.65,18.21,0.1205,0
user_0054,5,51.06,109.85,4.1,4.06,0.3,40,1.0,0.1225,96.54,18.13,0.1203,0
user_0054,6,50.93,109.9,4.04,4.06,0.3,39,1.0,0.1258,96.34,17.9,0.1218,0
user_0054,7,50.95,110.06,3.9,4.07,0.31,39,1.01,0.1246,96.66,17.89,0.1204,0
user_0054,8,50.95,109.39,4.03,4.11,0.3,40,1.0,0.125,96.67,18.14,0.1214,0
user_0054,9,50.88,109.31,3.85,4.09,0.3,40,0.99,0.1255,96.41,18.05,0.1206,0
user_0054,10,50.83,109.69,4.16,4.1,0.33,40,1.0,0.1241,96.61,17.9,0.1211,0
user_0054,11,50.87,110.06,3.9,4.07,0.3,39,1.0,0.124,96.73,17.92,0.1206,0
user_0054,12,50.98,109.59,4.01,4.1,0.29,40,1.0,0.1237,96.61,18.11,0.1217,0
user_0054,13,50.91,108.93,4.01,4.03,0.31,39,1.0,0.1235,96.47,17.89,0.1206,0
user_0054,14,42.8,129.78,8.63,5.62,1.19,57,0.85,0.2432,89.15,22.83,0.2201,1
user_0054,15,43.14,129.26,8.49,5.58,1.21,57,0.84,0.241,89.22,23.08,0.2201,1
user_0054,16,42.99,129.75,8.57,5.53,1.19,57,0.85,0.2451,89.19,22.71,0.2188,1
user_0054,17,43.01,129.71,8.49,5.55,1.2,57,0.84,0.2435,88.95,23.05,0.2193,1
user_0054,18,42.8,129.51,8.56,5.58,1.22,58,0.85,0.245,89.2,22.95,0.2204,1
user_0054,19,42.86,129.59,8.48,5.59,1.2,58,0.85,0.2436,89.05,23.05,0.222,1
user_0054,20,30.81,159.78,15.34,7.83,2.55,84,0.62,0.4241,77.88,30.49,0.3704,3
user_0054,21,30.82,159.49,15.3,7.79,2.54,84,0.62,0.426,77.6,30.49,0.3715,3
user_0054,22,31.04,159.26,15.43,7.82,2.53,85,0.62,0.4276,77.91,30.71,0.3691,3
user_0054,23,31.19,159.44,15.28,7.83,2.57,85,0.62,0.4264,77.83,30.57,0.3705,3
user_0054,24,30.96,159.31,15.27,7.81,2.54,85,0.62,0.4221,77.84,30.48,0.3701,3
user_0054,25,30.99,159.39,15.22,7.86,2.56,84,0.63,0.4249,77.81,30.62,0.3693,3
user_0054,26,31.04,159.23,15.28,7.81,2.55,84,0.61,0.4224,77.92,30.51,0.3716,3
user_0054,27,30.79,159.86,15.28,7.86,2.55,85,0.62,0.4244,77.79,30.37,0.3703,3
user_0054,28,31.14,159.94,15.19,7.83,2.55,85,0.63,0.4228,77.89,30.55,0.37,3
user_0054,29,30.81,159.82,15.34,7.82,2.57,85,0.63,0.4269,77.84,30.54,0.3695,3
user_0054,30,30.75,159.71,15.14,7.88,2.57,84,0.64,0.4239,77.8,30.46,0.3701,3
user_0054,31,30.95,159.76,15.18,7.83,2.55,85,0.62,0.4235,78.05,30.41,0.3707,3
user_0054,32,30.91,159.39,15.25,7.81,2.56,84,0.63,0.4228,77.87,30.54,0.3692,3
user_0054,33,30.9,159.29,15.13,7.83,2.56,84,0.62,0.4229,77.63,30.53,0.3695,3
user_0054,34,30.73,159.51,15.27,7.84,2.56,84,0.63,0.4248,77.75,30.39,0.3704,3
user_0054,35,31.13,159.79,15.26,7.84,2.58,85,0.63,0.4256,77.92,30.37,0.3703,3
user_0054,36,31.15,160.08,15.25,7.82,2.56,84,0.63,0.4255,77.83,30.61,0.369,3
user_0054,37,30.68,159.75,15.33,7.83,2.55,84,0.62,0.4258,77.92,30.59,0.3702,3
user_0054,38,30.82,159.46,15.29,7.8,2.55,84,0.62,0.4231,77.84,30.35,0.3694,3
user_0054,39,31.12,159.91,15.3,7.86,2.54,84,0.63,0.4277,77.82,30.58,0.3719,3
user_0054,40,25.41,173.53,18.37,8.84,3.18,97,0.52,0.5065,72.63,34.11,0.4409,4
user_0054,41,25.32,173.83,18.4,8.87,3.18,97,0.51,0.508,72.63,33.95,0.4389,4
user_0054,42,25.26,173.69,18.44,8.91,3.19,97,0.51,0.5099,72.54,33.86,0.4407,4
user_0054,43,25.42,173.86,18.36,8.88,3.17,98,0.51,0.5076,72.49,34.02,0.4393,4
user_0054,44,25.56,173.72,18.29,8.9,3.19,97,0.51,0.5094,72.66,33.9,0.4411,4
user_0054,45,25.31,173.94,18.28,8.86,3.18,97,0.52,0.5083,72.57,33.96,0.4389,4
user_0054,46,25.39,173.61,18.32,8.91,3.19,97,0.52,0.5053,72.76,34.02,0.4405,4
user_0054,47,25.44,173.74,18.32,8.85,3.17,97,0.51,0.5065,72.53,33.97,0.4401,4
user_0054,48,25.32,173.76,18.49,8.88,3.2,97,0.52,0.5075,72.5,33.98,0.4399,4
user_0054,49,25.48,173.6,18.42,8.85,3.19,97,0.52,0.5078,72.74,33.88,0.4408,4
user_0054,50,25.39,173.3,18.38,8.82,3.2,97,0.53,0.5108,72.53,34.0,0.4404,4
user_0054,51,25.68,173.6,18.4,8.84,3.18,97,0.53,0.5116,72.64,34.04,0.4409,4
user_0054,52,25.29,173.99,18.29,8.87,3.19,97,0.53,0.5098,72.69,33.92,0.4411,4
user_0054,53,25.52,174.03,18.24,8.86,3.19,97,0.52,0.5065,72.61,34.03,0.4402,4
user_0054,54,25.39,173.88,18.39,8.85,3.2,97,0.52,0.5101,72.44,33.99,0.4385,4
user_0054,55,25.56,173.27,18.37,8.88,3.19,97,0.53,0.51,72.72,33.82,0.4397,4
user_0054,56,25.46,174.04,18.36,8.93,3.19,97,0.51,0.5099,72.53,33.97,0.4403,4
user_0054,57,25.43,174.12,18.43,8.86,3.18,98,0.52,0.5097,72.61,34.04,0.4416,4
user_0054,58,25.44,173.85,18.42,8.87,3.19,97,0.51,0.5097,72.64,34.04,0.4401,4
user_0054,59,25.38,173.37,18.26,8.9,3.19,97,0.53,0.5096,72.62,34.2,0.4389,4
user_0055,0,59.81,106.18,3.99,3.7,0.3,40,1.0,0.0989,91.92,18.08,0.1223,0
user_0055,1,59.68,106.64,3.88,3.7,0.3,39,1.0,0.0997,91.89,18.05,0.1212,0
user_0055,2,59.41,106.68,3.94,3.69,0.28,40,1.0,0.0996,91.92,18.0,0.1231,0
user_0055,3,59.44,106.21,3.91,3.72,0.3,39,1.0,0.101,91.78,18.03,0.1214,0
user_0055,4,59.79,106.64,3.9,3.7,0.27,40,1.01,0.0958,91.71,18.02,0.122,0
user_0055,5,59.56,106.05,4.02,3.73,0.32,40,0.99,0.0991,91.91,17.93,0.1228,0
user_0055,6,59.73,106.79,4.06,3.71,0.29,39,1.0,0.0985,91.82,18.11,0.1234,0
user_0055,7,59.44,106.43,3.97,3.71,0.27,39,1.0,0.1003,91.86,18.07,0.1222,0
user_0055,8,59.81,106.85,3.94,3.73,0.3,40,1.0,0.0989,91.75,17.9,0.1224,0
user_0055,9,59.65,106.61,4.04,3.7,0.29,39,1.0,0.099,91.87,18.07,0.1226,0
user_0055,10,59.86,106.24,3.98,3.68,0.31,39,1.01,0.1013,91.89,18.03,0.1221,0
user_0055,11,59.57,106.37,3.99,3.75,0.28,40,1.0,0.0987,91.89,17.85,0.1234,0
user_0055,12,59.79,106.45,3.93,3.73,0.28,39,1.0,0.1014,91.92,17.94,0.1204,0
user_0055,13,59.63,106.54,3.99,3.75,0.29,39,1.0,0.0998,91.89,17.98,0.1217,0
user_0055,14,49.72,130.5,9.37,5.51,1.38,61,0.82,0.2412,82.8,23.93,0.2412,1
user_0055,15,50.24,130.52,9.55,5.51,1.36,61,0.83,0.2414,82.91,23.96,0.2411,1
user_0055,16,50.23,130.33,9.34,5.5,1.37,62,0.83,0.2422,82.81,23.8,0.2422,1
user_0055,17,49.91,130.5,9.25,5.51,1.39,61,0.82,0.2431,82.85,24.22,0.2417,1
user_0055,18,49.84,130.48,9.41,5.52,1.38,62,0.82,0.2421,82.67,24.07,0.2412,1
user_0055,19,50.16,130.36,9.53,5.47,1.38,61,0.82,0.2414,82.91,24.01,0.2402,1
user_0055,20,50.26,130.39,9.51,5.5,1.38,61,0.82,0.2433,82.82,23.91,0.239,2
user_0055,21,49.9,130.65,9.3,5.48,1.36,61,0.82,0.2449,82.93,24.02,0.2423,2
user_0055,22,49.91,130.29,9.45,5.53,1.38,61,0.82,0.2417,82.93,23.8,0.2398,2
user_0055,23,49.72,129.94,9.5,5.53,1.36,61,0.83,0.2439,83.06,23.99,0.2414,2
user_0055,24,49.86,130.49,9.47,5.51,1.37,61,0.82,0.2429,82.78,23.97,0.2425,2
user_0055,25,49.91,130.17,9.36,5.5,1.39,61,0.82,0.2427,82.83,24.15,0.2421,2
user_0055,26,49.89,130.7,9.46,5.48,1.36,61,0.82,0.2424,82.96,23.94,0.2425,2
user_0055,27,50.2,130.39,9.26,5.5,1.38,61,0.82,0.2457,82.72,24.02,0.2418,2
user_0055,28,50.22,130.11,9.43,5.5,1.39,61,0.82,0.2419,82.87,23.96,0.2417,2
user_0055,29,49.72,130.58,9.32,5.48,1.36,61,0.82,0.2438,82.92,23.9,0.2423,2
user_0055,30,49.93,130.72,9.43,5.49,1.38,61,0.81,0.2406,82.72,24.16,0.241,2
user_0055,31,50.3,130.21,9.31,5.53,1.38,61,0.82,0.2419,82.94,24.02,0.2417,2
user_0055,32,50.04,130.74,9.43,5.45,1.38,61,0.82,0.2433,82.86,23.8,0.2416,2
user_0055,33,49.97,130.44,9.36,5.52,1.37,61,0.82,0.2452,83.03,24.17,0.2409,2
user_0055,34,50.07,130.3,9.65,5.52,1.39,61,0.81,0.2419,82.78,23.96,0.2424,2
user_0055,35,50.1,129.82,9.38,5.49,1.39,61,0.82,0.2434,82.68,24.07,0.2416,2
user_0055,36,55.5,116.81,6.27,4.44,0.74,49,0.93,0.1592,87.98,20.39,0.1713,1
user_0055,37,55.59,116.47,6.24,4.45,0.76,49,0.93,0.1598,88.11,20.54,0.1723,1
user_0055,38,55.74,116.24,6.3,4.46,0.73,49,0.92,0.1583,88.09,20.35,0.172,1
user_0055,39,55.63,116.67,6.22,4.46,0.74,48,0.92,0.1589,88.18,20.41,0.1718,1
user_0055,40,55.61,116.76,6.25,4.46,0.74,48,0.92,0.1587,88.14,20.51,0.1735,1
user_0055,41,55.76,116.79,6.1,4.5,0.75,49,0.93,0.1591,88.0,20.64,0.1713,1
user_0055,42,55.47,116.42,6.22,4.46,0.74,49,0.93,0.1578,88.03,20.46,0.1717,1
user_0055,43,55.55,116.2,6.27,4.44,0.73,49,0.93,0.1587,88.28,20.72,0.1725,1
user_0055,44,55.55,116.55,6.16,4.43,0.73,48,0.92,0.16,88.03,20.53,0.1728,1
user_0055,45,55.8,116.39,6.27,4.46,0.76,49,0.93,0.1566,88.04,20.6,0.1726,1
user_0055,46,55.6,116.36,6.31,4.41,0.75,49,0.92,0.1599,88.06,20.5,0.172,1
user_0055,47,55.73,116.52,6.11,4.42,0.73,49,0.93,0.1616,88.0,20.63,0.1701,1
user_0055,48,55.63,116.54,6.27,4.45,0.74,48,0.93,0.1595,88.14,20.47,0.1717,1
user_0055,49,55.7,116.88,6.15,4.42,0.75,48,0.93,0.1591,88.17,20.47,0.1708,1
user_0055,50,55.5,116.44,6.16,4.45,0.74,48,0.93,0.1567,88.01,20.39,0.1729,1
user_0055,51,55.97,116.26,6.23,4.44,0.75,48,0.93,0.1601,87.98,20.53,0.1702,1
user_0055,52,55.58,116.4,6.23,4.45,0.74,48,0.93,0.1595,88.11,20.44,0.1731,1
user_0055,53,55.85,116.16,6.26,4.44,0.75,48,0.93,0.1599,88.07,20.67,0.1726,1
user_0055,54,55.76,116.42,6.24,4.48,0.75,48,0.93,0.1598,88.09,20.54,0.172,1
user_0055,55,55.29,116.15,6.32,4.45,0.75,48,0.92,0.1584,88.14,20.54,0.1742,1
user_0055,56,55.55,116.9,6.19,4.47,0.75,48,0.92,0.1582,88.19,20.42,0.1724,1
user_0055,57,55.74,116.83,6.32,4.47,0.74,48,0.92,0.1573,88.1,20.43,0.1732,1
user_0055,58,55.54,116.5,6.23,4.42,0.75,49,0.93,0.16,88.03,20.43,0.1725,1
user_0055,59,55.85,116.58,6.32,4.44,0.75,48,0.93,0.1586,88.19,20.59,0.1706,1
user_0056,0,70.89,138.54,3.93,3.69,0.29,40,1.0,0.1242,94.27,17.91,0.1184,0
user_0056,1,70.64,138.59,4.04,3.7,0.28,39,1.0,0.1248,94.16,17.93,0.1187,0
user_0056,2,70.68,138.86,4.05,3.69,0.28,40,1.0,0.1242,94.04,17.93,0.1189,0
user_0056,3,70.72,138.94,4.01,3.7,0.28,39,1.0,0.1251,94.21,18.08,0.119,0
user_0056,4,70.51,138.63,4.08,3.68,0.29,39,1.0,0.1258,94.1,17.92,0.1206,0
user_0056,5,70.62,138.88,4.02,3.69,0.3,39,1.0,0.1243,94.19,18.1,0.1208,0
user_0056,6,70.62,138.68,3.89,3.68,0.3,39,1.0,0.1262,94.18,18.04,0.1187,0
user_0056,7,70.4,138.6,4.12,3.75,0.29,40,1.0,0.1242,94.29,18.21,0.1207,0
user_0056,8,70.36,139.1,3.98,3.73,0.29,40,1.0,0.1289,94.23,17.87,0.1182,0
user_0056,9,70.35,138.91,4.07,3.65,0.3,40,1.01,0.1233,94.16,18.03,0.1191,0
user_0056,10,70.41,139.0,4.02,3.73,0.3,39,1.0,0.1253,94.17,17.86,0.1199,0
user_0056,11,70.78,138.73,3.96,3.74,0.29,39,1.0,0.1247,94.07,18.09,0.1191,0
user_0056,12,70.64,138.87,4.05,3.75,0.27,40,1.0,0.1232,94.16,17.96,0.1213,0
user_0056,13,70.52,138.71,3.97,3.69,0.27,39,1.0,0.1252,94.21,18.1,0.1203,0
user_0056,14,70.72,138.9,3.92,3.73,0.29,39,1.0,0.1253,94.11,18.1,0.1202,0
user_0056,15,70.73,139.08,3.97,3.7,0.3,39,1.0,0.1241,94.03,18.05,0.1196,0
user_0056,16,70.46,139.0,3.9,3.71,0.3,40,1.0,0.1235,94.15,18.04,0.1194,0
user_0056,17,70.66,138.39,3.87,3.7,0.29,40,0.99,0.127,94.14,17.85,0.1202,0
user_0056,18,70.79,138.64,4.07,3.75,0.29,39,1.01,0.1265,94.01,17.99,0.1206,0
user_0056,19,70.72,138.69,3.93,3.76,0.29,39,1.0,0.1245,93.98,18.1,0.1196,0
user_0056,20,70.29,138.52,4.07,3.71,0.28,40,1.0,0.125,94.17,17.92,0.1193,0
user_0056,21,70.49,138.59,3.95,3.71,0.28,40,1.0,0.1237,93.94,17.91,0.1195,0
user_0056,22,70.75,138.75,3.89,3.72,0.28,40,0.99,0.1266,94.18,17.98,0.1183,0
user_0056,23,70.38,138.94,4.06,3.74,0.3,40,1.0,0.1284,94.08,17.99,0.1183,0
user_0056,24,70.7,138.71,3.95,3.7,0.28,39,0.99,0.1228,94.02,17.94,0.1194,0
user_0056,25,70.3,138.64,3.94,3.74,0.28,40,1.01,0.1265,94.04,18.05,0.1189,0
user_0056,26,70.48,138.57,4.01,3.69,0.29,40,0.99,0.1224,94.07,18.14,0.1206,0
user_0056,27,70.47,138.5,4.02,3.72,0.29,39,1.0,0.1261,94.25,17.88,0.1198,0
user_0056,28,70.56,138.55,3.94,3.73,0.28,39,1.0,0.1274,94.16,18.07,0.1201,0
user_0056,29,70.57,138.71,3.99,3.66,0.28,40,1.0,0.127,94.15,17.99,0.1207,0
user_0056,30,70.69,139.05,4.1,3.75,0.29,39,1.0,0.1272,94.16,17.96,0.1193,0
user_0056,31,70.44,138.99,3.97,3.69,0.28,39,1.0,0.1244,94.01,18.14,0.1199,0
user_0056,32,70.27,138.94,3.92,3.73,0.29,40,0.99,0.1229,94.13,17.91,0.1211,0
user_0056,33,70.59,138.51,4.07,3.67,0.29,40,0.99,0.1241,94.07,17.89,0.12,0
user_0056,34,70.73,139.27,4.06,3.71,0.3,39,1.0,0.1262,94.07,18.01,0.1192,0
user_0056,35,70.57,138.75,4.04,3.72,0.29,40,1.0,0.1239,94.04,17.73,0.1198,0
user_0056,36,70.43,138.55,3.98,3.7,0.29,39,1.01,0.1281,94.1,17.92,0.1181,0
user_0056,37,70.88,138.58,3.96,3.7,0.28,39,1.0,0.1207,94.11,18.07,0.1192,0
user_0056,38,70.69,138.79,3.95,3.67,0.29,40,1.0,0.1259,94.09,18.1,0.1202,0
user_0056,39,70.82,138.85,4.0,3.67,0.29,39,1.01,0.1251,94.21,18.14,0.1212,0
user_0056,40,70.59,139.3,3.96,3.75,0.28,40,1.0,0.1257,94.05,17.9,0.1189,0
user_0056,41,70.68,138.89,4.04,3.72,0.28,39,0.99,0.1231,94.25,17.89,0.1189,0
user_0056,42,70.45,138.43,4.02,3.7,0.29,39,1.0,0.1249,94.25,17.93,0.1193,0
user_0056,43,70.59,138.75,3.89,3.68,0.29,40,1.01,0.1231,94.09,18.02,0.1202,0
user_0056,44,70.46,139.19,3.96,3.72,0.28,39,1.0,0.1263,94.2,17.91,0.1185,0
user_0056,45,71.0,138.84,3.93,3.74,0.28,40,1.0,0.1261,94.13,17.85,0.1189,0
user_0056,46,70.49,138.59,4.01,3.65,0.29,39,1.0,0.1236,94.15,17.87,0.1193,0
user_0056,47,70.3,138.45,4.11,3.75,0.27,39,1.0,0.1249,94.08,17.84,0.1208,0
user_0056,48,70.53,138.35,4.0,3.71,0.28,40,1.0,0.1265,94.04,17.92,0.1207,0
user_0056,49,70.98,139.35,4.05,3.71,0.28,39,0.99,0.1258,94.27,17.99,0.122,0
user_0056,50,71.01,138.99,3.95,3.69,0.3,40,1.0,0.123,93.96,17.9,0.1195,0
user_0056,51,70.77,138.62,3.77,3.7,0.28,39,0.99,0.1243,94.27,17.95,0.1192,0
user_0056,52,70.49,138.8,3.89,3.69,0.3,40,1.0,0.1255,94.04,17.91,0.1189,0
user_0056,53,70.37,138.74,4.15,3.67,0.3,39,1.0,0.122,94.18,17.92,0.1206,0
user_0056,54,70.48,138.89,3.98,3.75,0.29,40,1.0,0.1261,94.23,18.0,0.1181,0
user_0056,55,70.46,138.96,3.88,3.7,0.28,39,1.0,0.1248,94.03,17.91,0.1217,0
user_0056,56,70.81,138.89,4.05,3.72,0.29,39,1.01,0.1276,94.08,18.11,0.1194,0
user_0056,57,70.48,138.65,3.97,3.73,0.28,40,1.0,0.1246,94.02,17.87,0.1202,0
user_0056,58,70.61,138.64,3.93,3.69,0.29,39,1.01,0.125,94.18,18.14,0.119,0
user_0056,59,70.67,138.88,3.96,3.68,0.27,39,1.01,0.1236,94.23,17.92,0.1199,0
user_0057,0,64.12,124.99,3.9,3.6,0.23,39,0.99,0.0628,93.13,18.15,0.2196,0
user_0057,1,64.06,124.94,4.03,3.64,0.24,40,1.0,0.0606,93.03,18.05,0.2181,0
user_0057,2,63.95,124.76,3.97,3.59,0.25,39,1.0,0.0584,93.09,18.03,0.2169,0
user_0057,3,63.79,124.78,3.9,3.61,0.24,39,1.0,0.0592,93.07,17.94,0.2193,0
user_0057,4,64.25,125.21,4.1,3.57,0.23,40,1.01,0.0608,92.98,17.96,0.2191,0
user_0057,5,63.98,124.82,3.98,3.61,0.22,40,1.0,0.0597,93.19,17.99,0.2197,0
user_0057,6,63.85,125.12,4.06,3.59,0.23,39,1.0,0.0605,92.99,17.99,0.2204,0
user_0057,7,64.16,125.21,3.99,3.66,0.24,40,1.0,0.0591,93.12,18.06,0.2195,0
user_0057,8,63.97,124.65,4.02,3.63,0.22,39,1.01,0.058,93.05,18.15,0.2189,0
user_0057,9,63.92,125.01,4.06,3.6,0.24,40,1.0,0.0608,93.05,17.91,0.2192,0
user_0057,10,63.98,124.9,4.04,3.64,0.23,40,0.99,0.0595,93.11,18.0,0.2184,0
user_0057,11,64.11,125.03,4.19,3.61,0.21,39,1.0,0.0589,93.02,17.88,0.2183,0
user_0057,12,64.03,125.11,3.92,3.63,0.22,40,1.0,0.0584,92.98,18.04,0.2182,0
user_0057,13,63.97,125.19,4.04,3.59,0.23,39,1.0,0.0621,93.0,18.0,0.2197,0
user_0057,14,64.01,125.16,4.0,3.58,0.23,40,1.0,0.0623,92.91,18.04,0.2181,0
user_0057,15,63.87,125.35,3.98,3.6,0.24,39,1.01,0.0627,93.17,18.04,0.2185,0
user_0057,16,63.84,125.31,4.07,3.62,0.24,40,1.0,0.0636,93.05,17.96,0.2199,0
user_0057,17,64.0,125.01,4.11,3.63,0.24,39,1.0,0.0583,93.04,18.02,0.2187,0
user_0057,18,64.1,125.21,4.06,3.57,0.26,39,1.01,0.0561,93.06,17.85,0.2179,0
user_0057,19,64.01,124.93,4.1,3.65,0.22,39,0.99,0.0616,93.1,18.0,0.2191,0
user_0057,20,63.96,124.8,4.0,3.6,0.24,39,1.0,0.0588,93.1,18.09,0.2182,0
user_0057,21,64.18,124.58,4.12,3.64,0.22,39,0.99,0.0612,93.05,17.96,0.2176,0
user_0057,22,64.27,124.77,4.0,3.61,0.23,39,1.0,0.0607,93.05,18.16,0.218,0
user_0057,23,64.12,124.58,3.94,3.59,0.22,40,1.0,0.0564,93.28,18.02,0.2188,0
user_0057,24,64.2,125.26,3.98,3.56,0.24,39,1.01,0.0587,93.04,17.87,0.2175,0
user_0057,25,63.99,124.96,3.96,3.66,0.24,40,0.99,0.0611,93.38,17.98,0.218,0
user_0057,26,64.03,124.66,4.03,3.65,0.23,39,1.0,0.0591,92.93,17.96,0.2182,0
user_0057,27,64.21,125.3,4.1,3.63,0.24,39,1.01,0.0604,92.96,17.91,0.2175,0
user_0057,28,63.69,125.11,3.91,3.59,0.23,39,1.0,0.0621,92.93,17.85,0.2192,0
user_0057,29,63.91,124.85,3.92,3.62,0.24,40,1.0,0.0587,93.07,18.1,0.2203,0
user_0057,30,64.17,125.14,4.07,3.58,0.23,40,1.0,0.0603,93.18,18.08,0.2177,0
user_0057,31,64.0,124.78,3.94,3.57,0.23,39,1.0,0.0619,93.14,18.01,0.2203,0
user_0057,32,64.05,124.8,4.01,3.66,0.22,39,1.0,0.0595,93.03,17.87,0.2168,0
user_0057,33,63.78,125.42,4.0,3.56,0.24,40,1.01,0.0592,93.06,18.01,0.2202,0
user_0057,34,63.92,124.83,4.05,3.64,0.23,40,1.0,0.0595,93.0,17.88,0.2182,0
user_0057,35,63.86,125.09,4.09,3.61,0.22,40,1.0,0.0606,93.03,18.11,0.2199,0
user_0057,36,63.97,125.19,4.08,3.6,0.23,40,0.99,0.0605,93.19,17.99,0.2191,0
user_0057,37,64.21,124.91,4.03,3.59,0.23,40,1.0,0.0607,93.09,18.05,0.2204,0
user_0057,38,64.16,125.1,4.04,3.6,0.23,40,1.0,0.061,93.21,17.99,0.2168,0
user_0057,39,64.31,124.85,4.01,3.63,0.25,40,1.0,0.0616,93.1,18.27,0.2199,0
user_0057,40,63.98,124.82,3.8,3.62,0.24,40,0.99,0.0579,93.13,18.18,0.2187,0
user_0057,41,64.17,124.76,4.02,3.6,0.24,39,1.01,0.0594,92.98,17.9,0.2181,0
user_0057,42,64.06,124.86,3.94,3.63,0.2,39,0.99,0.0585,93.11,17.98,0.2185,0
user_0057,43,64.18,125.01,4.14,3.63,0.22,40,1.0,0.0626,93.06,18.03,0.2192,0
user_0057,44,63.98,125.33,4.14,3.55,0.24,39,0.99,0.0606,93.14,18.07,0.2191,0
user_0057,45,64.13,124.86,4.02,3.63,0.25,40,1.0,0.0597,92.96,18.08,0.2173,0
user_0057,46,64.06,125.04,3.88,3.57,0.22,39,1.01,0.0597,93.14,18.13,0.2198,0
user_0057,47,64.0,124.84,4.04,3.59,0.25,40,1.0,0.0606,93.1,17.96,0.2193,0
user_0057,48,63.97,125.5,3.95,3.62,0.23,39,0.99,0.0604,93.03,18.11,0.2192,0
user_0057,49,64.02,124.66,4.04,3.59,0.22,40,0.99,0.0567,93.21,17.94,0.217,0
user_0057,50,63.86,124.83,4.09,3.57,0.22,40,1.0,0.0602,93.03,18.2,0.2175,0
user_0057,51,64.04,125.39,3.97,3.59,0.24,40,1.0,0.062,93.09,18.05,0.2203,0
user_0057,52,64.12,125.01,3.95,3.68,0.23,40,1.0,0.0607,93.3,18.0,0.2187,0
user_0057,53,64.23,124.98,4.07,3.61,0.24,40,1.0,0.0571,92.92,17.82,0.2187,0
user_0057,54,63.65,124.97,4.01,3.63,0.24,40,1.0,0.0593,93.07,17.91,0.219,0
user_0057,55,63.76,125.28,3.93,3.61,0.24,40,0.99,0.0593,93.14,18.18,0.2187,0
user_0057,56,63.91,125.52,4.06,3.64,0.22,40,0.99,0.0579,93.14,18.07,0.2183,0
user_0057,57,64.22,124.92,3.98,3.61,0.23,40,0.99,0.0587,92.96,18.19,0.2184,0
user_0057,58,63.89,124.94,4.06,3.62,0.23,39,0.99,0.06,93.21,17.94,0.2194,0
user_0057,59,63.91,124.74,4.05,3.67,0.24,39,1.0,0.0627,93.11,17.92,0.2187,0
user_0058,0,61.63,119.78,4.05,5.23,0.43,40,0.99,0.1038,94.0,18.01,0.1315,0
user_0058,1,61.76,119.35,4.08,5.16,0.43,40,1.0,0.1033,94.03,17.93,0.1336,0
user_0058,2,61.69,119.63,4.05,5.2,0.43,40,0.99,0.1049,93.75,18.0,0.1315,0
user_0058,3,61.52,120.11,4.01,5.19,0.43,40,1.0,0.105,93.83,18.05,0.1312,0
user_0058,4,61.7,119.73,4.1,5.17,0.44,39,1.0,0.1041,93.9,18.0,0.1324,0
user_0058,5,61.79,119.65,4.05,5.2,0.43,40,1.01,0.1055,93.81,18.04,0.1323,0
user_0058,6,61.99,119.89,3.95,5.2,0.4,39,1.0,0.1032,93.84,18.15,0.1292,0
user_0058,7,61.53,120.29,4.07,5.22,0.43,39,0.99,0.1045,94.0,17.93,0.1301,0
user_0058,8,61.82,119.89,4.06,5.21,0.41,39,1.01,0.1019,93.99,17.9,0.1308,0
user_0058,9,62.0,120.16,4.01,5.2,0.44,39,1.01,0.107,93.98,17.88,0.1334,0
user_0058,10,61.77,119.66,3.93,5.18,0.44,39,1.0,0.1042,93.72,18.0,0.1319,0
user_0058,11,61.95,119.9,3.91,5.2,0.44,39,1.01,0.1039,93.97,17.96,0.1314,0
user_0058,12,61.58,120.08,4.04,5.19,0.43,40,1.01,0.1044,93.93,17.91,0.1332,0
user_0058,13,61.82,119.94,3.86,5.23,0.43,40,0.99,0.1067,93.85,18.12,0.1317,0
user_0058,14,62.0,119.77,4.14,5.21,0.42,40,1.0,0.1031,94.04,17.86,0.1338,0
user_0058,15,61.69,119.35,4.03,5.21,0.43,39,1.01,0.1048,93.87,18.04,0.1311,0
user_0058,16,61.87,120.22,4.08,5.19,0.42,40,0.99,0.1053,93.98,17.98,0.1316,0
user_0058,17,61.7,120.08,3.97,5.18,0.42,40,1.0,0.1058,93.9,17.82,0.1326,0
user_0058,18,61.68,119.79,3.95,5.24,0.43,40,1.0,0.1036,93.83,17.86,0.1318,0
user_0058,19,61.71,120.09,3.97,5.23,0.43,40,0.99,0.106,93.87,18.09,0.1335,0
user_0058,20,61.67,119.42,3.91,5.19,0.4,39,1.0,0.1043,93.88,17.91,0.1313,0
user_0058,21,61.76,119.9,3.89,5.21,0.43,39,1.0,0.1054,93.86,17.91,0.134,0
user_0058,22,61.84,119.74,3.95,5.19,0.43,39,1.0,0.1038,93.98,18.18,0.1321,0
user_0058,23,61.6,119.63,4.1,5.24,0.44,40,1.01,0.1043,93.99,17.92,0.1321,0
user_0058,24,61.76,119.89,3.95,5.17,0.42,40,1.0,0.1047,93.86,18.1,0.1318,0
user_0058,25,61.7,120.02,4.12,5.24,0.42,39,1.0,0.1017,93.82,17.92,0.1306,0
user_0058,26,61.49,119.37,4.0,5.22,0.43,39,1.0,0.1045,93.94,18.06,0.1309,0
user_0058,27,61.98,119.85,4.06,5.18,0.42,39,1.0,0.1022,93.96,18.15,0.1312,0
user_0058,28,61.58,119.51,3.99,5.23,0.44,40,0.99,0.1037,93.83,18.04,0.1328,0
user_0058,29,61.65,120.17,3.93,5.22,0.45,40,1.0,0.1037,93.98,17.94,0.133,0
user_0058,30,61.61,119.63,3.94,5.2,0.42,39,1.0,0.1032,93.79,17.93,0.1322,0
user_0058,31,61.46,119.65,4.09,5.2,0.44,40,1.0,0.1039,93.92,18.05,0.1339,0
user_0058,32,61.8,120.06,3.91,5.2,0.43,40,0.99,0.1085,93.92,18.12,0.1319,0
user_0058,33,61.6,120.12,3.99,5.19,0.43,40,1.0,0.1046,93.96,18.12,0.1319,0
user_0058,34,61.62,119.87,3.82,5.22,0.44,40,0.99,0.1061,93.86,18.02,0.1332,0
user_0058,35,61.63,119.73,3.9,5.2,0.42,40,0.99,0.1038,93.86,17.93,0.133,0
user_0058,36,61.56,119.56,4.01,5.23,0.41,39,1.0,0.1065,93.92,17.86,0.1319,0
user_0058,37,61.65,119.78,4.14,5.18,0.44,40,1.0,0.1044,94.12,18.13,0.1313,0
user_0058,38,61.73,119.42,4.1,5.21,0.41,39,1.0,0.1027,93.87,17.98,0.1332,0
user_0058,39,61.93,120.25,4.13,5.23,0.41,40,0.99,0.1045,93.77,18.19,0.1323,0
user_0058,40,61.69,119.58,4.0,5.19,0.42,39,1.0,0.1022,93.97,18.0,0.1327,0
user_0058,41,61.66,119.72,3.85,5.23,0.44,40,1.0,0.1048,93.93,17.8,0.1331,0
user_0058,42,61.56,119.84,4.0,5.24,0.42,39,1.0,0.1031,94.06,17.92,0.1325,0
user_0058,43,61.72,119.53,4.1,5.18,0.43,39,1.0,0.1058,93.9,18.02,0.1336,0
user_0058,44,61.88,119.14,3.96,5.2,0.43,39,1.0,0.1031,93.77,17.9,0.1327,0
user_0058,45,61.56,119.49,3.89,5.22,0.44,40,1.0,0.1039,93.92,17.96,0.1322,0
user_0058,46,61.89,119.94,3.99,5.2,0.42,39,1.0,0.104,93.92,18.24,0.1335,0
user_0058,47,61.73,119.74,3.92,5.23,0.43,39,1.0,0.1055,94.12,17.85,0.1307,0
user_0058,48,61.71,119.75,4.13,5.24,0.41,39,0.99,0.102,93.98,18.01,0.1335,0
user_0058,49,61.51,119.69,3.96,5.25,0.42,40,0.99,0.1061,94.1,17.93,0.1311,0
user_0058,50,61.76,119.49,4.09,5.22,0.44,39,0.99,0.1045,94.09,17.91,0.1323,0
user_0058,51,61.62,119.96,3.93,5.22,0.44,39,1.0,0.1034,94.0,18.04,0.1315,0
user_0058,52,61.71,119.23,4.07,5.26,0.42,39,1.01,0.1013,93.97,18.17,0.1312,0
user_0058,53,61.64,120.02,3.92,5.23,0.43,40,1.0,0.1063,93.88,17.85,0.1303,0
user_0058,54,61.56,119.86,3.94,5.21,0.43,39,1.0,0.1054,93.92,18.09,0.1315,0
user_0058,55,61.76,119.72,4.08,5.22,0.42,40,1.0,0.1046,93.91,18.01,0.1318,0
user_0058,56,61.63,119.51,4.08,5.26,0.43,40,0.99,0.1013,93.76,18.05,0.1301,0
user_0058,57,61.82,119.42,4.01,5.2,0.42,39,0.99,0.1023,94.14,18.13,0.1321,0
user_0058,58,61.67,119.55,4.01,5.2,0.42,40,0.99,0.1002,93.86,18.15,0.1303,0
user_0058,59,61.54,119.53,3.88,5.25,0.43,39,1.0,0.1039,93.89,17.98,0.1318,0
user_0059,0,62.25,118.62,3.98,2.79,0.29,40,0.99,0.1059,92.79,18.1,0.1721,0
user_0059,1,62.79,118.78,3.97,2.79,0.32,39,1.0,0.104,92.76,18.1,0.1698,0
user_0059,2,62.47,118.69,3.92,2.82,0.31,39,1.0,0.1031,92.68,18.09,0.1722,0
user_0059,3,62.73,118.84,3.97,2.79,0.31,40,1.0,0.1032,92.9,17.96,0.1725,0
user_0059,4,62.51,118.64,3.94,2.8,0.31,39,1.0,0.103,92.77,17.87,0.1717,0
user_0059,5,62.44,119.13,4.05,2.8,0.32,40,1.01,0.1023,92.83,18.05,0.1696,0
user_0059,6,62.7,118.44,3.9,2.73,0.31,39,1.0,0.1049,92.8,17.94,0.1696,0
user_0059,7,62.46,118.95,4.05,2.85,0.3,39,1.0,0.1039,92.78,17.93,0.1685,0
user_0059,8,62.33,118.87,4.02,2.83,0.31,40,1.0,0.1037,92.78,17.71,0.1705,0
user_0059,9,62.39,118.71,3.93,2.83,0.3,40,1.0,0.1027,92.71,17.95,0.1724,0
user_0059,10,62.43,118.66,3.94,2.8,0.31,39,1.0,0.1052,92.81,17.88,0.1711,0
user_0059,11,62.4,118.86,4.01,2.83,0.3,39,0.99,0.1036,92.63,18.03,0.1711,0
user_0059,12,62.5,118.93,4.02,2.77,0.3,39,1.0,0.1033,92.94,18.01,0.1716,0
user_0059,13,62.18,118.92,4.21,2.84,0.3,40,1.0,0.1041,92.75,17.97,0.1689,0
user_0059,14,54.6,138.66,8.49,4.31,1.2,58,0.86,0.2242,85.26,22.99,0.2714,1
user_0059,15,54.35,138.79,8.55,4.3,1.2,57,0.85,0.222,85.2,22.84,0.2712,1
user_0059,16,54.61,139.07,8.62,4.29,1.21,57,0.86,0.2256,85.3,22.94,0.2677,1
user_0059,17,54.26,138.27,8.39,4.35,1.19,57,0.85,0.2275,85.27,23.1,0.2714,1
user_0059,18,54.18,139.12,8.53,4.3,1.22,57,0.85,0.2231,85.39,23.08,0.2715,1
user_0059,19,54.32,138.64,8.42,4.33,1.19,58,0.86,0.2223,85.24,22.93,0.2716,1
user_0059,20,42.69,169.03,15.22,6.58,2.57,84,0.62,0.4059,74.14,30.62,0.4238,3
user_0059,21,42.56,168.82,15.35,6.6,2.55,84,0.62,0.4041,74.12,30.41,0.4223,3
user_0059,22,42.41,168.6,15.33,6.54,2.54,85,0.62,0.4054,74.11,30.33,0.4225,3
user_0059,23,42.76,168.99,15.33,6.55,2.55,85,0.63,0.405,73.99,30.45,0.4197,3
user_0059,24,42.58,168.64,15.23,6.6,2.56,85,0.63,0.4058,73.87,30.44,0.4209,3
user_0059,25,42.33,168.67,15.13,6.58,2.55,85,0.63,0.4045,73.78,30.55,0.4209,3
user_0059,26,42.54,168.44,15.28,6.58,2.56,84,0.62,0.4045,74.09,30.54,0.4211,3
user_0059,27,42.51,168.72,15.22,6.57,2.56,85,0.63,0.404,74.09,30.4,0.4211,3
user_0059,28,42.53,168.34,15.28,6.53,2.55,84,0.62,0.4016,74.12,30.52,0.4231,3
user_0059,29,42.52,168.88,15.19,6.52,2.56,84,0.63,0.4062,74.12,30.56,0.4214,3
user_0059,30,42.42,168.71,15.21,6.52,2.56,85,0.62,0.4057,74.15,30.54,0.4216,3
user_0059,31,42.45,168.74,15.22,6.55,2.56,85,0.63,0.4033,74.02,30.43,0.4206,3
user_0059,32,42.62,168.61,15.2,6.54,2.55,85,0.63,0.4032,74.03,30.52,0.4204,3
user_0059,33,42.27,169.07,15.32,6.56,2.57,85,0.62,0.4019,74.1,30.35,0.4212,3
user_0059,34,42.43,168.9,15.21,6.58,2.55,85,0.62,0.4045,73.93,30.5,0.4225,3
user_0059,35,42.5,169.03,15.25,6.54,2.56,85,0.62,0.4044,73.94,30.38,0.4217,3
user_0059,36,42.68,168.79,15.15,6.54,2.55,85,0.62,0.4044,74.13,30.53,0.4221,3
user_0059,37,42.44,169.56,15.29,6.57,2.57,85,0.62,0.4056,74.17,30.52,0.4229,3
user_0059,38,42.47,168.97,15.36,6.55,2.56,85,0.62,0.4024,74.16,30.53,0.4207,3
user_0059,39,42.49,168.86,15.13,6.57,2.56,85,0.62,0.4057,74.02,30.51,0.4215,3
user_0059,40,37.19,182.42,18.44,7.6,3.19,97,0.53,0.4884,68.9,33.97,0.4911,4
user_0059,41,36.73,183.23,18.39,7.59,3.19,97,0.52,0.4894,68.75,34.14,0.4906,4
user_0059,42,36.99,182.74,18.32,7.57,3.18,97,0.51,0.4881,68.8,33.83,0.4904,4
user_0059,43,36.76,182.75,18.51,7.63,3.18,97,0.51,0.4871,68.69,34.0,0.4912,4
user_0059,44,36.81,182.62,18.35,7.59,3.2,97,0.52,0.4891,68.87,34.14,0.4918,4
user_0059,45,36.91,182.59,18.34,7.62,3.18,97,0.51,0.4908,68.68,33.93,0.4924,4
user_0059,46,36.7,182.87,18.54,7.66,3.18,97,0.52,0.4876,68.91,33.86,0.4918,4
user_0059,47,36.85,183.08,18.5,7.59,3.18,97,0.52,0.4839,68.87,34.16,0.4914,4
user_0059,48,37.02,183.05,18.42,7.62,3.19,97,0.52,0.4879,68.97,33.91,0.4918,4
user_0059,49,36.93,183.1,18.52,7.58,3.18,97,0.52,0.487,68.81,33.91,0.4905,4
user_0059,50,36.76,182.86,18.4,7.6,3.18,97,0.53,0.4872,69.05,34.08,0.493,4
user_0059,51,37.03,182.77,18.36,7.58,3.2,97,0.52,0.4889,68.82,33.95,0.4922,4
user_0059,52,36.85,182.76,18.45,7.6,3.17,97,0.53,0.4849,68.68,34.2,0.4914,4
user_0059,53,36.88,182.63,18.32,7.6,3.2,97,0.52,0.4903,68.72,34.03,0.4922,4
user_0059,54,36.74,182.78,18.54,7.59,3.2,97,0.53,0.4852,68.79,33.85,0.4905,4
user_0059,55,36.77,182.67,18.31,7.6,3.19,97,0.52,0.4914,68.81,33.82,0.4898,4
user_0059,56,36.91,182.76,18.36,7.66,3.21,97,0.52,0.489,68.89,33.94,0.4931,4
user_0059,57,36.87,182.84,18.4,7.6,3.19,97,0.51,0.4873,68.69,34.05,0.4916,4
user_0059,58,36.88,183.1,18.4,7.57,3.18,97,0.51,0.4875,68.84,34.27,0.4924,4
user_0059,59,36.9,182.86,18.26,7.58,3.19,97,0.52,0.4877,68.78,34.01,0.4901,4
user_0060,0,58.11,102.69,4.01,3.49,0.42,40,1.0,0.098,95.08,17.91,0.1246,0
user_0060,1,58.39,102.63,3.93,3.54,0.42,40,1.01,0.0976,95.15,17.84,0.1231,0
user_0060,2,58.24,102.72,3.91,3.49,0.39,40,0.99,0.0957,95.1,18.07,0.1238,0
user_0060,3,58.06,102.6,4.05,3.51,0.39,40,1.0,0.0981,95.12,17.91,0.1229,0
user_0060,4,58.47,102.48,4.0,3.55,0.42,40,0.99,0.0993,95.12,17.98,0.1201,0
user_0060,5,58.14,102.54,3.97,3.46,0.43,39,0.99,0.096,95.31,18.0,0.1238,0
user_0060,6,58.07,102.39,4.07,3.54,0.43,40,1.0,0.0942,95.13,17.93,0.1235,0
user_0060,7,58.29,102.47,3.81,3.54,0.41,39,1.0,0.0956,95.19,18.03,0.1236,0
user_0060,8,58.13,102.59,4.17,3.54,0.43,40,1.01,0.0978,95.33,18.14,0.1242,0
user_0060,9,58.26,102.5,4.15,3.51,0.41,40,1.0,0.095,95.1,18.01,0.1236,0
user_0060,10,57.96,102.47,4.08,3.44,0.42,40,1.0,0.0961,95.15,18.06,0.1234,0
user_0060,11,58.43,102.71,4.06,3.51,0.44,39,0.99,0.0962,95.17,17.99,0.1254,0
user_0060,12,58.05,102.54,3.88,3.55,0.4,40,0.99,0.0943,95.1,17.89,0.1237,0
user_0060,13,57.98,102.82,4.1,3.55,0.4,39,1.0,0.0955,95.27,18.03,0.1225,0
user_0060,14,58.13,102.55,3.99,3.49,0.41,40,0.99,0.0974,95.22,17.91,0.124,0
user_0060,15,58.06,102.7,3.94,3.51,0.42,39,1.0,0.0954,95.31,17.93,0.1234,0
user_0060,16,57.85,102.39,4.05,3.52,0.42,39,1.0,0.0986,95.1,18.12,0.1226,0
user_0060,17,58.21,102.34,4.06,3.47,0.41,39,1.0,0.0953,95.18,17.87,0.1236,0
user_0060,18,58.22,102.17,4.02,3.51,0.42,40,1.0,0.0969,95.22,18.04,0.125,0
user_0060,19,58.37,102.53,3.95,3.54,0.44,39,1.0,0.0959,95.24,17.8,0.1229,0
user_0060,20,58.28,102.34,4.04,3.52,0.43,39,1.0,0.0992,95.14,17.93,0.1233,0
user_0060,21,58.21,102.3,3.97,3.54,0.43,39,1.01,0.0957,95.23,18.0,0.1244,0
user_0060,22,58.0,102.43,3.93,3.48,0.41,39,1.0,0.0958,95.17,17.82,0.1244,0
user_0060,23,57.91,102.58,4.1,3.54,0.41,39,1.0,0.0958,95.3,17.8,0.1236,0
user_0060,24,58.24,102.27,4.06,3.48,0.44,39,1.0,0.0948,95.16,17.93,0.1238,0
user_0060,25,58.21,102.54,4.01,3.48,0.41,40,1.0,0.0968,94.96,18.04,0.1246,0
user_0060,26,58.19,102.6,4.12,3.51,0.41,39,1.0,0.0978,95.32,18.11,0.1227,0
user_0060,27,58.18,102.73,3.91,3.53,0.43,40,1.0,0.0963,95.11,18.12,0.1235,0
user_0060,28,58.09,102.59,4.01,3.49,0.43,40,0.99,0.0946,95.32,18.08,0.1251,0
user_0060,29,58.45,102.75,3.91,3.51,0.42,40,1.0,0.0972,95.27,18.03,0.1239,0
user_0060,30,58.28,102.37,4.02,3.5,0.43,40,1.0,0.0975,95.33,18.04,0.1232,0
user_0060,31,58.01,102.07,4.08,3.47,0.41,40,1.0,0.0986,95.23,17.97,0.1232,0
user_0060,32,57.94,102.92,4.07,3.51,0.43,40,1.0,0.0963,95.2,17.85,0.1245,0
user_0060,33,58.14,102.83,4.06,3.51,0.43,39,0.99,0.0962,95.24,18.09,0.1236,0
user_0060,34,58.03,102.89,3.97,3.51,0.42,40,0.99,0.0954,95.24,18.16,0.1241,0
user_0060,35,58.24,102.06,4.08,3.53,0.43,40,1.0,0.0982,95.19,18.04,0.1232,0
user_0060,36,58.17,102.59,4.05,3.49,0.42,40,1.0,0.0966,95.07,18.06,0.1229,0
user_0060,37,57.96,102.63,4.03,3.52,0.42,40,1.01,0.0976,95.29,18.06,0.1243,0
user_0060,38,58.1,102.72,4.09,3.5,0.43,39,1.0,0.0949,95.27,18.12,0.1234,0
user_0060,39,57.97,102.57,3.93,3.51,0.43,40,0.99,0.0959,95.21,18.14,0.1233,0
user_0060,40,58.24,102.6,3.96,3.49,0.42,40,1.0,0.0961,95.13,18.13,0.1238,0
user_0060,41,58.37,101.89,4.07,3.48,0.41,39,1.0,0.0964,95.12,17.99,0.1234,0
user_0060,42,57.92,102.65,4.0,3.51,0.41,40,0.99,0.0956,95.15,17.99,0.1234,0
user_0060,43,58.31,102.28,4.05,3.55,0.41,40,1.01,0.0985,95.16,18.11,0.1243,0
user_0060,44,58.35,102.73,4.09,3.5,0.42,39,1.0,0.0959,95.01,18.0,0.1245,0
user_0060,45,58.03,103.03,4.03,3.53,0.42,39,1.0,0.0975,95.17,18.03,0.1235,0
user_0060,46,58.07,102.64,3.95,3.52,0.44,40,1.0,0.0969,95.31,17.99,0.124,0
user_0060,47,58.28,102.62,4.01,3.53,0.44,39,1.01,0.0942,95.24,17.78,0.1227,0
user_0060,48,58.01,102.97,3.98,3.5,0.42,39,1.0,0.0965,95.11,18.14,0.1248,0
user_0060,49,57.98,102.39,4.04,3.49,0.42,39,0.99,0.0956,95.2,18.02,0.1226,0
user_0060,50,58.0,102.25,4.07,3.56,0.42,39,1.0,0.0982,95.13,18.09,0.1245,0
user_0060,51,58.36,102.41,4.01,3.51,0.43,39,1.0,0.0968,95.29,18.08,0.1228,0
user_0060,52,58.21,102.39,4.0,3.55,0.42,39,1.0,0.0974,95.26,18.04,0.1227,0
user_0060,53,58.13,102.91,3.89,3.51,0.42,40,1.0,0.0941,95.25,17.9,0.1223,0
user_0060,54,58.18,102.46,3.94,3.49,0.41,40,1.0,0.0961,95.27,17.98,0.1232,0
user_0060,55,58.31,102.39,3.92,3.52,0.42,40,1.0,0.0973,95.05,17.81,0.1231,0
user_0060,56,58.26,102.87,4.04,3.48,0.41,40,1.0,0.0972,95.28,18.02,0.1233,0
user_0060,57,58.14,102.72,4.02,3.46,0.43,40,1.0,0.0985,95.11,17.89,0.124,0
user_0060,58,58.06,102.98,3.95,3.49,0.42,39,1.0,0.096,95.16,17.84,0.124,0
user_0060,59,58.1,102.52,3.91,3.47,0.42,40,1.01,0.095,95.12,18.02,0.1208,0
user_0061,0,55.55,116.93,4.06,3.77,0.09,39,0.99,0.0645,91.14,18.14,0.1175,0
user_0061,1,55.35,117.16,3.93,3.81,0.1,40,1.0,0.0633,91.42,17.96,0.118,0
user_0061,2,55.3,117.52,4.02,3.81,0.13,39,1.0,0.0648,91.06,18.08,0.1172,0
user_0061,3,55.46,117.47,3.99,3.79,0.11,39,1.0,0.0639,91.19,18.03,0.1185,0
user_0061,4,55.28,117.27,4.0,3.81,0.12,40,1.01,0.0623,91.17,18.11,0.1192,0
user_0061,5,55.09,117.23,3.99,3.86,0.09,39,1.01,0.0627,91.01,18.15,0.1162,0
user_0061,6,55.46,116.84,3.89,3.82,0.1,40,1.01,0.0632,91.3,18.03,0.1186,0
user_0061,7,54.96,117.39,4.04,3.81,0.13,39,0.99,0.0646,91.0,18.01,0.119,0
user_0061,8,55.39,117.16,3.97,3.85,0.1,40,1.01,0.0642,91.11,17.98,0.1172,0
user_0061,9,55.21,117.26,4.05,3.86,0.09,39,1.01,0.0635,91.15,18.05,0.1175,0
user_0061,10,55.61,117.35,3.97,3.81,0.11,39,1.01,0.0636,91.02,18.04,0.1191,0
user_0061,11,55.47,117.04,3.92,3.85,0.09,40,1.0,0.0654,91.03,17.92,0.1183,0
user_0061,12,55.43,117.57,4.04,3.82,0.12,39,1.0,0.0615,90.87,18.08,0.1191,0
user_0061,13,55.39,117.32,4.01,3.82,0.13,40,1.0,0.0651,91.26,18.07,0.1181,0
user_0061,14,45.76,140.86,9.28,5.64,1.18,61,0.81,0.2067,82.18,24.05,0.2385,1
user_0061,15,45.65,141.25,9.46,5.63,1.18,61,0.81,0.2074,82.08,24.15,0.2367,1
user_0061,16,45.73,141.12,9.36,5.63,1.19,62,0.81,0.2084,82.13,23.99,0.238,1
user_0061,17,45.86,141.29,9.48,5.62,1.18,61,0.83,0.2068,82.03,24.06,0.238,1
user_0061,18,45.6,141.17,9.39,5.62,1.2,61,0.82,0.2066,82.3,24.17,0.2368,1
user_0061,19,45.53,141.47,9.42,5.63,1.18,61,0.82,0.2079,82.01,23.99,0.2364,1
user_0061,20,45.63,141.2,9.44,5.63,1.2,61,0.83,0.2065,82.08,24.03,0.2373,2
user_0061,21,45.77,141.36,9.34,5.61,1.19,61,0.82,0.2067,82.04,23.91,0.2363,2
user_0061,22,45.61,141.62,9.45,5.65,1.18,61,0.82,0.2102,82.09,24.01,0.2361,2
user_0061,23,45.72,141.19,9.24,5.59,1.18,61,0.82,0.2082,82.07,24.11,0.2373,2
user_0061,24,45.76,141.35,9.52,5.6,1.19,61,0.83,0.2059,82.18,24.16,0.2365,2
user_0061,25,45.8,140.98,9.57,5.57,1.17,61,0.81,0.2082,82.32,24.12,0.2379,2
user_0061,26,45.71,141.07,9.43,5.61,1.19,61,0.81,0.2075,82.14,23.94,0.2369,2
user_0061,27,45.8,141.34,9.54,5.65,1.18,61,0.81,0.2047,82.36,24.15,0.237,2
user_0061,28,45.9,141.57,9.26,5.64,1.19,61,0.84,0.2098,82.12,24.14,0.2358,2
user_0061,29,45.79,141.36,9.45,5.6,1.19,61,0.81,0.207,82.05,24.07,0.2391,2
user_0061,30,45.62,140.95,9.41,5.59,1.19,61,0.82,0.2079,82.15,24.16,0.2379,2
user_0061,31,45.65,141.15,9.34,5.59,1.18,61,0.82,0.2079,82.11,24.0,0.2388,2
user_0061,32,45.74,141.0,9.36,5.64,1.19,61,0.82,0.2053,82.19,24.03,0.238,2
user_0061,33,45.5,141.07,9.33,5.63,1.19,61,0.82,0.2097,82.17,24.07,0.2371,2
user_0061,34,45.6,141.48,9.33,5.63,1.21,61,0.82,0.2054,82.15,24.1,0.2375,2
user_0061,35,45.86,141.32,9.42,5.61,1.18,61,0.82,0.2083,82.14,24.11,0.238,2
user_0061,36,51.24,127.02,6.2,4.57,0.56,48,0.93,0.1237,87.42,20.42,0.1666,1
user_0061,37,51.29,126.72,6.31,4.55,0.56,49,0.92,0.1217,87.54,20.35,0.1654,1
user_0061,38,51.44,126.86,6.34,4.58,0.56,48,0.92,0.1229,87.3,20.62,0.1669,1
user_0061,39,51.39,127.48,6.18,4.58,0.55,48,0.92,0.1224,87.4,20.38,0.1686,1
user_0061,40,51.15,126.91,6.23,4.56,0.56,49,0.92,0.1249,87.36,20.52,0.1699,1
user_0061,41,51.5,127.28,6.15,4.53,0.57,48,0.92,0.1217,87.43,20.61,0.1692,1
user_0061,42,51.24,127.39,6.24,4.59,0.56,48,0.93,0.1236,87.35,20.52,0.1669,1
user_0061,43,51.37,127.18,6.19,4.63,0.55,49,0.93,0.1219,87.35,20.37,0.1697,1
user_0061,44,51.27,127.18,6.4,4.55,0.57,49,0.92,0.1229,87.43,20.5,0.1677,1
user_0061,45,51.22,127.05,6.23,4.62,0.55,48,0.93,0.1212,87.43,20.37,0.1666,1
user_0061,46,51.14,126.82,6.35,4.58,0.57,49,0.92,0.1234,87.49,20.66,0.1664,1
user_0061,47,51.69,126.9,6.22,4.57,0.56,49,0.93,0.124,87.49,20.53,0.167,1
user_0061,48,51.38,127.24,6.19,4.6,0.56,48,0.92,0.1242,87.49,20.55,0.1682,1
user_0061,49,51.19,127.25,6.23,4.56,0.56,48,0.93,0.1219,87.26,20.42,0.1686,1
user_0061,50,51.36,126.78,6.29,4.56,0.56,48,0.92,0.1237,87.26,20.46,0.1673,1
user_0061,51,51.43,127.24,6.3,4.54,0.56,49,0.93,0.1217,87.3,20.55,0.1693,1
user_0061,52,51.35,126.95,6.17,4.57,0.56,48,0.92,0.1251,87.35,20.55,0.1659,1
user_0061,53,51.49,127.05,6.35,4.58,0.55,49,0.93,0.1225,87.55,20.54,0.169,1
user_0061,54,51.34,127.2,6.39,4.58,0.56,49,0.92,0.1236,87.51,20.48,0.1668,1
user_0061,55,51.17,127.24,6.19,4.53,0.55,49,0.92,0.1235,87.29,20.44,0.1671,1
user_0061,56,51.27,126.81,6.33,4.57,0.56,49,0.93,0.1226,87.45,20.56,0.168,1
user_0061,57,51.47,127.43,6.3,4.6,0.56,49,0.93,0.1232,87.44,20.44,0.1654,1
user_0061,58,51.4,126.84,6.2,4.59,0.57,49,0.91,0.1239,87.36,20.6,0.1692,1
user_0061,59,51.12,127.23,6.31,4.56,0.58,48,0.92,0.1218,87.4,20.2,0.1674,1
user_0062,0,70.22,100.86,4.08,2.7,0.43,40,1.0,0.1238,91.21,17.94,0.1719,0
user_0062,1,70.32,101.24,3.96,2.65,0.4,40,1.0,0.1278,91.43,18.08,0.1713,0
user_0062,2,70.19,101.16,4.1,2.68,0.42,40,1.0,0.127,91.1,18.22,0.1733,0
user_0062,3,70.12,100.93,4.0,2.69,0.41,40,1.0,0.1264,91.26,18.11,0.1733,0
user_0062,4,70.0,100.5,4.01,2.71,0.4,40,1.0,0.126,91.22,17.85,0.1732,0
user_0062,5,70.01,101.23,3.94,2.7,0.41,39,1.0,0.1261,91.38,18.12,0.1715,0
user_0062,6,69.98,101.09,4.03,2.71,0.43,40,1.01,0.1264,91.38,18.01,0.1717,0
user_0062,7,70.06,101.08,4.07,2.7,0.41,39,1.0,0.1234,91.33,18.03,0.1718,0
user_0062,8,70.33,101.43,3.84,2.67,0.42,40,0.99,0.1257,91.11,17.81,0.1741,0
user_0062,9,70.21,100.65,3.98,2.69,0.41,39,1.0,0.1257,91.22,17.93,0.1724,0
user_0062,10,70.05,100.87,4.01,2.71,0.41,40,1.0,0.1281,91.26,18.07,0.1734,0
user_0062,11,70.02,100.94,4.09,2.72,0.41,39,0.99,0.1244,91.21,17.92,0.1701,0
user_0062,12,69.95,100.81,4.01,2.7,0.41,40,0.99,0.1266,91.36,18.0,0.1715,0
user_0062,13,70.36,100.78,4.07,2.68,0.42,40,1.0,0.1254,91.33,18.0,0.171,0
user_0062,14,62.32,120.97,8.51,4.17,1.31,58,0.86,0.2449,83.75,22.93,0.2713,1
user_0062,15,62.42,120.77,8.47,4.24,1.32,58,0.86,0.2454,83.85,22.9,0.2719,1
user_0062,16,62.01,121.39,8.39,4.2,1.3,58,0.85,0.245,83.67,23.14,0.2711,1
user_0062,17,62.09,121.03,8.54,4.2,1.33,58,0.86,0.2437,83.84,22.93,0.2718,1
user_0062,18,61.95,121.38,8.6,4.24,1.32,58,0.85,0.2476,83.79,23.06,0.2728,1
user_0062,19,61.88,121.0,8.48,4.2,1.3,58,0.85,0.2435,83.79,22.98,0.2732,1
user_0062,20,50.24,150.84,15.32,6.45,2.66,84,0.63,0.4265,72.51,30.66,0.4229,3
user_0062,21,50.03,151.1,15.15,6.43,2.64,84,0.62,0.4247,72.56,30.41,0.4228,3
user_0062,22,50.12,151.11,15.01,6.46,2.67,84,0.63,0.4239,72.69,30.37,0.4241,3
user_0062,23,50.35,151.06,15.14,6.44,2.67,85,0.62,0.4267,72.53,30.53,0.423,3
user_0062,24,50.28,151.3,15.3,6.44,2.66,85,0.62,0.4233,72.59,30.49,0.4203,3
user_0062,25,50.26,151.15,15.45,6.46,2.68,85,0.62,0.4251,72.53,30.49,0.4211,3
user_0062,26,50.27,150.95,15.34,6.48,2.66,84,0.62,0.4251,72.57,30.46,0.4216,3
user_0062,27,50.19,151.29,15.27,6.45,2.66,84,0.62,0.4231,72.48,30.41,0.4211,3
user_0062,28,50.0,151.61,15.25,6.49,2.67,85,0.63,0.4282,72.58,30.32,0.4218,3
user_0062,29,49.99,150.68,15.28,6.4,2.66,84,0.62,0.4262,72.47,30.38,0.4216,3
user_0062,30,50.24,151.11,15.24,6.43,2.66,85,0.62,0.4254,72.5,30.39,0.424,3
user_0062,31,50.27,151.1,15.24,6.49,2.65,85,0.63,0.4246,72.51,30.63,0.4201,3
user_0062,32,50.4,151.29,15.25,6.45,2.66,85,0.63,0.4258,72.57,30.5,0.4201,3
user_0062,33,49.9,151.31,15.29,6.48,2.67,85,0.63,0.4238,72.6,30.55,0.4233,3
user_0062,34,49.61,151.63,15.31,6.46,2.65,84,0.63,0.4275,72.69,30.56,0.4227,3
user_0062,35,50.18,150.78,15.19,6.48,2.67,84,0.62,0.426,72.51,30.42,0.4223,3
user_0062,36,50.25,150.76,15.22,6.47,2.68,85,0.62,0.4238,72.54,30.5,0.4198,3
user_0062,37,49.9,150.46,15.25,6.48,2.67,84,0.62,0.4231,72.55,30.59,0.4231,3
user_0062,38,50.05,151.06,15.19,6.46,2.66,84,0.62,0.4205,72.5,30.53,0.4222,3
user_0062,39,49.93,150.47,15.24,6.43,2.66,84,0.62,0.4268,72.58,30.5,0.4229,3
user_0062,40,44.55,164.94,18.52,7.55,3.28,97,0.52,0.5103,67.18,34.13,0.4911,4
user_0062,41,44.53,164.75,18.36,7.48,3.28,97,0.52,0.512,67.27,33.92,0.4915,4
user_0062,42,44.53,165.11,18.37,7.47,3.3,97,0.52,0.5113,67.24,34.1,0.491,4
user_0062,43,44.91,164.59,18.32,7.56,3.27,97,0.52,0.5091,67.31,33.98,0.4927,4
user_0062,44,44.76,164.89,18.27,7.49,3.29,97,0.52,0.5118,67.31,33.96,0.4913,4
user_0062,45,44.52,165.25,18.35,7.52,3.28,97,0.51,0.5082,67.44,34.03,0.4918,4
user_0062,46,44.59,165.16,18.42,7.51,3.28,97,0.52,0.5071,67.33,34.1,0.491,4
user_0062,47,44.45,164.99,18.33,7.48,3.29,97,0.52,0.5092,67.14,34.17,0.4917,4
user_0062,48,44.54,164.9,18.4,7.48,3.28,97,0.53,0.5099,67.41,33.94,0.4912,4
user_0062,49,44.47,165.16,18.48,7.5,3.28,97,0.53,0.5098,67.43,33.81,0.4911,4
user_0062,50,44.55,164.77,18.47,7.48,3.31,97,0.53,0.5078,67.05,34.01,0.4927,4
user_0062,51,44.4,165.43,18.5,7.5,3.29,97,0.52,0.5103,67.12,34.17,0.4932,4
user_0062,52,44.39,165.4,18.54,7.46,3.3,97,0.52,0.5108,67.31,34.05,0.4901,4
user_0062,53,44.45,165.35,18.35,7.5,3.28,97,0.52,0.5088,67.11,33.92,0.4934,4
user_0062,54,44.71,165.04,18.43,7.49,3.31,97,0.51,0.5065,67.11,33.92,0.4936,4
user_0062,55,44.95,165.3,18.27,7.48,3.28,97,0.52,0.51,67.26,34.09,0.4926,4
user_0062,56,44.75,164.85,18.47,7.49,3.29,97,0.52,0.511,67.41,34.04,0.4918,4
user_0062,57,44.55,165.41,18.34,7.52,3.3,97,0.52,0.5124,67.28,33.97,0.4922,4
user_0062,58,44.63,165.37,18.49,7.51,3.27,97,0.52,0.5081,67.39,34.08,0.4918,4
user_0062,59,44.43,164.99,18.42,7.47,3.3,97,0.52,0.5093,67.43,33.93,0.4916,4
user_0063,0,60.55,109.19,3.98,3.87,0.14,39,1.0,0.0937,93.58,17.88,0.0981,0
user_0063,1,60.59,108.84,4.07,3.9,0.15,39,0.99,0.0919,93.73,17.97,0.0971,0
user_0063,2,60.75,108.78,3.94,3.89,0.14,40,1.0,0.094,93.81,17.83,0.0959,0
user_0063,3,60.67,109.47,4.05,3.88,0.14,39,0.99,0.0928,93.97,17.95,0.0988,0
user_0063,4,60.37,108.82,4.07,3.89,0.16,40,1.0,0.0944,93.67,17.91,0.0986,0
user_0063,5,60.27,109.2,4.09,3.93,0.14,40,0.99,0.0914,93.78,18.04,0.0965,0
user_0063,6,60.78,108.73,4.0,3.9,0.12,40,1.0,0.0925,93.79,17.85,0.0965,0
user_0063,7,60.73,109.18,3.8,3.89,0.14,40,0.99,0.0923,93.68,18.02,0.098,0
user_0063,8,60.56,109.55,4.16,3.87,0.14,40,1.0,0.0883,93.74,18.12,0.0961,0
user_0063,9,60.53,108.72,4.07,3.9,0.14,39,0.99,0.0939,93.68,18.05,0.0966,0
user_0063,10,60.83,109.59,4.16,3.95,0.14,39,1.01,0.0922,93.84,17.94,0.0969,0
user_0063,11,60.62,108.71,4.06,3.91,0.14,40,1.0,0.0927,93.83,17.92,0.1002,0
user_0063,12,60.47,109.17,4.15,3.85,0.16,40,1.0,0.0907,93.63,17.97,0.0978,0
user_0063,13,60.59,109.27,3.96,3.93,0.17,40,1.0,0.0931,93.82,18.16,0.0972,0
user_0063,14,50.75,133.48,9.43,5.67,1.23,62,0.82,0.235,84.76,24.07,0.2175,1
user_0063,15,51.07,133.27,9.48,5.68,1.21,61,0.81,0.237,84.56,23.95,0.2173,1
user_0063,16,50.74,133.12,9.4,5.73,1.21,61,0.82,0.2364,84.71,23.89,0.2194,1
user_0063,17,50.91,133.12,9.56,5.7,1.25,61,0.82,0.2343,84.75,23.99,0.2171,1
user_0063,18,50.91,133.1,9.39,5.68,1.24,61,0.82,0.2346,84.68,23.93,0.2174,1
user_0063,19,50.93,132.92,9.37,5.67,1.21,61,0.81,0.2365,84.93,24.12,0.218,1
user_0063,20,50.9,133.39,9.43,5.73,1.22,61,0.82,0.2392,84.74,23.84,0.2176,2
user_0063,21,51.01,133.61,9.33,5.65,1.23,61,0.81,0.2359,84.73,24.08,0.2171,2
user_0063,22,50.83,133.23,9.3,5.75,1.23,61,0.81,0.2348,84.82,23.9,0.2173,2
user_0063,23,50.65,133.34,9.44,5.69,1.22,61,0.82,0.2376,84.64,24.04,0.2177,2
user_0063,24,51.08,133.21,9.39,5.68,1.24,61,0.82,0.2364,84.74,23.97,0.2175,2
user_0063,25,50.97,133.0,9.41,5.71,1.21,61,0.82,0.2352,84.64,23.92,0.2177,2
user_0063,26,50.89,133.55,9.37,5.68,1.23,61,0.82,0.2352,84.46,24.06,0.2185,2
user_0063,27,51.04,133.67,9.51,5.69,1.23,61,0.82,0.2353,84.73,24.03,0.2191,2
user_0063,28,51.01,133.01,9.32,5.71,1.23,61,0.82,0.2371,84.84,23.86,0.2178,2
user_0063,29,51.04,133.33,9.39,5.76,1.24,61,0.82,0.2374,84.75,24.13,0.2163,2
user_0063,30,50.86,133.37,9.48,5.66,1.21,61,0.82,0.2345,84.81,24.02,0.2174,2
user_0063,31,50.9,133.5,9.32,5.65,1.23,61,0.81,0.2372,84.56,23.91,0.2152,2
user_0063,32,50.94,133.59,9.36,5.68,1.24,61,0.83,0.2366,84.78,24.14,0.2174,2
user_0063,33,50.94,132.6,9.53,5.71,1.22,61,0.81,0.2356,84.81,24.0,0.218,2
user_0063,34,50.94,133.36,9.3,5.73,1.22,61,0.82,0.236,84.78,24.07,0.2184,2
user_0063,35,50.96,133.05,9.43,5.7,1.22,61,0.81,0.2333,84.88,23.99,0.218,2
user_0063,36,56.37,119.52,6.28,4.64,0.6,48,0.93,0.1546,90.04,20.52,0.1472,1
user_0063,37,56.66,119.51,6.22,4.66,0.59,49,0.92,0.1541,90.07,20.62,0.1464,1
user_0063,38,56.34,119.72,6.34,4.63,0.6,48,0.92,0.1492,90.01,20.66,0.1491,1
user_0063,39,56.69,119.41,6.27,4.68,0.57,49,0.92,0.151,90.08,20.59,0.1469,1
user_0063,40,56.6,119.34,6.23,4.65,0.61,48,0.92,0.1526,89.99,20.58,0.149,1
user_0063,41,56.46,118.99,6.4,4.65,0.58,49,0.93,0.1548,90.15,20.76,0.1465,1
user_0063,42,56.38,119.08,6.21,4.65,0.59,48,0.92,0.1519,90.12,20.44,0.1483,1
user_0063,43,56.3,118.4,6.24,4.63,0.58,48,0.92,0.1509,89.92,20.36,0.1454,1
user_0063,44,56.17,119.82,6.25,4.69,0.59,48,0.93,0.1533,89.88,20.46,0.1478,1
user_0063,45,56.21,119.53,6.33,4.6,0.58,49,0.93,0.1547,89.95,20.73,0.1475,1
user_0063,46,56.47,119.34,6.27,4.65,0.61,49,0.92,0.1511,90.16,20.57,0.146,1
user_0063,47,56.26,119.21,6.3,4.63,0.58,48,0.93,0.1531,90.11,20.62,0.1469,1
user_0063,48,56.44,119.16,6.28,4.68,0.61,49,0.93,0.1553,89.99,20.62,0.1481,1
user_0063,49,56.59,119.15,6.15,4.66,0.6,48,0.92,0.1511,89.92,20.45,0.1462,1
user_0063,50,56.41,119.38,6.36,4.7,0.59,49,0.93,0.152,90.05,20.61,0.147,1
user_0063,51,56.42,119.1,6.2,4.68,0.58,48,0.93,0.1527,89.97,20.67,0.1469,1
user_0063,52,56.47,118.72,6.23,4.61,0.58,48,0.92,0.1523,89.98,20.46,0.1472,1
user_0063,53,56.42,119.19,6.24,4.65,0.59,48,0.93,0.1533,90.01,20.62,0.1476,1
user_0063,54,56.48,119.18,6.26,4.62,0.57,49,0.93,0.1509,90.12,20.34,0.147,1
user_0063,55,56.76,119.29,6.23,4.65,0.6,48,0.93,0.1517,90.08,20.44,0.1492,1
user_0063,56,56.5,118.87,6.29,4.68,0.6,49,0.93,0.1518,90.07,20.54,0.1446,1
user_0063,57,56.35,119.25,6.26,4.65,0.59,49,0.93,0.1489,90.2,20.31,0.1485,1
user_0063,58,56.27,119.56,6.23,4.66,0.57,49,0.93,0.1533,90.1,20.52,0.1473,1
user_0063,59,56.38,119.09,6.34,4.63,0.57,48,0.93,0.1519,90.07,20.3,0.1446,1
user_0064,0,62.14,124.83,3.84,2.61,0.36,39,1.0,0.1244,93.9,18.13,0.1477,0
user_0064,1,61.96,125.22,3.94,2.62,0.35,40,1.0,0.1244,94.13,18.03,0.1464,0
user_0064,2,62.22,124.91,3.98,2.65,0.36,39,1.0,0.1265,93.77,18.04,0.147,0
user_0064,3,62.05,125.12,3.93,2.6,0.36,39,1.0,0.1204,93.82,18.03,0.1481,0
user_0064,4,62.01,125.45,4.1,2.65,0.36,40,1.0,0.1231,94.06,17.88,0.1474,0
user_0064,5,62.18,125.22,4.04,2.6,0.34,40,1.01,0.1224,93.96,18.03,0.1465,0
user_0064,6,62.21,125.22,4.12,2.64,0.35,40,1.0,0.1232,93.95,17.95,0.1481,0
user_0064,7,62.27,125.12,3.97,2.64,0.35,39,0.99,0.1236,94.08,17.95,0.1481,0
user_0064,8,62.2,125.16,3.96,2.61,0.36,39,1.0,0.1242,94.23,18.07,0.1464,0
user_0064,9,62.11,124.99,4.02,2.66,0.35,40,1.0,0.122,93.98,17.96,0.147,0
user_0064,10,61.78,124.87,3.84,2.6,0.35,40,1.0,0.1206,93.93,17.87,0.1468,0
user_0064,11,62.13,124.64,3.97,2.58,0.35,39,0.99,0.1216,94.17,18.03,0.1463,0
user_0064,12,62.06,124.75,4.02,2.63,0.36,40,1.01,0.1251,93.97,17.86,0.1467,0
user_0064,13,62.11,125.15,3.96,2.6,0.36,40,1.01,0.1256,93.95,17.92,0.1478,0
user_0064,14,54.3,144.98,8.46,4.12,1.25,57,0.85,0.2457,86.58,22.98,0.247,1
user_0064,15,54.27,145.18,8.62,4.15,1.26,57,0.84,0.2454,86.6,23.14,0.2458,1
user_0064,16,54.17,144.88,8.49,4.09,1.25,57,0.85,0.2449,86.65,22.99,0.2466,1
user_0064,17,54.17,145.12,8.42,4.1,1.28,58,0.85,0.2447,86.54,23.13,0.2493,1
user_0064,18,54.2,145.08,8.58,4.13,1.24,58,0.85,0.2426,86.36,22.75,0.2457,1
user_0064,19,54.13,145.35,8.46,4.11,1.25,57,0.85,0.2454,86.46,22.95,0.247,1
user_0064,20,42.21,175.76,15.38,6.39,2.6,84,0.62,0.4241,75.27,30.56,0.3951,3
user_0064,21,41.98,175.41,15.17,6.36,2.6,85,0.63,0.4234,75.2,30.43,0.3958,3
user_0064,22,41.99,175.49,15.36,6.37,2.6,85,0.62,0.4248,75.13,30.52,0.3966,3
user_0064,23,42.18,175.37,15.2,6.35,2.6,85,0.63,0.4237,75.36,30.55,0.3994,3
user_0064,24,41.95,175.04,15.15,6.35,2.62,84,0.63,0.4221,75.23,30.38,0.3977,3
user_0064,25,42.14,175.36,15.31,6.38,2.6,84,0.63,0.4237,75.31,30.57,0.3964,3
user_0064,26,42.0,175.07,15.23,6.34,2.59,85,0.63,0.4238,75.37,30.49,0.3977,3
user_0064,27,42.11,175.06,15.49,6.36,2.61,85,0.63,0.4237,75.44,30.46,0.3966,3
user_0064,28,42.24,175.35,15.16,6.36,2.6,85,0.63,0.424,75.36,30.32,0.3958,3
user_0064,29,42.11,175.31,15.23,6.37,2.61,84,0.63,0.424,75.49,30.52,0.3967,3
user_0064,30,42.13,175.32,15.24,6.31,2.6,84,0.63,0.4221,75.25,30.35,0.3969,3
user_0064,31,42.14,174.92,15.25,6.34,2.6,84,0.63,0.4236,75.22,30.46,0.3973,3
user_0064,32,42.36,175.01,15.29,6.42,2.61,85,0.62,0.4243,75.28,30.68,0.3958,3
user_0064,33,42.44,175.33,15.32,6.35,2.59,85,0.61,0.4215,75.32,30.62,0.3992,3
user_0064,34,42.06,174.83,15.19,6.39,2.6,84,0.63,0.4223,75.32,30.57,0.3967,3
user_0064,35,42.16,174.97,15.24,6.35,2.57,84,0.62,0.4225,75.15,30.6,0.3981,3
user_0064,36,42.16,174.97,15.27,6.41,2.62,84,0.62,0.4243,75.06,30.53,0.3973,3
user_0064,37,42.09,175.49,15.26,6.4,2.61,84,0.62,0.4233,75.28,30.53,0.3987,3
user_0064,38,42.02,174.99,15.32,6.4,2.6,84,0.62,0.4224,75.24,30.56,0.3974,3
user_0064,39,42.1,175.13,15.18,6.4,2.59,85,0.63,0.424,75.24,30.39,0.397,3
user_0064,40,36.81,189.03,18.38,7.39,3.24,97,0.52,0.5074,69.86,34.01,0.4675,4
user_0064,41,36.17,189.04,18.53,7.43,3.24,97,0.52,0.5073,69.83,34.27,0.4678,4
user_0064,42,36.64,189.31,18.48,7.45,3.23,97,0.52,0.508,70.0,34.1,0.4691,4
user_0064,43,36.37,189.17,18.32,7.44,3.22,97,0.52,0.5094,69.84,34.04,0.467,4
user_0064,44,36.73,188.95,18.43,7.43,3.22,97,0.52,0.5052,70.15,33.96,0.4675,4
user_0064,45,36.35,189.06,18.44,7.43,3.22,97,0.51,0.5054,69.98,33.76,0.4662,4
user_0064,46,36.44,189.43,18.35,7.42,3.21,97,0.52,0.5062,70.08,34.08,0.4665,4
user_0064,47,36.22,188.78,18.52,7.43,3.22,97,0.52,0.5078,70.23,34.09,0.4667,4
user_0064,48,36.57,189.18,18.46,7.41,3.25,97,0.52,0.5078,70.0,34.02,0.4678,4
user_0064,49,36.46,189.15,18.45,7.44,3.24,97,0.52,0.5049,69.89,33.87,0.466,4
user_0064,50,36.36,189.31,18.5,7.45,3.22,97,0.52,0.5067,70.12,33.86,0.4673,4
user_0064,51,36.32,189.17,18.37,7.4,3.23,97,0.51,0.5069,69.97,33.86,0.4661,4
user_0064,52,36.73,188.72,18.36,7.44,3.23,97,0.52,0.5047,70.06,33.91,0.4645,4
user_0064,53,36.84,189.06,18.46,7.46,3.22,97,0.52,0.5068,70.11,34.13,0.4669,4
user_0064,54,36.59,189.26,18.42,7.42,3.21,97,0.52,0.5064,70.01,34.04,0.4675,4
user_0064,55,36.53,188.8,18.49,7.43,3.23,97,0.52,0.5115,69.97,33.95,0.467,4
user_0064,56,36.5,188.96,18.56,7.43,3.22,97,0.53,0.5082,69.96,33.96,0.4677,4
user_0064,57,36.39,189.01,18.45,7.41,3.25,97,0.52,0.5079,69.78,33.93,0.4676,4
user_0064,58,36.4,188.98,18.37,7.46,3.24,97,0.52,0.5091,70.01,34.1,0.4677,4
user_0064,59,36.02,189.31,18.41,7.44,3.21,97,0.52,0.5059,70.12,34.07,0.4666,4
user_0065,0,74.4,119.18,3.87,5.11,0.2,39,1.0,0.1085,96.81,17.78,0.1554,0
user_0065,1,74.33,118.62,4.12,5.14,0.22,39,0.99,0.1098,96.6,18.07,0.1572,0
user_0065,2,74.36,118.47,3.91,5.09,0.22,40,1.0,0.1102,96.68,18.0,0.1556,0
user_0065,3,74.5,118.53,3.91,5.1,0.21,40,1.0,0.1096,96.78,17.86,0.1573,0
user_0065,4,74.18,119.06,4.02,5.08,0.2,39,1.0,0.1099,96.83,18.01,0.1558,0
user_0065,5,74.56,118.62,3.99,5.1,0.22,39,1.0,0.1101,96.58,18.01,0.155,0
user_0065,6,74.59,119.04,3.96,5.12,0.22,39,1.0,0.1115,96.67,18.13,0.1554,0
user_0065,7,74.3,118.66,3.89,5.09,0.21,40,1.01,0.1097,96.81,17.96,0.1541,0
user_0065,8,74.59,118.79,3.93,5.08,0.23,39,1.0,0.1091,96.74,18.1,0.1546,0
user_0065,9,74.34,119.06,4.0,5.11,0.23,39,1.0,0.1105,96.83,18.15,0.1556,0
user_0065,10,74.62,118.71,4.01,5.07,0.22,39,1.0,0.1115,96.76,18.01,0.1553,0
user_0065,11,74.43,118.47,4.06,5.06,0.2,40,1.0,0.1096,96.71,18.2,0.1556,0
user_0065,12,74.55,119.21,4.0,5.14,0.2,39,1.0,0.1104,96.86,17.94,0.1565,0
user_0065,13,74.85,119.09,3.97,5.12,0.22,39,1.0,0.1089,96.7,17.86,0.1538,0
user_0065,14,64.87,142.78,9.32,6.91,1.3,61,0.82,0.2556,87.75,23.97,0.2757,1
user_0065,15,65.26,142.94,9.41,6.89,1.29,61,0.83,0.2543,87.56,23.99,0.2768,1
user_0065,16,64.84,142.49,9.43,6.91,1.29,61,0.82,0.2519,87.63,23.99,0.2763,1
user_0065,17,64.85,142.84,9.49,6.89,1.33,61,0.82,0.2533,87.63,24.17,0.2757,1
user_0065,18,64.69,142.27,9.41,6.9,1.29,61,0.81,0.2524,87.65,24.07,0.2754,1
user_0065,19,65.07,142.85,9.44,6.92,1.28,61,0.83,0.2507,87.66,24.05,0.2736,1
user_0065,20,64.8,143.2,9.41,6.88,1.3,61,0.83,0.2521,87.63,23.85,0.2752,2
user_0065,21,64.88,143.0,9.32,6.91,1.3,61,0.82,0.2524,87.85,24.05,0.2757,2
user_0065,22,64.27,142.22,9.45,6.92,1.29,61,0.82,0.2538,87.65,24.08,0.2766,2
user_0065,23,64.77,142.4,9.34,6.9,1.3,61,0.82,0.2541,87.71,24.16,0.2755,2
user_0065,24,65.0,142.78,9.39,6.89,1.31,61,0.82,0.2525,87.73,23.95,0.2759,2
user_0065,25,64.94,142.59,9.3,6.87,1.29,61,0.82,0.2568,87.63,23.96,0.2749,2
user_0065,26,65.04,142.8,9.4,6.87,1.29,61,0.82,0.2535,87.75,23.88,0.2758,2
user_0065,27,64.95,142.46,9.35,6.92,1.29,62,0.82,0.2535,87.66,24.08,0.2751,2
user_0065,28,64.85,143.06,9.36,6.9,1.29,61,0.82,0.2561,87.59,23.86,0.2753,2
user_0065,29,64.82,142.69,9.44,6.95,1.29,61,0.82,0.2541,87.59,24.02,0.2757,2
user_0065,30,64.95,142.9,9.39,6.91,1.28,61,0.82,0.2521,87.69,23.97,0.2751,2
user_0065,31,65.04,142.72,9.32,6.88,1.31,61,0.83,0.2548,87.65,24.14,0.277,2
user_0065,32,64.64,142.71,9.36,6.89,1.29,61,0.82,0.2518,87.69,23.87,0.2768,2
user_0065,33,64.91,142.88,9.41,6.89,1.3,61,0.82,0.2497,87.61,23.88,0.2765,2
user_0065,34,64.88,142.9,9.4,6.9,1.3,61,0.82,0.2552,87.79,23.98,0.2754,2
user_0065,35,64.85,143.02,9.33,6.88,1.3,61,0.82,0.2553,87.75,23.96,0.2763,2
user_0065,36,70.82,128.78,6.36,5.87,0.67,49,0.93,0.1684,92.67,20.42,0.2034,1
user_0065,37,70.4,128.27,6.32,5.82,0.67,49,0.93,0.1668,93.05,20.54,0.2063,1
user_0065,38,70.78,128.9,6.16,5.86,0.65,48,0.92,0.1696,92.78,20.36,0.2051,1
user_0065,39,70.48,128.59,6.36,5.86,0.67,48,0.92,0.1696,93.12,20.52,0.2066,1
user_0065,40,70.7,128.84,6.27,5.82,0.67,48,0.93,0.1674,92.88,20.54,0.2048,1
user_0065,41,70.37,128.5,6.23,5.79,0.66,49,0.93,0.1702,92.75,20.46,0.2054,1
user_0065,42,70.58,128.98,6.32,5.83,0.66,49,0.92,0.1679,92.91,20.63,0.2046,1
user_0065,43,70.45,128.48,6.32,5.86,0.68,49,0.92,0.1684,92.89,20.51,0.206,1
user_0065,44,70.44,128.53,6.32,5.86,0.67,48,0.93,0.1698,92.92,20.42,0.2049,1
user_0065,45,70.38,128.2,6.19,5.81,0.67,48,0.93,0.1671,93.05,20.58,0.2045,1
user_0065,46,70.5,128.48,6.29,5.89,0.68,48,0.93,0.1718,92.99,20.6,0.2062,1
user_0065,47,70.52,128.68,6.16,5.83,0.66,48,0.93,0.1694,92.96,20.57,0.2051,1
user_0065,48,70.62,128.98,6.28,5.83,0.68,49,0.93,0.1719,93.01,20.66,0.2054,1
user_0065,49,70.45,128.99,6.18,5.9,0.68,49,0.93,0.1706,92.81,20.42,0.2058,1
user_0065,50,70.53,129.03,6.27,5.82,0.66,49,0.92,0.1674,92.9,20.59,0.2053,1
user_0065,51,70.58,128.7,6.24,5.83,0.68,48,0.92,0.1713,92.86,20.34,0.2034,1
user_0065,52,70.61,128.88,6.22,5.82,0.67,49,0.92,0.1711,92.77,20.39,0.2056,1
user_0065,53,70.65,129.07,6.32,5.89,0.67,48,0.93,0.1716,93.03,20.56,0.2069,1
user_0065,54,70.56,128.69,6.3,5.86,0.68,48,0.93,0.1708,92.96,20.42,0.2068,1
user_0065,55,70.33,128.46,6.26,5.79,0.68,49,0.93,0.1723,92.92,20.63,0.2045,1
user_0065,56,70.58,128.58,6.3,5.87,0.67,49,0.93,0.1698,93.19,20.49,0.2072,1
user_0065,57,70.68,128.23,6.36,5.87,0.67,49,0.93,0.1716,92.89,20.66,0.2044,1
user_0065,58,70.25,128.85,6.34,5.84,0.65,48,0.93,0.1695,93.06,20.51,0.2048,1
user_0065,59,70.56,128.95,6.35,5.85,0.67,49,0.92,0.1707,92.91,20.49,0.2055,1
user_0066,0,60.88,134.46,4.04,3.66,0.25,40,1.0,0.1271,95.07,17.95,0.1434,0
user_0066,1,60.96,134.42,3.98,3.62,0.26,40,1.0,0.1278,94.84,17.98,0.1433,0
user_0066,2,60.98,133.85,3.91,3.6,0.26,40,0.99,0.1296,94.93,18.18,0.1454,0
user_0066,3,61.2,134.31,4.04,3.61,0.25,39,1.0,0.1278,94.97,17.89,0.1433,0
user_0066,4,60.92,133.79,3.94,3.61,0.26,39,1.0,0.1277,94.52,17.96,0.1431,0
user_0066,5,60.97,134.19,4.07,3.65,0.27,39,1.0,0.1281,94.95,18.03,0.1423,0
user_0066,6,61.2,133.86,3.96,3.63,0.27,40,1.0,0.1271,95.0,17.9,0.1425,0
user_0066,7,60.89,134.12,3.92,3.64,0.26,40,1.0,0.1293,94.79,17.93,0.1429,0
user_0066,8,61.03,134.05,4.04,3.68,0.26,39,1.0,0.128,94.92,18.05,0.1433,0
user_0066,9,60.95,134.16,3.96,3.61,0.24,39,1.01,0.1252,94.67,18.01,0.1438,0
user_0066,10,60.83,134.19,3.99,3.61,0.26,39,1.01,0.1261,94.88,18.01,0.1429,0
user_0066,11,60.96,134.3,3.97,3.59,0.25,40,1.0,0.1284,94.97,17.94,0.1429,0
user_0066,12,61.01,134.41,4.0,3.64,0.25,40,1.0,0.1314,94.91,17.94,0.1428,0
user_0066,13,61.07,134.19,3.97,3.62,0.26,39,1.0,0.1309,95.01,17.92,0.1449,0
user_0066,14,52.92,154.24,8.6,5.1,1.15,58,0.85,0.2484,87.25,23.13,0.2433,1
user_0066,15,53.14,154.43,8.37,5.13,1.14,58,0.86,0.2488,87.38,23.06,0.2435,1
user_0066,16,53.0,154.31,8.48,5.13,1.15,58,0.85,0.2494,87.28,22.96,0.2425,1
user_0066,17,53.12,154.51,8.44,5.1,1.17,57,0.86,0.2473,87.46,22.85,0.242,1
user_0066,18,52.89,153.99,8.56,5.12,1.17,58,0.85,0.2488,87.51,22.91,0.2436,1
user_0066,19,52.93,153.9,8.48,5.1,1.17,57,0.85,0.2497,87.34,22.8,0.2435,1
user_0066,20,40.97,183.98,15.34,7.41,2.5,84,0.61,0.4265,76.06,30.61,0.3935,3
user_0066,21,41.2,184.31,15.25,7.38,2.51,84,0.63,0.4295,76.16,30.44,0.3944,3
user_0066,22,41.24,183.82,15.1,7.36,2.5,84,0.62,0.4311,76.19,30.58,0.3943,3
user_0066,23,41.15,184.1,15.34,7.35,2.49,85,0.63,0.4283,76.09,30.56,0.3919,3
user_0066,24,41.0,184.2,15.2,7.4,2.51,84,0.63,0.4292,76.07,30.63,0.393,3
user_0066,25,40.54,184.21,15.11,7.43,2.51,85,0.63,0.4263,76.18,30.4,0.3926,3
user_0066,26,41.1,184.0,15.11,7.39,2.52,84,0.62,0.4286,76.33,30.67,0.3941,3
user_0066,27,41.35,184.41,15.27,7.35,2.49,84,0.63,0.4324,76.12,30.52,0.3934,3
user_0066,28,41.07,184.58,15.35,7.37,2.5,84,0.63,0.4279,76.23,30.43,0.3946,3
user_0066,29,41.14,183.81,15.36,7.34,2.52,85,0.64,0.4251,76.15,30.5,0.3924,3
user_0066,30,41.19,184.06,15.36,7.35,2.49,84,0.63,0.4304,76.04,30.55,0.3934,3
user_0066,31,41.07,184.57,15.23,7.35,2.51,84,0.63,0.4289,76.16,30.47,0.3907,3
user_0066,32,41.06,184.43,15.29,7.34,2.5,84,0.63,0.4292,75.84,30.4,0.3927,3
user_0066,33,40.94,184.09,15.21,7.37,2.52,85,0.62,0.4298,76.18,30.64,0.3937,3
user_0066,34,41.35,184.31,15.13,7.41,2.52,85,0.62,0.4306,76.24,30.36,0.3937,3
user_0066,35,41.08,184.14,15.24,7.33,2.51,85,0.62,0.4288,76.09,30.46,0.3912,3
user_0066,36,41.14,184.14,15.19,7.4,2.52,84,0.63,0.4313,76.05,30.39,0.3908,3
user_0066,37,40.93,184.04,15.13,7.35,2.52,85,0.62,0.4308,76.0,30.55,0.3928,3
user_0066,38,41.05,184.21,15.34,7.39,2.52,84,0.62,0.4275,76.01,30.59,0.3911,3
user_0066,39,40.95,184.0,15.23,7.35,2.5,85,0.62,0.4276,76.16,30.51,0.395,3
user_0066,40,35.4,198.26,18.31,8.41,3.13,97,0.52,0.5133,70.9,33.84,0.4621,4
user_0066,41,35.38,197.85,18.25,8.45,3.15,97,0.52,0.512,71.11,34.11,0.4622,4
user_0066,42,35.66,198.18,18.5,8.46,3.13,97,0.52,0.5131,70.79,34.01,0.4627,4
user_0066,43,35.4,197.74,18.38,8.48,3.14,97,0.52,0.515,70.82,34.17,0.462,4
user_0066,44,35.38,198.02,18.49,8.4,3.15,97,0.52,0.5147,70.94,34.13,0.4641,4
user_0066,45,35.83,198.43,18.41,8.43,3.16,97,0.52,0.5148,70.86,33.92,0.4636,4
user_0066,46,35.37,198.53,18.22,8.41,3.14,97,0.53,0.5134,70.83,34.04,0.4617,4
user_0066,47,35.53,198.5,18.4,8.43,3.13,97,0.53,0.513,71.13,34.07,0.462,4
user_0066,48,35.8,197.81,18.38,8.43,3.14,97,0.52,0.5151,71.04,34.19,0.4623,4
user_0066,49,35.5,198.28,18.27,8.42,3.14,97,0.52,0.5137,71.02,34.03,0.461,4
user_0066,50,35.63,197.84,18.32,8.43,3.14,97,0.52,0.513,70.74,33.91,0.4628,4
user_0066,51,35.45,198.02,18.27,8.41,3.15,97,0.52,0.5142,70.72,33.94,0.4638,4
user_0066,52,35.52,198.28,18.48,8.46,3.12,97,0.52,0.5142,71.07,34.15,0.4642,4
user_0066,53,35.37,198.36,18.55,8.46,3.14,97,0.52,0.5134,70.87,33.87,0.464,4
user_0066,54,35.43,198.19,18.44,8.41,3.15,97,0.52,0.5083,70.91,33.91,0.4627,4
user_0066,55,35.33,197.98,18.39,8.44,3.15,97,0.52,0.5126,70.99,34.05,0.4618,4
user_0066,56,35.34,198.16,18.39,8.41,3.14,97,0.52,0.513,70.98,34.05,0.462,4
user_0066,57,35.39,198.11,18.39,8.41,3.13,97,0.52,0.5125,71.02,33.99,0.4654,4
user_0066,58,35.68,197.6,18.32,8.43,3.14,97,0.52,0.5107,71.01,34.19,0.4617,4
user_0066,59,35.38,198.06,18.49,8.46,3.13,97,0.53,0.5126,70.91,34.1,0.4638,4
user_0067,0,62.16,101.88,3.91,4.48,0.39,39,1.0,0.115,91.31,17.9,0.1449,0
user_0067,1,62.2,101.9,3.99,4.49,0.4,40,1.0,0.1141,91.35,18.03,0.1455,0
user_0067,2,62.31,101.57,4.17,4.47,0.39,40,1.0,0.1145,91.27,17.99,0.1443,0
user_0067,3,62.57,101.87,3.93,4.51,0.39,39,1.0,0.1154,91.26,18.0,0.1448,0
user_0067,4,62.45,102.08,3.92,4.46,0.41,39,1.0,0.1163,91.09,17.96,0.1454,0
user_0067,5,62.31,101.8,4.06,4.51,0.39,40,0.99,0.1128,91.21,17.97,0.1443,0
user_0067,6,62.25,101.72,3.98,4.47,0.41,40,1.0,0.115,91.37,17.95,0.1433,0
user_0067,7,62.18,101.84,4.04,4.5,0.42,40,1.0,0.1148,91.04,17.97,0.144,0
user_0067,8,61.98,102.43,3.97,4.43,0.4,40,1.01,0.1152,91.26,18.12,0.1445,0
user_0067,9,62.4,102.11,3.92,4.52,0.39,39,1.0,0.1165,91.32,18.0,0.1449,0
user_0067,10,62.49,101.9,3.94,4.47,0.41,39,0.99,0.1146,91.25,18.09,0.1432,0
user_0067,11,62.38,102.19,3.94,4.48,0.38,40,1.0,0.1151,91.12,18.07,0.1444,0
user_0067,12,61.91,102.1,4.09,4.52,0.39,39,1.0,0.1159,91.16,17.84,0.1453,0
user_0067,13,62.28,102.06,4.0,4.48,0.4,39,1.0,0.1134,91.3,18.12,0.1441,0
user_0067,14,62.61,102.0,4.02,4.5,0.41,39,1.0,0.1167,91.22,18.0,0.1438,0
user_0067,15,62.26,101.81,3.93,4.48,0.4,40,1.0,0.1142,91.34,17.94,0.1454,0
user_0067,16,62.22,102.0,4.06,4.42,0.41,40,1.0,0.1156,91.17,18.04,0.1471,0
user_0067,17,62.0,101.78,4.06,4.51,0.39,39,1.0,0.1141,91.24,17.86,0.1444,0
user_0067,18,62.19,101.88,3.95,4.48,0.39,40,1.0,0.1151,91.24,18.0,0.1446,0
user_0067,19,62.45,101.83,3.95,4.48,0.39,39,0.99,0.1167,91.18,18.12,0.1446,0
user_0067,20,62.46,101.71,3.85,4.44,0.42,39,1.01,0.1131,91.27,18.03,0.1475,0
user_0067,21,62.28,101.72,4.03,4.46,0.4,39,1.0,0.1158,91.27,18.08,0.1463,0
user_0067,22,62.25,101.8,3.9,4.49,0.39,40,1.01,0.1141,91.21,18.1,0.1453,0
user_0067,23,62.42,101.8,3.89,4.46,0.39,40,1.0,0.1142,91.21,18.05,0.1443,0
user_0067,24,62.24,102.4,3.96,4.5,0.4,39,1.0,0.1163,91.24,17.85,0.145,0
user_0067,25,62.24,102.01,4.2,4.49,0.41,39,0.99,0.1166,91.19,17.98,0.1464,0
user_0067,26,62.28,102.21,4.03,4.47,0.4,39,1.0,0.117,91.26,18.13,0.1448,0
user_0067,27,62.47,102.64,4.19,4.48,0.4,39,1.0,0.1157,91.18,18.12,0.1444,0
user_0067,28,62.25,102.0,3.97,4.48,0.42,39,1.0,0.1142,91.16,17.99,0.1473,0
user_0067,29,62.45,102.02,3.96,4.47,0.38,40,1.0,0.1154,91.27,18.21,0.1449,0
user_0067,30,62.3,102.35,3.99,4.44,0.38,39,1.0,0.1163,91.16,17.98,0.1438,0
user_0067,31,62.5,102.22,4.15,4.49,0.42,39,1.0,0.1135,91.31,18.03,0.1422,0
user_0067,32,62.5,102.12,3.96,4.49,0.38,39,1.01,0.1134,91.26,17.86,0.145,0
user_0067,33,62.41,102.08,4.04,4.52,0.39,39,1.0,0.1131,91.26,17.99,0.1451,0
user_0067,34,62.09,101.9,4.09,4.5,0.38,39,1.0,0.1151,91.22,18.17,0.1447,0
user_0067,35,62.38,101.89,4.04,4.48,0.41,39,1.01,0.1158,91.24,18.08,0.1451,0
user_0067,36,62.45,101.92,3.98,4.49,0.39,40,1.01,0.116,91.4,18.11,0.1443,0
user_0067,37,62.46,101.58,4.01,4.45,0.4,39,1.01,0.1145,91.35,17.99,0.1428,0
user_0067,38,62.26,101.77,4.0,4.52,0.42,39,0.99,0.114,91.3,17.99,0.143,0
user_0067,39,62.25,102.23,4.02,4.48,0.4,39,1.0,0.1153,91.33,18.05,0.1446,0
user_0067,40,62.39,101.75,4.0,4.52,0.4,39,1.0,0.1133,91.28,18.17,0.1438,0
user_0067,41,62.37,101.9,4.0,4.48,0.41,39,1.0,0.1152,91.08,18.04,0.1447,0
user_0067,42,62.2,101.94,3.9,4.46,0.4,39,0.99,0.1136,91.26,18.04,0.1437,0
user_0067,43,62.19,101.94,4.01,4.46,0.42,40,1.0,0.1145,91.36,18.05,0.1429,0
user_0067,44,62.23,101.79,4.0,4.5,0.39,39,1.01,0.1151,91.19,17.87,0.1441,0
user_0067,45,62.17,101.8,4.04,4.48,0.39,39,1.0,0.1146,91.27,17.91,0.1442,0
user_0067,46,62.24,101.57,3.93,4.48,0.4,39,0.99,0.1146,91.33,17.91,0.1446,0
user_0067,47,62.23,102.18,3.96,4.5,0.41,40,0.99,0.113,91.37,18.1,0.144,0
user_0067,48,61.84,101.92,3.89,4.46,0.4,40,1.01,0.1145,91.16,18.09,0.145,0
user_0067,49,62.28,101.91,3.97,4.5,0.42,39,1.0,0.1128,91.15,18.06,0.1445,0
user_0067,50,62.16,101.9,4.07,4.45,0.42,40,1.0,0.1151,91.43,18.1,0.1442,0
user_0067,51,62.44,101.72,3.98,4.52,0.4,40,1.01,0.1159,91.17,18.17,0.1451,0
user_0067,52,62.42,101.92,4.08,4.53,0.4,40,1.0,0.1121,91.11,18.04,0.1456,0
user_0067,53,62.42,102.09,4.19,4.49,0.4,39,1.01,0.1132,91.38,18.0,0.1438,0
user_0067,54,62.11,102.27,3.94,4.48,0.39,40,1.0,0.1131,91.21,18.14,0.1436,0
user_0067,55,62.28,102.2,4.03,4.45,0.4,39,1.0,0.1165,91.28,17.99,0.1445,0
user_0067,56,62.49,101.72,3.84,4.48,0.4,39,1.0,0.1145,91.25,17.87,0.1453,0
user_0067,57,61.93,102.04,4.02,4.49,0.38,40,1.0,0.1175,91.29,17.88,0.1429,0
user_0067,58,62.24,102.1,4.09,4.49,0.4,39,1.0,0.1169,91.22,18.07,0.1441,0
user_0067,59,62.48,102.05,4.07,4.53,0.37,40,1.0,0.1158,91.28,18.02,0.145,0
user_0068,0,67.06,123.45,4.07,3.98,0.27,40,1.01,0.0988,93.25,18.03,0.1733,0
user_0068,1,67.21,123.33,3.95,4.06,0.27,39,1.0,0.1005,93.23,17.71,0.1716,0
user_0068,2,67.18,123.48,3.86,3.99,0.28,40,1.0,0.1004,93.17,18.11,0.1734,0
user_0068,3,67.4,123.15,4.08,3.97,0.28,39,1.0,0.0994,92.99,17.91,0.1741,0
user_0068,4,67.37,122.84,4.12,4.0,0.3,40,1.01,0.101,93.1,18.03,0.1712,0
user_0068,5,67.22,123.25,4.07,3.99,0.28,39,1.0,0.1001,93.1,17.74,0.1734,0
user_0068,6,67.18,123.14,4.01,3.97,0.29,39,1.0,0.0993,93.19,18.02,0.1728,0
user_0068,7,67.25,123.36,4.04,3.98,0.27,39,1.0,0.1015,93.19,17.96,0.1728,0
user_0068,8,67.37,122.96,3.96,4.02,0.29,40,1.0,0.1,93.18,18.21,0.1744,0
user_0068,9,67.38,123.22,3.96,3.98,0.29,40,1.0,0.097,93.15,18.11,0.1728,0
user_0068,10,67.32,122.98,3.98,3.96,0.28,40,1.0,0.0998,93.06,17.85,0.1745,0
user_0068,11,67.13,123.39,3.88,4.02,0.31,40,1.0,0.1026,93.12,18.01,0.1706,0
user_0068,12,67.24,123.55,3.97,3.97,0.28,40,1.0,0.1005,93.13,18.1,0.1726,0
user_0068,13,67.44,123.23,4.09,3.97,0.29,40,1.0,0.1025,93.3,17.94,0.1727,0
user_0068,14,57.61,147.19,9.48,5.79,1.35,61,0.82,0.2457,84.33,24.02,0.2933,1
user_0068,15,57.61,147.08,9.39,5.77,1.36,61,0.81,0.2415,84.08,24.08,0.2938,1
user_0068,16,57.79,146.85,9.44,5.74,1.35,61,0.81,0.2484,84.23,23.82,0.2918,1
user_0068,17,57.66,147.3,9.35,5.82,1.35,61,0.82,0.248,84.42,24.07,0.2934,1
user_0068,18,57.7,147.42,9.26,5.74,1.37,61,0.83,0.2441,84.21,23.95,0.2952,1
user_0068,19,57.59,147.07,9.39,5.77,1.36,61,0.82,0.2435,84.11,23.95,0.2915,1
user_0068,20,57.78,147.42,9.52,5.79,1.35,61,0.82,0.2455,84.35,23.88,0.294,2
user_0068,21,57.62,147.91,9.47,5.77,1.37,61,0.82,0.2438,84.18,24.13,0.293,2
user_0068,22,57.19,147.07,9.51,5.82,1.35,61,0.82,0.2459,84.15,23.8,0.294,2
user_0068,23,57.8,147.66,9.25,5.81,1.36,61,0.81,0.2416,84.1,23.92,0.2933,2
user_0068,24,57.87,147.25,9.28,5.75,1.36,61,0.82,0.2461,84.24,23.95,0.2924,2
user_0068,25,57.94,147.09,9.58,5.82,1.36,61,0.82,0.2464,84.14,23.87,0.2928,2
user_0068,26,57.71,147.38,9.41,5.77,1.36,61,0.82,0.2448,84.15,23.92,0.2947,2
user_0068,27,57.69,147.44,9.34,5.78,1.35,61,0.81,0.2429,84.18,23.88,0.2948,2
user_0068,28,57.44,147.2,9.37,5.79,1.35,61,0.82,0.2429,84.15,23.99,0.2931,2
user_0068,29,57.59,147.6,9.42,5.79,1.37,61,0.83,0.2419,84.3,23.83,0.2933,2
user_0068,30,57.56,147.64,9.46,5.77,1.37,61,0.82,0.2441,84.1,23.78,0.2931,2
user_0068,31,57.67,147.01,9.39,5.81,1.36,61,0.82,0.2447,84.19,23.96,0.2921,2
user_0068,32,57.68,147.35,9.35,5.78,1.37,61,0.82,0.2443,84.27,24.11,0.2935,2
user_0068,33,57.65,147.21,9.32,5.79,1.36,61,0.81,0.2452,84.14,24.07,0.292,2
user_0068,34,57.66,147.26,9.38,5.82,1.36,61,0.82,0.242,84.32,24.02,0.2932,2
user_0068,35,57.44,147.31,9.48,5.79,1.37,61,0.83,0.2446,84.23,24.17,0.2924,2
user_0068,36,63.32,133.01,6.22,4.76,0.72,49,0.92,0.1621,89.57,20.41,0.224,1
user_0068,37,63.41,133.15,6.29,4.7,0.75,48,0.92,0.1602,89.43,20.54,0.2238,1
user_0068,38,63.08,132.95,6.38,4.76,0.72,49,0.93,0.1635,89.38,20.6,0.2241,1
user_0068,39,63.14,133.18,6.19,4.74,0.72,48,0.92,0.1573,89.46,20.57,0.222,1
user_0068,40,63.25,132.92,6.26,4.76,0.73,48,0.94,0.1593,89.33,20.5,0.2258,1
user_0068,41,63.29,133.1,6.29,4.75,0.74,49,0.93,0.1602,89.41,20.58,0.221,1
user_0068,42,62.86,133.11,6.22,4.75,0.73,49,0.93,0.1592,89.55,20.53,0.2221,1
user_0068,43,63.36,133.45,6.15,4.73,0.74,48,0.93,0.1594,89.34,20.47,0.2241,1
user_0068,44,63.4,133.68,6.18,4.74,0.74,49,0.92,0.1608,89.46,20.44,0.2239,1
user_0068,45,63.28,132.92,6.3,4.73,0.71,48,0.93,0.1593,89.46,20.47,0.2244,1
user_0068,46,63.29,133.74,6.14,4.74,0.73,49,0.93,0.1583,89.49,20.53,0.2225,1
user_0068,47,63.43,133.28,6.19,4.74,0.74,49,0.92,0.1592,89.34,20.58,0.2244,1
user_0068,48,63.21,133.85,6.23,4.73,0.73,48,0.92,0.1613,89.4,20.56,0.2218,1
user_0068,49,63.15,133.18,6.23,4.68,0.74,48,0.92,0.1604,89.63,20.49,0.2239,1
user_0068,50,63.03,133.05,6.2,4.72,0.74,48,0.93,0.1592,89.4,20.26,0.2233,1
user_0068,51,63.25,133.21,6.4,4.73,0.7,48,0.92,0.1603,89.34,20.4,0.2248,1
user_0068,52,63.4,133.54,6.2,4.75,0.71,48,0.92,0.16,89.44,20.48,0.2223,1
user_0068,53,63.14,133.39,6.28,4.77,0.73,49,0.92,0.1613,89.5,20.55,0.2222,1
user_0068,54,63.3,133.17,6.29,4.73,0.73,49,0.92,0.1608,89.48,20.47,0.2245,1
user_0068,55,63.38,132.84,6.3,4.77,0.72,48,0.92,0.1604,89.43,20.6,0.2227,1
user_0068,56,63.33,133.46,6.26,4.71,0.72,48,0.92,0.158,89.58,20.48,0.2254,1
user_0068,57,63.3,132.88,6.24,4.75,0.73,48,0.93,0.1588,89.44,20.58,0.223,1
user_0068,58,63.32,133.23,6.26,4.74,0.73,49,0.93,0.1612,89.54,20.56,0.2225,1
user_0068,59,63.36,133.33,6.2,4.76,0.72,48,0.92,0.1585,89.42,20.43,0.2236,1
user_0069,0,73.75,114.97,4.02,4.42,0.3,39,1.01,0.0928,95.59,18.06,0.0933,0
user_0069,1,73.67,114.85,3.94,4.33,0.31,39,1.0,0.0938,95.46,18.15,0.092,0
user_0069,2,73.74,114.59,4.01,4.31,0.3,40,1.0,0.0931,95.5,18.17,0.0923,0
user_0069,3,73.84,114.51,3.92,4.39,0.3,39,1.0,0.0954,95.44,17.75,0.0934,0
user_0069,4,73.68,114.49,4.08,4.37,0.28,40,1.0,0.093,95.45,17.88,0.0908,0
user_0069,5,73.76,114.77,4.01,4.41,0.31,40,0.99,0.0933,95.55,17.99,0.0902,0
user_0069,6,73.73,114.04,3.98,4.37,0.29,40,0.99,0.0926,95.35,18.11,0.093,0
user_0069,7,73.87,114.68,3.91,4.39,0.29,40,1.0,0.0928,95.46,18.07,0.0936,0
user_0069,8,73.9,115.18,4.02,4.43,0.3,40,1.0,0.0941,95.5,17.86,0.0925,0
user_0069,9,73.59,114.78,4.04,4.42,0.29,39,1.01,0.0921,95.34,18.02,0.0918,0
user_0069,10,73.84,114.74,4.04,4.38,0.3,39,1.0,0.0916,95.54,18.1,0.0925,0
user_0069,11,73.9,114.36,3.89,4.41,0.3,40,1.0,0.0941,95.53,17.99,0.0899,0
user_0069,12,73.92,114.75,3.9,4.36,0.31,40,0.99,0.0943,95.44,18.01,0.092,0
user_0069,13,73.7,114.77,3.95,4.4,0.31,39,1.0,0.0939,95.61,17.94,0.0914,0
user_0069,14,73.86,114.77,4.04,4.39,0.3,40,0.98,0.0965,95.44,18.02,0.0939,0
user_0069,15,73.7,115.19,4.06,4.4,0.3,39,0.99,0.0919,95.57,17.91,0.0902,0
user_0069,16,73.8,114.75,4.0,4.4,0.31,40,1.0,0.0929,95.54,18.03,0.091,0
user_0069,17,74.01,114.67,4.05,4.38,0.31,39,1.01,0.0908,95.32,18.03,0.0913,0
user_0069,18,73.76,114.47,3.94,4.39,0.3,40,1.0,0.0931,95.54,17.82,0.0893,0
user_0069,19,73.57,114.52,4.03,4.32,0.3,39,1.0,0.0908,95.72,18.0,0.0906,0
user_0069,20,73.83,114.98,3.9,4.35,0.3,39,1.0,0.0959,95.54,17.86,0.0908,0
user_0069,21,73.69,114.8,4.05,4.42,0.3,39,1.0,0.0915,95.52,17.94,0.0931,0
user_0069,22,73.9,115.09,4.03,4.4,0.3,39,1.0,0.0952,95.33,18.01,0.0902,0
user_0069,23,73.87,114.49,4.04,4.37,0.3,40,1.0,0.096,95.41,17.94,0.0931,0
user_0069,24,73.76,114.5,4.03,4.38,0.29,39,1.01,0.0935,95.4,17.97,0.0922,0
user_0069,25,74.03,114.57,3.94,4.43,0.3,39,1.0,0.0918,95.46,18.08,0.0931,0
user_0069,26,73.76,114.65,4.09,4.39,0.31,40,1.0,0.0923,95.57,17.73,0.0912,0
user_0069,27,73.6,114.87,4.1,4.37,0.33,40,1.0,0.0959,95.4,17.97,0.0923,0
user_0069,28,73.71,114.29,3.93,4.38,0.3,39,0.99,0.0944,95.59,17.93,0.0935,0
user_0069,29,73.94,114.34,3.95,4.38,0.3,39,1.0,0.0929,95.65,18.02,0.091,0
user_0069,30,73.75,114.71,3.97,4.37,0.29,40,0.99,0.0921,95.37,17.89,0.091,0
user_0069,31,73.95,114.87,4.02,4.39,0.29,39,1.0,0.0941,95.39,17.89,0.0906,0
user_0069,32,73.84,114.63,4.09,4.37,0.3,40,1.0,0.0949,95.58,17.89,0.0914,0
user_0069,33,74.01,114.69,4.01,4.39,0.3,40,1.0,0.0937,95.6,17.97,0.0918,0
user_0069,34,74.05,114.69,4.0,4.4,0.3,39,1.0,0.0925,95.64,18.02,0.0909,0
user_0069,35,73.75,114.8,3.92,4.45,0.28,40,1.0,0.0925,95.51,17.95,0.0934,0
user_0069,36,73.6,114.75,3.98,4.39,0.3,39,1.0,0.0953,95.51,17.96,0.0904,0
user_0069,37,73.89,115.08,4.05,4.41,0.31,39,1.0,0.095,95.3,18.07,0.0931,0
user_0069,38,73.8,114.81,3.96,4.39,0.3,40,1.0,0.0912,95.39,18.19,0.0924,0
user_0069,39,73.5,114.91,3.91,4.41,0.31,40,1.0,0.0926,95.52,17.89,0.0913,0
user_0069,40,73.89,114.44,4.11,4.36,0.27,39,1.0,0.095,95.42,17.97,0.0918,0
user_0069,41,74.07,114.7,3.96,4.44,0.3,39,0.99,0.0945,95.28,18.05,0.0911,0
user_0069,42,73.99,114.65,3.88,4.41,0.31,39,1.0,0.0944,95.53,18.24,0.0927,0
user_0069,43,74.17,114.61,4.03,4.37,0.29,40,1.0,0.0898,95.39,18.11,0.0919,0
user_0069,44,73.82,114.42,4.02,4.43,0.31,40,1.0,0.0963,95.57,17.85,0.0901,0
user_0069,45,73.6,114.48,4.07,4.41,0.3,39,1.01,0.0937,95.45,17.95,0.094,0
user_0069,46,73.92,114.35,3.91,4.34,0.3,39,0.99,0.0953,95.55,18.15,0.0904,0
user_0069,47,73.66,114.45,4.12,4.39,0.32,40,1.0,0.0945,95.29,17.79,0.0921,0
user_0069,48,73.81,115.09,3.9,4.39,0.31,40,1.01,0.0927,95.54,18.06,0.093,0
user_0069,49,73.74,114.31,3.95,4.36,0.29,39,1.0,0.0937,95.34,17.99,0.0913,0
user_0069,50,73.79,114.71,3.97,4.37,0.29,40,1.01,0.0929,95.45,17.83,0.0917,0
user_0069,51,73.59,114.49,4.08,4.35,0.29,39,0.99,0.095,95.49,18.18,0.0908,0
user_0069,52,73.55,114.84,3.97,4.37,0.31,40,1.0,0.0928,95.39,17.96,0.0925,0
user_0069,53,73.82,114.72,3.8,4.34,0.28,39,0.99,0.0962,95.46,18.02,0.0907,0
user_0069,54,73.64,115.0,4.13,4.4,0.28,39,1.0,0.0933,95.25,18.18,0.091,0
user_0069,55,73.61,114.6,4.09,4.4,0.28,39,0.99,0.0933,95.41,18.05,0.0911,0
user_0069,56,73.96,114.77,3.95,4.4,0.31,39,1.0,0.0933,95.43,18.08,0.0927,0
user_0069,57,73.87,114.7,3.96,4.39,0.29,40,1.01,0.0951,95.5,18.04,0.0901,0
user_0069,58,73.62,114.32,4.0,4.38,0.31,39,1.01,0.0925,95.42,18.09,0.0923,0
user_0069,59,73.62,114.87,4.01,4.33,0.29,39,0.99,0.0957,95.42,18.05,0.092,0
user_0070,0,65.25,131.72,3.95,4.53,0.48,39,1.01,0.1154,94.23,17.99,0.13,0
user_0070,1,65.77,132.24,3.96,4.57,0.47,39,1.0,0.1157,94.21,18.01,0.1291,0
user_0070,2,65.58,132.07,4.0,4.52,0.47,40,1.0,0.114,94.23,18.1,0.1302,0
user_0070,3,65.61,131.76,3.94,4.54,0.47,40,1.0,0.1137,94.28,18.03,0.1307,0
user_0070,4,65.76,131.97,3.97,4.55,0.49,39,1.0,0.1143,94.25,18.13,0.1292,0
user_0070,5,65.81,131.92,4.0,4.53,0.47,40,1.01,0.1152,94.25,18.0,0.1303,0
user_0070,6,65.61,131.94,4.01,4.57,0.46,39,1.0,0.1147,94.23,18.22,0.1284,0
user_0070,7,65.8,132.04,4.04,4.53,0.47,40,0.99,0.1131,94.21,18.05,0.1307,0
user_0070,8,65.94,131.26,3.92,4.53,0.48,40,0.99,0.1146,94.01,18.03,0.1296,0
user_0070,9,65.63,131.63,3.99,4.55,0.49,39,1.0,0.1149,94.26,18.01,0.1291,0
user_0070,10,65.77,131.19,3.93,4.59,0.46,39,1.0,0.1132,94.26,18.11,0.1301,0
user_0070,11,65.61,132.17,3.97,4.54,0.48,40,0.99,0.1125,94.36,18.18,0.1293,0
user_0070,12,65.46,131.43,4.08,4.5,0.47,39,1.0,0.1128,94.33,18.08,0.1308,0
user_0070,13,65.72,131.73,4.01,4.57,0.46,40,1.0,0.1146,94.16,18.09,0.1302,0
user_0070,14,65.54,131.61,3.96,4.54,0.49,39,1.0,0.1147,94.21,17.83,0.1294,0
user_0070,15,65.46,131.87,3.9,4.54,0.47,40,1.01,0.1135,94.16,18.17,0.1295,0
user_0070,16,65.69,131.7,3.98,4.53,0.46,40,1.0,0.1139,94.36,17.94,0.13,0
user_0070,17,65.53,131.64,4.04,4.55,0.47,40,1.0,0.1127,94.22,17.98,0.1293,0
user_0070,18,65.58,131.96,4.11,4.54,0.48,39,1.0,0.1147,94.18,18.07,0.1289,0
user_0070,19,65.8,131.94,4.08,4.57,0.49,40,0.99,0.1142,94.22,17.86,0.1309,0
user_0070,20,65.6,131.36,3.95,4.6,0.49,40,1.0,0.1127,94.17,18.06,0.1312,0
user_0070,21,65.49,131.71,4.02,4.53,0.47,39,1.0,0.1143,94.32,17.98,0.1304,0
user_0070,22,65.7,132.04,3.98,4.56,0.47,40,1.01,0.1158,94.24,17.95,0.1306,0
user_0070,23,65.58,131.98,3.91,4.55,0.47,39,1.0,0.1135,94.46,17.7,0.1293,0
user_0070,24,65.59,131.49,3.97,4.54,0.47,40,1.01,0.114,94.19,17.99,0.1293,0
user_0070,25,65.81,131.61,4.04,4.55,0.48,39,1.0,0.1138,94.14,17.9,0.1292,0
user_0070,26,65.7,132.08,4.02,4.54,0.47,39,1.0,0.1149,94.36,17.76,0.1304,0
user_0070,27,65.6,131.85,4.03,4.54,0.48,40,1.0,0.1139,94.16,18.0,0.1277,0
user_0070,28,65.69,131.92,3.89,4.53,0.49,40,1.0,0.1141,94.26,18.02,0.1309,0
user_0070,29,65.65,131.39,4.02,4.53,0.46,39,1.0,0.115,94.32,18.12,0.1289,0
user_0070,30,65.59,131.89,4.05,4.53,0.47,40,1.0,0.1137,94.31,18.0,0.129,0
user_0070,31,65.76,131.67,3.89,4.52,0.45,40,1.01,0.1121,94.2,18.02,0.1312,0
user_0070,32,65.75,131.79,3.96,4.55,0.48,40,1.0,0.1134,94.39,17.83,0.13,0
user_0070,33,65.65,131.24,3.97,4.52,0.46,39,1.01,0.114,94.34,17.88,0.129,0
user_0070,34,65.58,131.77,4.04,4.55,0.47,40,1.0,0.1144,94.13,17.97,0.1302,0
user_0070,35,65.66,131.53,4.04,4.52,0.46,40,0.99,0.1152,94.24,18.06,0.1289,0
user_0070,36,65.77,131.59,3.98,4.49,0.46,40,1.0,0.1111,94.2,18.05,0.1284,0
user_0070,37,65.8,131.59,3.97,4.52,0.46,39,1.0,0.1146,94.18,17.83,0.1313,0
user_0070,38,65.67,131.71,4.08,4.52,0.46,40,1.01,0.1119,94.26,18.03,0.13,0
user_0070,39,65.59,131.49,3.84,4.59,0.49,39,1.0,0.113,94.23,17.98,0.1284,0
user_0070,40,65.63,131.74,3.87,4.52,0.46,39,1.0,0.1137,94.24,18.2,0.1299,0
user_0070,41,65.7,131.75,3.89,4.54,0.47,40,0.99,0.1131,94.15,17.93,0.1293,0
user_0070,42,65.46,131.92,3.92,4.56,0.47,39,1.0,0.1149,94.31,17.82,0.1308,0
user_0070,43,65.86,131.66,3.93,4.51,0.47,39,1.0,0.1132,94.13,17.93,0.1297,0
user_0070,44,65.5,131.63,4.06,4.52,0.46,40,1.01,0.1146,94.19,17.93,0.1291,0
user_0070,45,65.59,132.35,4.01,4.59,0.48,39,1.0,0.1139,94.28,18.01,0.1279,0
user_0070,46,65.38,131.72,3.97,4.57,0.47,40,1.0,0.1139,94.37,17.95,0.1296,0
user_0070,47,65.66,131.52,3.91,4.51,0.46,39,1.0,0.1122,94.27,17.97,0.1306,0
user_0070,48,65.57,132.13,4.06,4.53,0.47,40,1.0,0.1141,94.21,17.94,0.1284,0
user_0070,49,65.85,131.63,4.01,4.55,0.49,39,0.99,0.1142,94.31,17.95,0.1302,0
user_0070,50,65.65,131.64,4.1,4.53,0.49,40,1.0,0.1112,94.38,18.1,0.1304,0
user_0070,51,65.84,132.18,3.84,4.5,0.47,40,1.0,0.1145,94.22,17.92,0.1295,0
user_0070,52,65.61,131.62,4.05,4.54,0.48,39,1.0,0.1124,94.12,17.97,0.1304,0
user_0070,53,65.59,132.24,3.92,4.54,0.46,40,1.0,0.1105,94.23,17.74,0.1309,0
user_0070,54,65.51,131.74,3.94,4.54,0.48,39,1.0,0.1098,94.14,18.01,0.1289,0
user_0070,55,65.82,131.94,4.1,4.54,0.47,40,0.99,0.1136,94.3,17.93,0.132,0
user_0070,56,65.75,131.5,4.07,4.58,0.46,40,0.99,0.114,94.28,17.93,0.129,0
user_0070,57,65.52,131.6,3.93,4.57,0.46,40,1.0,0.1109,94.34,17.96,0.1285,0
user_0070,58,65.59,131.54,4.1,4.52,0.46,39,1.0,0.1157,94.28,17.85,0.1286,0
user_0070,59,65.58,131.27,3.92,4.55,0.49,39,1.01,0.1146,94.15,18.15,0.1301,0
user_0071,0,66.85,123.12,4.1,4.85,0.19,39,1.0,0.1165,94.27,18.07,0.137,0
user_0071,1,66.73,123.18,4.0,4.84,0.17,40,1.01,0.1138,93.93,17.94,0.1356,0
user_0071,2,66.58,123.34,4.0,4.82,0.19,39,1.0,0.1177,94.15,18.0,0.1369,0
user_0071,3,66.85,123.15,3.98,4.83,0.19,40,1.0,0.1154,94.2,18.06,0.137,0
user_0071,4,66.94,123.15,3.9,4.86,0.19,40,0.99,0.1155,94.23,18.03,0.1374,0
user_0071,5,66.75,123.52,4.08,4.83,0.18,40,1.01,0.116,94.22,18.05,0.1363,0
user_0071,6,66.92,123.46,3.95,4.87,0.2,39,1.0,0.1145,94.05,18.08,0.1377,0
user_0071,7,66.74,123.68,3.93,4.86,0.18,39,1.0,0.1178,94.1,17.93,0.1371,0
user_0071,8,66.37,123.51,4.02,4.86,0.16,40,1.0,0.117,94.11,17.84,0.1387,0
user_0071,9,66.93,123.44,4.02,4.83,0.18,40,1.0,0.1163,94.0,17.79,0.1371,0
user_0071,10,66.99,123.59,4.0,4.87,0.16,40,1.0,0.1162,94.08,17.97,0.1384,0
user_0071,11,67.06,123.21,4.11,4.83,0.17,39,1.0,0.1172,94.22,17.92,0.1379,0
user_0071,12,66.95,123.53,4.02,4.85,0.17,39,1.0,0.1149,94.17,18.02,0.1376,0
user_0071,13,66.49,123.26,3.97,4.91,0.16,39,1.0,0.1147,94.3,18.19,0.1366,0
user_0071,14,66.68,123.79,4.1,4.85,0.18,39,1.01,0.1163,94.17,17.91,0.1363,0
user_0071,15,66.84,123.73,3.96,4.84,0.18,40,1.0,0.1158,94.19,18.09,0.1371,0
user_0071,16,66.93,123.39,4.0,4.88,0.18,39,1.01,0.1167,94.24,18.01,0.1377,0
user_0071,17,66.83,123.39,4.11,4.87,0.17,40,1.0,0.1206,94.14,18.12,0.1383,0
user_0071,18,66.46,123.07,3.97,4.82,0.17,39,0.99,0.1165,94.3,17.86,0.1362,0
user_0071,19,66.69,123.22,3.88,4.84,0.17,40,1.0,0.1159,94.07,17.93,0.1375,0
user_0071,20,66.62,123.64,3.89,4.84,0.18,39,1.0,0.1187,94.19,17.88,0.1363,0
user_0071,21,66.74,123.36,4.09,4.84,0.17,39,1.0,0.1184,94.1,18.02,0.1383,0
user_0071,22,67.01,123.24,4.09,4.91,0.17,39,1.01,0.1178,94.11,18.06,0.1364,0
user_0071,23,66.93,122.8,4.08,4.84,0.16,39,1.0,0.1172,93.97,17.88,0.1369,0
user_0071,24,66.89,123.49,4.01,4.88,0.18,39,1.0,0.1142,94.16,17.88,0.1376,0
user_0071,25,66.95,123.31,4.0,4.87,0.18,40,1.0,0.1154,94.09,17.91,0.1362,0
user_0071,26,66.4,123.14,3.89,4.86,0.17,39,0.99,0.1156,93.93,18.07,0.1377,0
user_0071,27,66.73,123.62,4.0,4.87,0.18,39,1.0,0.1162,93.97,18.18,0.1376,0
user_0071,28,66.74,123.77,3.92,4.9,0.18,40,1.0,0.1162,94.07,18.1,0.1378,0
user_0071,29,66.68,123.13,4.0,4.85,0.19,40,1.0,0.1165,94.02,18.07,0.1353,0
user_0071,30,66.79,123.05,3.93,4.85,0.17,39,1.0,0.1159,94.1,17.86,0.1362,0
user_0071,31,66.81,123.41,3.98,4.88,0.16,40,1.0,0.1147,94.03,17.99,0.1379,0
user_0071,32,66.82,123.18,4.05,4.9,0.17,40,1.0,0.1156,94.23,18.13,0.1372,0
user_0071,33,66.84,123.48,3.97,4.83,0.18,40,1.0,0.1156,94.26,18.03,0.1363,0
user_0071,34,66.53,123.18,4.02,4.85,0.19,40,1.0,0.1127,94.13,18.1,0.1393,0
user_0071,35,66.74,123.68,3.9,4.85,0.16,40,0.99,0.1167,93.98,18.18,0.1371,0
user_0071,36,66.82,122.81,3.89,4.84,0.18,40,1.01,0.1139,94.16,17.94,0.1366,0
user_0071,37,66.69,123.22,4.05,4.89,0.18,40,1.01,0.1172,94.09,18.06,0.1391,0
user_0071,38,66.64,123.15,4.11,4.85,0.18,40,0.99,0.1155,94.23,17.99,0.1354,0
user_0071,39,66.69,123.45,4.1,4.86,0.18,39,1.0,0.1183,94.18,17.99,0.1379,0
user_0071,40,66.91,123.26,4.06,4.87,0.19,40,1.0,0.1182,94.15,17.99,0.1361,0
user_0071,41,66.8,123.71,3.8,4.79,0.18,40,1.0,0.1154,93.89,17.92,0.139,0
user_0071,42,66.7,123.14,3.8,4.82,0.19,39,1.0,0.115,93.96,17.97,0.1369,0
user_0071,43,66.64,123.05,3.99,4.85,0.17,40,1.0,0.1164,94.1,18.07,0.138,0
user_0071,44,66.61,122.87,3.83,4.91,0.17,40,1.0,0.1175,94.1,17.87,0.1364,0
user_0071,45,66.71,122.86,3.94,4.83,0.17,39,1.0,0.1174,94.08,17.85,0.1354,0
user_0071,46,66.79,123.09,3.99,4.87,0.19,39,0.99,0.116,93.99,17.85,0.1387,0
user_0071,47,66.61,122.93,3.91,4.89,0.17,39,1.0,0.1161,94.2,18.08,0.1366,0
user_0071,48,66.69,123.78,4.07,4.85,0.15,39,0.99,0.1148,94.01,17.98,0.1375,0
user_0071,49,66.66,122.93,3.99,4.85,0.16,40,1.0,0.1157,94.08,18.0,0.1376,0
user_0071,50,66.57,123.33,3.97,4.89,0.18,40,1.0,0.1181,94.12,18.07,0.1381,0
user_0071,51,66.84,122.98,4.07,4.87,0.16,39,0.99,0.114,94.19,17.85,0.1361,0
user_0071,52,67.06,123.14,4.05,4.89,0.18,40,1.0,0.1169,94.08,18.07,0.1372,0
user_0071,53,66.75,123.72,3.96,4.86,0.18,40,1.0,0.1143,94.12,18.02,0.1386,0
user_0071,54,66.88,123.55,3.92,4.84,0.18,40,1.0,0.115,93.95,18.04,0.1373,0
user_0071,55,66.7,123.48,3.99,4.86,0.18,40,1.0,0.1148,94.01,18.05,0.1363,0
user_0071,56,66.71,123.18,4.12,4.89,0.16,40,0.99,0.1164,94.02,17.96,0.1364,0
user_0071,57,67.02,123.22,4.02,4.83,0.16,39,1.0,0.116,94.2,18.01,0.1374,0
user_0071,58,66.85,123.28,4.07,4.87,0.18,40,1.01,0.1174,94.28,17.95,0.1383,0
user_0071,59,66.56,123.49,4.0,4.88,0.19,40,1.0,0.1145,94.16,17.97,0.1381,0
user_0072,0,55.93,105.45,3.99,3.8,0.35,40,0.99,0.1032,92.4,18.03,0.1752,0
user_0072,1,56.09,106.11,4.03,3.83,0.35,40,1.0,0.1017,92.38,17.87,0.1752,0
user_0072,2,56.14,105.4,4.09,3.83,0.35,40,1.0,0.1005,92.6,17.78,0.1726,0
user_0072,3,56.11,105.93,4.13,3.81,0.34,40,1.0,0.1014,92.27,18.0,0.1733,0
user_0072,4,55.92,105.55,4.04,3.8,0.34,40,0.99,0.1011,92.41,17.91,0.1753,0
user_0072,5,55.79,105.68,3.93,3.84,0.34,40,1.0,0.1022,92.17,18.17,0.1745,0
user_0072,6,55.76,105.57,3.88,3.79,0.35,40,1.01,0.1032,92.22,18.23,0.1722,0
user_0072,7,56.07,105.72,4.09,3.79,0.36,40,1.0,0.1025,92.48,18.13,0.1735,0
user_0072,8,55.85,105.54,3.83,3.83,0.35,39,1.0,0.1031,92.31,18.09,0.1736,0
user_0072,9,55.77,105.86,3.93,3.8,0.36,40,1.0,0.1018,92.39,17.94,0.1745,0
user_0072,10,55.9,105.66,3.92,3.82,0.34,39,1.0,0.1037,92.43,17.78,0.1733,0
user_0072,11,56.16,106.02,3.91,3.83,0.34,39,0.99,0.1036,92.38,18.05,0.1721,0
user_0072,12,56.08,106.11,4.02,3.86,0.36,40,1.0,0.1029,92.31,17.85,0.1732,0
user_0072,13,55.99,105.39,4.01,3.75,0.35,40,1.0,0.102,92.37,17.96,0.1743,0
user_0072,14,46.09,129.41,9.32,5.6,1.45,61,0.81,0.2468,83.32,23.95,0.2933,1
user_0072,15,46.3,129.26,9.39,5.61,1.42,61,0.81,0.2458,83.38,23.98,0.2947,1
user_0072,16,46.49,129.56,9.38,5.58,1.43,61,0.82,0.2463,83.4,23.87,0.2943,1
user_0072,17,46.22,130.1,9.54,5.65,1.42,61,0.81,0.248,83.37,23.82,0.2946,1
user_0072,18,46.29,129.62,9.44,5.63,1.43,61,0.82,0.2449,83.42,24.03,0.2937,1
user_0072,19,46.32,129.24,9.52,5.61,1.43,61,0.81,0.2478,83.32,24.0,0.2933,1
user_0072,20,46.15,129.55,9.38,5.6,1.42,61,0.82,0.2442,83.36,23.99,0.2932,2
user_0072,21,46.47,129.68,9.42,5.58,1.42,61,0.81,0.2435,83.5,23.93,0.2938,2
user_0072,22,46.38,129.63,9.31,5.63,1.42,61,0.83,0.2445,83.45,24.01,0.2931,2
user_0072,23,46.41,129.73,9.35,5.65,1.43,61,0.82,0.2462,83.26,23.98,0.2944,2
user_0072,24,46.21,129.36,9.3,5.57,1.44,61,0.82,0.2461,83.24,23.94,0.2934,2
user_0072,25,46.39,130.0,9.32,5.59,1.43,61,0.82,0.2477,83.5,23.91,0.2932,2
user_0072,26,46.45,129.94,9.38,5.59,1.44,61,0.82,0.2491,83.39,23.88,0.2944,2
user_0072,27,46.24,129.65,9.45,5.63,1.4,61,0.82,0.2464,83.28,23.97,0.2939,2
user_0072,28,46.09,129.65,9.47,5.57,1.43,61,0.81,0.2459,83.36,24.12,0.2936,2
user_0072,29,46.4,129.52,9.42,5.63,1.41,61,0.82,0.2462,83.4,24.07,0.2926,2
user_0072,30,46.4,130.0,9.37,5.59,1.42,61,0.83,0.2496,83.53,23.97,0.2932,2
user_0072,31,46.11,129.82,9.62,5.61,1.43,61,0.82,0.2455,83.41,23.97,0.2945,2
user_0072,32,46.34,129.84,9.33,5.63,1.44,61,0.82,0.2445,83.26,23.96,0.2942,2
user_0072,33,46.38,130.14,9.36,5.59,1.43,61,0.83,0.2491,83.45,24.09,0.2939,2
user_0072,34,46.45,130.02,9.38,5.64,1.43,61,0.82,0.2468,83.49,23.77,0.2944,2
user_0072,35,46.45,129.74,9.25,5.57,1.43,61,0.83,0.2484,83.27,24.09,0.2947,2
user_0072,36,51.89,115.95,6.09,4.55,0.79,49,0.92,0.1635,88.56,20.61,0.2236,1
user_0072,37,51.76,115.7,6.31,4.57,0.79,48,0.92,0.161,88.53,20.45,0.2246,1
user_0072,38,51.9,115.41,6.18,4.57,0.8,48,0.93,0.1637,88.7,20.49,0.2231,1
user_0072,39,51.91,115.53,6.05,4.55,0.78,48,0.92,0.1648,88.51,20.52,0.2237,1
user_0072,40,52.02,115.54,6.13,4.56,0.8,49,0.92,0.1619,88.7,20.57,0.2232,1
user_0072,41,51.92,115.4,6.29,4.57,0.81,49,0.93,0.1663,88.66,20.56,0.2222,1
user_0072,42,52.07,116.31,6.27,4.58,0.81,49,0.93,0.1601,88.65,20.58,0.2247,1
user_0072,43,51.92,115.61,6.22,4.55,0.8,49,0.93,0.1618,88.5,20.54,0.2237,1
user_0072,44,52.19,115.93,6.28,4.54,0.79,49,0.93,0.1598,88.67,20.5,0.2213,1
user_0072,45,51.82,115.51,6.16,4.57,0.82,49,0.93,0.1613,88.67,20.48,0.224,1
user_0072,46,51.86,115.31,6.32,4.56,0.8,49,0.92,0.1634,88.83,20.54,0.2229,1
user_0072,47,52.09,115.57,6.2,4.53,0.82,48,0.92,0.1643,88.47,20.51,0.2233,1
user_0072,48,52.04,115.6,6.14,4.56,0.8,49,0.93,0.1657,88.57,20.62,0.2237,1
user_0072,49,51.93,115.89,6.18,4.59,0.81,49,0.93,0.1633,88.69,20.63,0.224,1
user_0072,50,51.92,115.83,6.26,4.58,0.82,48,0.93,0.1608,88.6,20.49,0.2236,1
user_0072,51,52.08,115.79,6.21,4.58,0.8,48,0.92,0.1602,88.58,20.51,0.2249,1
user_0072,52,51.64,116.17,6.19,4.55,0.8,48,0.92,0.1621,88.61,20.66,0.2233,1
user_0072,53,52.22,115.84,6.13,4.54,0.79,48,0.93,0.1637,88.52,20.62,0.223,1
user_0072,54,51.81,115.97,6.33,4.58,0.8,48,0.92,0.1624,88.56,20.48,0.2263,1
user_0072,55,51.99,115.43,6.34,4.59,0.81,48,0.92,0.1606,88.78,20.51,0.2226,1
user_0072,56,52.19,115.54,6.22,4.53,0.79,49,0.92,0.1602,88.72,20.55,0.2258,1
user_0072,57,51.89,115.72,6.27,4.56,0.8,48,0.92,0.1629,88.68,20.47,0.2265,1
user_0072,58,51.87,115.55,6.28,4.56,0.78,49,0.92,0.1643,88.66,20.48,0.2253,1
user_0072,59,51.86,115.37,6.15,4.56,0.82,48,0.93,0.1629,88.58,20.33,0.2242,1
user_0073,0,66.41,118.99,3.92,3.73,0.26,40,1.0,0.0868,92.66,18.13,0.1202,0
user_0073,1,66.33,119.82,3.97,3.78,0.25,40,0.99,0.0889,92.6,18.07,0.121,0
user_0073,2,66.47,119.28,3.87,3.73,0.24,39,0.99,0.0833,92.73,17.97,0.1207,0
user_0073,3,66.47,119.81,4.02,3.72,0.27,39,0.99,0.0875,92.66,18.09,0.1208,0
user_0073,4,66.41,119.34,4.06,3.73,0.24,39,1.0,0.0852,92.8,18.11,0.1214,0
user_0073,5,66.43,119.3,4.13,3.77,0.25,40,1.01,0.0889,92.6,17.97,0.1218,0
user_0073,6,66.47,119.74,4.05,3.73,0.22,40,1.0,0.0904,92.63,17.82,0.1212,0
user_0073,7,66.5,119.44,4.1,3.71,0.25,39,1.01,0.086,92.74,17.88,0.1217,0
user_0073,8,66.29,119.83,4.07,3.74,0.23,39,1.0,0.0886,92.59,18.12,0.1223,0
user_0073,9,66.23,119.5,4.0,3.75,0.24,40,1.01,0.0877,92.5,17.95,0.1223,0
user_0073,10,66.55,118.99,4.02,3.75,0.25,40,1.01,0.0873,92.71,17.91,0.1207,0
user_0073,11,66.39,119.76,3.94,3.76,0.24,40,1.0,0.0877,92.78,17.93,0.1209,0
user_0073,12,66.29,119.55,3.99,3.75,0.25,40,1.0,0.0879,92.86,17.87,0.1195,0
user_0073,13,66.53,119.34,3.9,3.74,0.24,40,1.0,0.087,92.6,18.02,0.1198,0
user_0073,14,58.07,139.16,8.59,5.21,1.13,57,0.86,0.209,85.1,22.92,0.2206,1
user_0073,15,58.3,139.69,8.47,5.2,1.13,58,0.85,0.206,85.3,22.88,0.2212,1
user_0073,16,58.4,139.6,8.43,5.23,1.13,57,0.86,0.2089,85.11,22.85,0.2192,1
user_0073,17,58.53,139.62,8.53,5.27,1.15,58,0.84,0.2098,85.17,22.92,0.2216,1
user_0073,18,58.74,140.09,8.43,5.26,1.15,58,0.85,0.2082,85.31,22.83,0.2217,1
user_0073,19,58.26,139.44,8.5,5.2,1.14,57,0.85,0.2081,85.27,22.92,0.2227,1
user_0073,20,46.52,169.91,15.12,7.49,2.5,84,0.64,0.3864,73.99,30.59,0.3715,3
user_0073,21,46.64,170.05,15.17,7.48,2.51,84,0.63,0.3899,74.06,30.54,0.3729,3
user_0073,22,46.49,169.22,15.21,7.47,2.5,84,0.62,0.3877,74.08,30.52,0.372,3
user_0073,23,46.11,169.58,15.33,7.51,2.51,85,0.63,0.3863,74.02,30.43,0.372,3
user_0073,24,46.44,169.56,15.33,7.49,2.5,84,0.63,0.3878,74.01,30.51,0.3707,3
user_0073,25,46.49,169.4,15.28,7.4,2.49,84,0.62,0.3879,73.89,30.5,0.3708,3
user_0073,26,46.58,169.69,15.27,7.48,2.52,84,0.62,0.3856,74.02,30.66,0.3705,3
user_0073,27,46.39,169.46,15.24,7.43,2.51,85,0.62,0.39,74.09,30.19,0.3692,3
user_0073,28,46.42,169.88,15.27,7.48,2.5,84,0.63,0.3872,73.77,30.42,0.3717,3
user_0073,29,46.39,169.45,15.27,7.49,2.48,85,0.62,0.388,73.94,30.46,0.3723,3
user_0073,30,46.45,169.57,15.06,7.5,2.5,85,0.63,0.3886,73.94,30.47,0.3739,3
user_0073,31,46.51,169.6,15.24,7.46,2.48,85,0.62,0.387,73.92,30.64,0.3706,3
user_0073,32,46.47,169.68,15.15,7.44,2.49,85,0.63,0.3871,74.0,30.41,0.3712,3
user_0073,33,46.42,169.34,15.42,7.42,2.51,85,0.63,0.3875,74.07,30.46,0.3717,3
user_0073,34,46.45,169.49,15.26,7.45,2.49,85,0.64,0.3881,74.02,30.53,0.3718,3
user_0073,35,46.52,169.81,15.37,7.46,2.53,85,0.63,0.3867,73.89,30.56,0.372,3
user_0073,36,46.52,169.44,15.05,7.43,2.5,85,0.62,0.3863,73.96,30.49,0.3709,3
user_0073,37,46.19,169.34,15.32,7.45,2.5,85,0.62,0.3867,74.03,30.62,0.3707,3
user_0073,38,46.19,169.87,15.29,7.49,2.51,84,0.63,0.3869,73.99,30.58,0.3723,3
user_0073,39,46.53,169.61,15.27,7.49,2.49,84,0.63,0.3883,73.87,30.39,0.3697,3
user_0073,40,40.65,183.42,18.37,8.52,3.12,97,0.52,0.4715,68.74,34.08,0.4417,4
user_0073,41,40.85,183.77,18.51,8.51,3.13,97,0.52,0.4729,68.66,33.9,0.4409,4
user_0073,42,40.69,183.28,18.49,8.54,3.12,97,0.52,0.4702,68.8,33.99,0.4435,4
user_0073,43,40.83,183.41,18.47,8.49,3.13,97,0.51,0.4711,68.77,34.02,0.4414,4
user_0073,44,40.45,183.51,18.39,8.54,3.12,97,0.52,0.4709,68.74,33.88,0.4422,4
user_0073,45,40.63,183.72,18.38,8.52,3.1,97,0.52,0.4736,68.68,33.93,0.4422,4
user_0073,46,40.76,183.81,18.42,8.51,3.14,97,0.52,0.4711,68.74,34.19,0.4415,4
user_0073,47,40.78,183.94,18.45,8.52,3.14,97,0.52,0.473,68.79,33.91,0.4401,4
user_0073,48,40.87,183.73,18.32,8.54,3.11,97,0.52,0.4711,68.77,34.08,0.4418,4
user_0073,49,40.99,183.65,18.51,8.49,3.13,97,0.52,0.4721,68.7,34.08,0.4402,4
user_0073,50,41.18,183.45,18.42,8.52,3.13,97,0.52,0.4722,68.44,33.97,0.441,4
user_0073,51,41.18,183.77,18.51,8.54,3.13,97,0.53,0.4739,68.71,33.94,0.4423,4
user_0073,52,40.71,183.65,18.45,8.53,3.12,97,0.52,0.4697,68.64,33.85,0.4419,4
user_0073,53,40.89,183.62,18.37,8.52,3.12,97,0.51,0.4714,68.62,34.18,0.4419,4
user_0073,54,40.84,183.28,18.3,8.54,3.15,97,0.52,0.4716,68.69,34.02,0.4407,4
user_0073,55,40.69,183.58,18.51,8.55,3.11,97,0.52,0.4736,68.86,33.98,0.4422,4
user_0073,56,40.87,183.52,18.4,8.53,3.14,97,0.52,0.4736,68.83,34.06,0.4406,4
user_0073,57,40.95,183.88,18.36,8.54,3.13,97,0.52,0.4715,68.59,33.89,0.4405,4
user_0073,58,40.88,183.19,18.23,8.56,3.12,97,0.52,0.4692,68.54,33.94,0.4423,4
user_0073,59,40.83,183.55,18.38,8.54,3.14,98,0.52,0.4736,68.78,34.03,0.4391,4
user_0074,0,56.67,111.4,3.87,4.3,0.29,39,1.0,0.0907,98.26,17.96,0.1592,0
user_0074,1,57.05,111.31,3.84,4.25,0.28,39,1.0,0.0888,98.06,17.92,0.1576,0
user_0074,2,57.04,111.88,3.95,4.28,0.29,40,1.0,0.0886,98.21,18.09,0.1581,0
user_0074,3,56.72,111.55,3.93,4.3,0.29,40,1.0,0.0868,98.13,18.08,0.1604,0
user_0074,4,56.93,111.59,4.06,4.29,0.27,39,1.0,0.0883,98.01,18.05,0.1585,0
user_0074,5,56.89,111.63,3.97,4.32,0.29,40,1.01,0.0889,98.17,17.9,0.1586,0
user_0074,6,56.83,111.74,3.88,4.29,0.28,40,1.0,0.0896,98.28,18.2,0.1601,0
user_0074,7,56.93,111.66,3.97,4.27,0.26,39,1.0,0.0897,98.07,17.93,0.1587,0
user_0074,8,57.12,111.19,3.96,4.29,0.28,39,1.0,0.0905,97.96,17.68,0.1612,0
user_0074,9,56.91,111.37,3.99,4.3,0.27,40,1.0,0.0877,97.9,18.13,0.1598,0
user_0074,10,56.86,111.72,3.93,4.29,0.29,40,1.0,0.09,98.06,17.95,0.1609,0
user_0074,11,56.81,111.72,4.11,4.24,0.3,40,1.0,0.0892,97.99,17.92,0.1581,0
user_0074,12,57.23,111.56,3.9,4.31,0.29,40,1.0,0.0881,98.27,18.04,0.1587,0
user_0074,13,57.09,111.83,4.14,4.29,0.29,40,1.0,0.0867,98.12,18.07,0.1568,0
user_0074,14,49.06,131.6,8.53,5.78,1.19,58,0.84,0.2073,90.57,22.94,0.2603,1
user_0074,15,48.83,131.89,8.32,5.78,1.19,57,0.85,0.2099,90.61,22.99,0.2606,1
user_0074,16,49.0,131.75,8.57,5.73,1.17,57,0.85,0.2114,90.37,22.96,0.2603,1
user_0074,17,48.72,131.71,8.53,5.8,1.17,57,0.84,0.2104,90.45,23.0,0.2613,1
user_0074,18,49.15,131.18,8.48,5.79,1.18,58,0.85,0.2115,90.51,23.07,0.2591,1
user_0074,19,49.21,131.72,8.5,5.78,1.17,58,0.85,0.2059,90.46,23.02,0.258,1
user_0074,20,36.86,161.14,15.19,8.08,2.52,84,0.64,0.3892,79.34,30.4,0.4095,3
user_0074,21,37.24,161.32,15.24,8.01,2.55,84,0.62,0.387,79.17,30.51,0.4089,3
user_0074,22,37.03,161.77,15.12,8.04,2.52,85,0.63,0.3883,79.44,30.36,0.4081,3
user_0074,23,37.01,162.15,15.18,8.04,2.54,85,0.63,0.3877,79.31,30.5,0.4103,3
user_0074,24,36.96,161.96,15.25,8.04,2.53,84,0.62,0.3888,79.15,30.47,0.4109,3
user_0074,25,36.7,161.56,15.21,8.05,2.54,85,0.61,0.3857,79.04,30.49,0.4076,3
user_0074,26,36.62,161.39,15.2,8.03,2.53,85,0.63,0.3883,79.38,30.47,0.4088,3
user_0074,27,36.89,161.61,15.3,8.05,2.54,85,0.62,0.3929,79.18,30.51,0.4122,3
user_0074,28,37.11,161.44,15.34,8.04,2.52,85,0.62,0.3884,79.31,30.57,0.4101,3
user_0074,29,36.87,161.71,15.23,8.06,2.52,84,0.62,0.3898,79.49,30.65,0.4101,3
user_0074,30,37.06,162.13,15.21,8.03,2.54,84,0.62,0.3865,79.23,30.68,0.4091,3
user_0074,31,36.86,161.6,15.27,7.99,2.52,84,0.63,0.3886,79.29,30.48,0.4081,3
user_0074,32,37.05,162.08,15.2,8.06,2.53,84,0.63,0.3863,79.17,30.68,0.4088,3
user_0074,33,37.16,161.59,15.06,8.05,2.53,84,0.63,0.3901,79.23,30.61,0.4095,3
user_0074,34,36.99,161.43,15.18,8.07,2.53,85,0.62,0.3895,79.28,30.57,0.4078,3
user_0074,35,36.77,161.34,15.25,7.98,2.53,85,0.62,0.3881,79.5,30.46,0.4082,3
user_0074,36,36.92,161.91,15.16,8.05,2.53,84,0.62,0.3901,79.2,30.54,0.4077,3
user_0074,37,37.12,161.81,15.22,8.03,2.54,84,0.62,0.3887,79.14,30.59,0.4113,3
user_0074,38,37.34,161.13,15.34,8.02,2.53,84,0.63,0.385,79.19,30.27,0.4087,3
user_0074,39,36.93,161.22,15.29,8.05,2.54,85,0.62,0.3891,79.21,30.51,0.4094,3
user_0074,40,31.61,175.75,18.44,9.08,3.13,97,0.52,0.4711,74.13,34.1,0.4782,4
user_0074,41,31.38,175.59,18.49,9.1,3.17,97,0.52,0.474,74.29,33.95,0.4789,4
user_0074,42,31.27,175.51,18.5,9.07,3.16,97,0.53,0.4749,74.11,34.04,0.4787,4
user_0074,43,31.08,175.47,18.41,9.11,3.18,97,0.53,0.473,74.08,33.97,0.4788,4
user_0074,44,31.29,175.48,18.35,9.11,3.17,97,0.52,0.4725,73.97,33.9,0.4789,4
user_0074,45,31.41,175.68,18.38,9.07,3.17,97,0.52,0.4719,74.19,33.87,0.4787,4
user_0074,46,31.23,175.62,18.35,9.09,3.17,97,0.52,0.473,74.1,33.77,0.4793,4
user_0074,47,31.21,175.46,18.39,9.11,3.14,97,0.52,0.4734,74.28,34.16,0.4795,4
user_0074,48,31.46,175.61,18.46,9.09,3.16,97,0.52,0.4748,74.12,34.01,0.4763,4
user_0074,49,31.43,175.6,18.32,9.09,3.16,97,0.52,0.4724,74.04,33.96,0.4795,4
user_0074,50,31.46,175.94,18.44,9.11,3.17,97,0.52,0.4733,74.22,34.11,0.4805,4
user_0074,51,31.1,175.13,18.36,9.1,3.16,97,0.51,0.4718,73.97,33.91,0.4785,4
user_0074,52,31.21,175.02,18.51,9.08,3.15,97,0.52,0.4729,73.99,34.1,0.4787,4
user_0074,53,31.34,176.05,18.55,9.12,3.15,97,0.52,0.4724,74.11,33.81,0.4782,4
user_0074,54,31.39,175.59,18.37,9.05,3.15,97,0.51,0.4715,74.04,34.05,0.4802,4
user_0074,55,31.22,175.53,18.38,9.08,3.16,97,0.52,0.4723,74.06,34.01,0.4786,4
user_0074,56,31.49,175.5,18.41,9.09,3.16,97,0.52,0.4727,74.06,33.97,0.4797,4
user_0074,57,31.2,175.97,18.51,9.07,3.16,97,0.52,0.4762,74.12,34.07,0.4788,4
user_0074,58,31.36,175.6,18.29,9.09,3.17,98,0.52,0.4725,74.05,34.04,0.48,4
user_0074,59,31.54,175.09,18.48,9.06,3.15,97,0.52,0.4708,74.0,34.03,0.4797,4
user_0075,0,63.76,124.37,3.91,4.91,0.31,40,0.99,0.0992,92.36,18.08,0.1026,0
user_0075,1,63.62,124.37,4.03,4.94,0.3,39,1.01,0.0981,92.45,17.88,0.1009,0
user_0075,2,63.51,124.24,4.08,4.94,0.29,39,1.0,0.0985,92.56,18.07,0.1024,0
user_0075,3,63.64,124.4,3.94,4.94,0.32,40,1.0,0.0971,92.46,18.01,0.1046,0
user_0075,4,63.48,124.23,3.88,4.91,0.29,40,1.01,0.0984,92.31,17.85,0.1019,0
user_0075,5,63.76,124.22,4.14,4.95,0.31,39,1.0,0.101,92.35,18.09,0.1027,0
user_0075,6,63.78,124.21,3.98,4.91,0.3,40,1.0,0.0978,92.55,18.12,0.1042,0
user_0075,7,63.38,124.46,4.01,4.9,0.31,39,1.0,0.1037,92.44,18.04,0.1035,0
user_0075,8,63.7,124.14,3.88,4.91,0.31,39,1.01,0.0988,92.56,17.78,0.1041,0
user_0075,9,63.6,124.73,4.02,4.93,0.32,39,1.0,0.0981,92.27,17.95,0.102,0
user_0075,10,63.45,124.53,4.0,4.92,0.32,39,1.0,0.0991,92.12,17.99,0.1034,0
user_0075,11,63.83,124.28,3.83,4.85,0.32,39,1.01,0.0965,92.45,18.17,0.1029,0
user_0075,12,63.43,125.11,4.12,4.91,0.32,40,1.0,0.0966,92.45,18.15,0.1032,0
user_0075,13,63.73,124.28,3.93,4.88,0.32,39,0.99,0.1001,92.35,17.91,0.1022,0
user_0075,14,54.04,148.53,9.33,6.74,1.4,61,0.82,0.242,83.42,24.15,0.2222,1
user_0075,15,54.1,148.24,9.44,6.72,1.4,61,0.82,0.2445,83.37,23.99,0.2228,1
user_0075,16,54.04,148.46,9.45,6.71,1.39,61,0.82,0.2421,83.32,24.0,0.2231,1
user_0075,17,54.03,148.22,9.39,6.72,1.39,62,0.82,0.2424,83.49,23.93,0.2246,1
user_0075,18,54.07,148.55,9.4,6.74,1.38,61,0.82,0.2436,83.34,24.03,0.2217,1
user_0075,19,54.25,148.09,9.41,6.71,1.38,61,0.82,0.2413,83.35,24.04,0.2236,1
user_0075,20,54.17,148.4,9.42,6.72,1.38,61,0.81,0.2435,83.43,23.78,0.2236,2
user_0075,21,53.99,148.26,9.47,6.71,1.4,61,0.82,0.2429,83.45,23.98,0.2243,2
user_0075,22,54.35,147.86,9.47,6.69,1.4,61,0.82,0.2414,83.37,23.96,0.2219,2
user_0075,23,53.96,148.31,9.39,6.72,1.41,61,0.82,0.2438,83.34,23.77,0.2207,2
user_0075,24,53.74,148.8,9.45,6.73,1.4,61,0.83,0.2431,83.41,24.11,0.2233,2
user_0075,25,54.27,148.76,9.37,6.72,1.38,61,0.82,0.2441,83.21,23.93,0.2227,2
user_0075,26,54.09,148.92,9.35,6.71,1.4,61,0.82,0.2417,83.44,23.98,0.2233,2
user_0075,27,54.12,147.68,9.27,6.7,1.4,61,0.82,0.2435,83.47,23.95,0.2215,2
user_0075,28,53.87,149.15,9.43,6.76,1.38,61,0.82,0.2426,83.38,23.91,0.2218,2
user_0075,29,54.07,148.27,9.41,6.69,1.4,61,0.83,0.2426,83.4,24.16,0.2222,2
user_0075,30,54.01,148.24,9.42,6.7,1.4,61,0.82,0.2437,83.36,23.93,0.2223,2
user_0075,31,54.07,148.5,9.43,6.71,1.38,61,0.82,0.2417,83.47,24.06,0.2242,2
user_0075,32,54.0,148.33,9.23,6.69,1.38,61,0.83,0.2435,83.51,23.93,0.2214,2
user_0075,33,54.03,148.26,9.34,6.72,1.38,61,0.82,0.2426,83.42,23.95,0.2239,2
user_0075,34,53.83,148.73,9.37,6.74,1.39,61,0.82,0.243,83.52,24.01,0.224,2
user_0075,35,54.12,148.23,9.37,6.74,1.38,61,0.82,0.2407,83.43,23.93,0.2221,2
user_0075,36,59.58,134.44,6.22,5.67,0.77,49,0.93,0.1617,88.63,20.38,0.1524,1
user_0075,37,59.69,134.97,6.22,5.67,0.75,48,0.92,0.1564,88.8,20.61,0.1523,1
user_0075,38,59.83,134.09,6.24,5.67,0.77,49,0.93,0.1579,88.69,20.63,0.151,1
user_0075,39,59.84,134.36,6.14,5.66,0.77,48,0.93,0.1562,88.48,20.39,0.1537,1
user_0075,40,59.66,134.69,6.34,5.65,0.78,48,0.93,0.1601,88.67,20.51,0.153,1
user_0075,41,59.69,134.31,6.21,5.66,0.77,48,0.92,0.1581,88.64,20.53,0.1513,1
user_0075,42,59.82,134.63,6.3,5.66,0.75,48,0.93,0.1596,88.65,20.54,0.1522,1
user_0075,43,59.71,134.35,6.27,5.62,0.77,49,0.93,0.1571,88.59,20.41,0.153,1
user_0075,44,59.77,134.24,6.35,5.7,0.76,49,0.92,0.1578,88.54,20.41,0.1532,1
user_0075,45,59.78,134.61,6.27,5.68,0.74,48,0.92,0.1595,88.62,20.36,0.152,1
user_0075,46,59.53,133.98,6.42,5.7,0.74,48,0.92,0.1564,88.9,20.42,0.153,1
user_0075,47,59.6,134.12,6.33,5.68,0.76,49,0.93,0.1579,88.85,20.54,0.1543,1
user_0075,48,59.67,133.66,6.13,5.69,0.75,49,0.93,0.1589,88.58,20.5,0.1528,1
user_0075,49,59.61,134.07,6.22,5.66,0.75,48,0.92,0.1558,88.68,20.52,0.1521,1
user_0075,50,59.47,134.51,6.29,5.67,0.76,49,0.92,0.1573,88.66,20.46,0.1526,1
user_0075,51,59.8,134.11,6.26,5.63,0.75,49,0.93,0.1589,88.5,20.48,0.1506,1
user_0075,52,59.68,134.1,6.29,5.67,0.75,49,0.94,0.1583,88.75,20.29,0.1531,1
user_0075,53,59.59,134.34,6.29,5.66,0.74,49,0.92,0.1574,88.68,20.51,0.1531,1
user_0075,54,59.69,134.7,6.29,5.64,0.73,49,0.93,0.1567,88.56,20.54,0.1531,1
user_0075,55,59.84,134.82,6.27,5.64,0.75,48,0.93,0.1579,88.76,20.35,0.1529,1
user_0075,56,59.56,134.54,6.23,5.68,0.76,48,0.93,0.1585,88.67,20.58,0.1526,1
user_0075,57,59.43,134.27,6.11,5.66,0.77,49,0.93,0.1606,88.69,20.26,0.1533,1
user_0075,58,59.56,134.63,6.27,5.68,0.77,49,0.93,0.1567,88.77,20.46,0.154,1
user_0075,59,59.9,134.57,6.15,5.65,0.77,49,0.93,0.1582,88.54,20.38,0.1529,1
user_0076,0,65.66,100.13,4.0,4.68,0.44,40,1.0,0.1137,97.29,17.88,0.1309,0
user_0076,1,65.47,100.39,3.96,4.65,0.44,39,1.01,0.1123,97.28,17.92,0.1295,0
user_0076,2,65.53,100.23,4.1,4.68,0.43,40,1.0,0.1143,97.44,17.81,0.1321,0
user_0076,3,65.37,100.19,3.84,4.69,0.43,40,1.0,0.1141,97.14,18.06,0.1311,0
user_0076,4,65.66,100.25,4.09,4.69,0.42,40,1.0,0.1125,97.32,18.05,0.1314,0
user_0076,5,65.69,100.34,4.15,4.66,0.44,40,1.0,0.1121,97.26,18.06,0.1311,0
user_0076,6,65.89,99.87,3.92,4.67,0.43,39,1.0,0.1159,97.55,18.05,0.1296,0
user_0076,7,65.49,100.15,3.96,4.67,0.44,39,1.0,0.1133,97.27,18.09,0.1307,0
user_0076,8,65.59,100.14,3.96,4.67,0.43,40,1.01,0.1125,97.36,18.06,0.1313,0
user_0076,9,65.71,100.32,4.05,4.64,0.44,39,1.0,0.114,97.34,18.07,0.1309,0
user_0076,10,65.88,100.23,3.93,4.65,0.44,40,1.0,0.113,97.19,18.19,0.1293,0
user_0076,11,65.37,100.01,4.04,4.65,0.43,39,1.01,0.1131,97.4,18.21,0.1327,0
user_0076,12,65.47,100.19,4.06,4.67,0.43,39,1.01,0.1154,97.38,18.0,0.1301,0
user_0076,13,65.63,100.46,4.04,4.61,0.45,40,0.99,0.1135,97.33,18.02,0.1297,0
user_0076,14,55.97,123.72,9.49,6.44,1.53,61,0.82,0.2555,88.33,24.11,0.2515,1
user_0076,15,56.09,124.09,9.46,6.42,1.52,61,0.81,0.2561,88.47,24.06,0.2516,1
user_0076,16,55.94,123.71,9.51,6.45,1.51,61,0.83,0.2571,88.29,24.06,0.2503,1
user_0076,17,55.92,123.83,9.3,6.49,1.53,61,0.82,0.2568,88.24,23.92,0.2508,1
user_0076,18,55.9,124.13,9.32,6.45,1.51,61,0.83,0.2558,88.4,23.7,0.2507,1
user_0076,19,55.69,124.43,9.55,6.46,1.53,61,0.82,0.2579,88.29,24.0,0.251,1
user_0076,20,56.04,124.21,9.56,6.51,1.53,62,0.81,0.2578,88.39,23.96,0.2528,2
user_0076,21,56.25,124.26,9.35,6.43,1.51,62,0.82,0.2583,88.34,23.8,0.2504,2
user_0076,22,55.86,124.33,9.47,6.46,1.53,61,0.82,0.2574,88.23,23.97,0.2513,2
user_0076,23,56.01,123.77,9.43,6.46,1.51,61,0.82,0.257,88.28,24.03,0.2504,2
user_0076,24,56.09,124.09,9.28,6.43,1.51,61,0.82,0.2572,88.35,23.88,0.2504,2
user_0076,25,56.03,124.06,9.44,6.48,1.52,61,0.82,0.2568,88.33,23.89,0.2512,2
user_0076,26,55.91,124.07,9.44,6.47,1.5,61,0.82,0.2569,88.44,23.95,0.2497,2
user_0076,27,55.87,124.24,9.48,6.49,1.51,61,0.82,0.2588,88.35,23.86,0.2506,2
user_0076,28,55.85,124.21,9.4,6.46,1.51,61,0.83,0.259,88.35,24.13,0.2497,2
user_0076,29,55.96,123.89,9.36,6.44,1.53,61,0.82,0.2543,88.1,24.17,0.2504,2
user_0076,30,56.35,124.09,9.31,6.46,1.52,61,0.82,0.2543,88.15,24.12,0.2526,2
user_0076,31,55.96,123.67,9.49,6.44,1.52,61,0.82,0.2553,88.45,24.05,0.251,2
user_0076,32,56.01,124.22,9.31,6.48,1.53,61,0.82,0.256,88.35,23.96,0.249,2
user_0076,33,55.97,124.41,9.3,6.5,1.51,61,0.83,0.2594,88.47,23.92,0.2518,2
user_0076,34,55.92,123.89,9.36,6.5,1.51,61,0.83,0.2564,88.37,23.91,0.2503,2
user_0076,35,55.98,123.98,9.39,6.44,1.52,61,0.81,0.2564,88.26,23.94,0.2526,2
user_0076,36,61.82,110.0,6.15,5.45,0.89,48,0.92,0.1728,93.73,20.46,0.1811,1
user_0076,37,61.52,110.24,6.13,5.43,0.89,48,0.91,0.175,93.38,20.63,0.1798,1
user_0076,38,61.66,110.28,6.37,5.39,0.89,48,0.92,0.1728,93.64,20.75,0.1804,1
user_0076,39,61.6,110.13,6.26,5.42,0.88,48,0.92,0.1756,93.56,20.49,0.1806,1
user_0076,40,61.5,110.1,6.25,5.41,0.89,49,0.92,0.1743,93.75,20.33,0.1801,1
user_0076,41,61.27,110.25,6.34,5.42,0.89,48,0.93,0.1725,93.66,20.7,0.1822,1
user_0076,42,61.95,110.29,6.28,5.41,0.89,49,0.93,0.1723,93.45,20.5,0.1797,1
user_0076,43,61.57,109.7,6.25,5.39,0.89,48,0.92,0.172,93.55,20.53,0.1812,1
user_0076,44,61.49,109.94,6.25,5.42,0.89,49,0.92,0.1741,93.64,20.59,0.1804,1
user_0076,45,61.64,110.25,6.24,5.44,0.88,49,0.93,0.1749,93.75,20.48,0.1822,1
user_0076,46,61.65,110.21,6.28,5.38,0.9,48,0.93,0.1689,93.53,20.5,0.1813,1
user_0076,47,61.82,110.11,6.16,5.4,0.89,49,0.92,0.1718,93.5,20.48,0.1813,1
user_0076,48,61.49,110.39,6.31,5.36,0.88,49,0.93,0.1708,93.38,20.52,0.1797,1
user_0076,49,61.6,109.94,6.32,5.43,0.88,49,0.93,0.1731,93.49,20.43,0.1822,1
user_0076,50,61.62,110.18,6.21,5.42,0.89,48,0.93,0.1728,93.44,20.55,0.1803,1
user_0076,51,61.45,109.95,6.33,5.39,0.88,49,0.92,0.1711,93.65,20.46,0.1794,1
user_0076,52,61.65,110.33,6.29,5.43,0.89,48,0.92,0.1716,93.56,20.34,0.1795,1
user_0076,53,61.81,110.35,6.26,5.45,0.89,49,0.92,0.1722,93.65,20.56,0.1826,1
user_0076,54,61.61,109.49,6.28,5.35,0.88,49,0.93,0.1711,93.6,20.66,0.1808,1
user_0076,55,61.51,110.59,6.32,5.42,0.87,48,0.92,0.17,93.69,20.56,0.18,1
user_0076,56,61.52,110.01,6.18,5.48,0.88,48,0.92,0.1699,93.43,20.61,0.1803,1
user_0076,57,61.67,110.24,6.28,5.4,0.9,49,0.93,0.173,93.42,20.58,0.1805,1
user_0076,58,61.48,109.87,6.32,5.38,0.88,49,0.92,0.1732,93.67,20.56,0.1807,1
user_0076,59,61.54,109.77,6.25,5.4,0.89,48,0.93,0.172,93.5,20.54,0.1808,1
user_0077,0,63.06,113.64,3.96,4.02,0.28,39,1.0,0.1036,96.39,18.02,0.1048,0
user_0077,1,63.04,113.52,4.13,4.03,0.27,40,1.01,0.1028,96.63,17.89,0.1039,0
user_0077,2,62.72,114.18,3.87,4.03,0.29,40,1.0,0.1046,96.41,18.05,0.1046,0
user_0077,3,63.02,113.73,4.09,4.06,0.27,39,1.0,0.1056,96.62,17.89,0.1064,0
user_0077,4,62.93,113.85,3.95,4.07,0.26,39,1.0,0.1066,96.5,17.9,0.1039,0
user_0077,5,62.78,113.82,3.91,4.05,0.28,39,1.01,0.104,96.49,17.92,0.1051,0
user_0077,6,63.1,113.8,4.01,4.03,0.27,40,0.99,0.1012,96.48,17.92,0.1049,0
user_0077,7,62.87,113.44,4.15,4.02,0.26,39,1.01,0.1045,96.33,17.92,0.1049,0
user_0077,8,63.03,113.28,3.89,3.99,0.25,39,1.01,0.1017,96.58,18.0,0.1045,0
user_0077,9,62.79,113.97,4.01,3.98,0.27,39,1.0,0.103,96.59,17.89,0.1053,0
user_0077,10,63.24,114.31,4.08,4.03,0.27,40,1.0,0.1039,96.69,17.99,0.1027,0
user_0077,11,62.91,113.76,3.94,4.01,0.27,40,1.0,0.1018,96.61,17.95,0.1055,0
user_0077,12,63.04,113.68,4.06,3.97,0.27,40,1.0,0.1021,96.47,17.75,0.1041,0
user_0077,13,63.07,114.05,4.14,4.01,0.28,39,0.99,0.1036,96.66,17.96,0.1038,0
user_0077,14,53.45,137.65,9.6,5.85,1.35,60,0.82,0.2494,87.48,24.08,0.2251,1
user_0077,15,53.37,138.1,9.41,5.8,1.35,61,0.81,0.2471,87.48,23.85,0.2255,1
user_0077,16,53.48,137.9,9.49,5.82,1.34,61,0.82,0.2467,87.38,24.06,0.2238,1
user_0077,17,53.17,137.54,9.41,5.79,1.34,61,0.82,0.2471,87.54,23.95,0.2237,1
user_0077,18,53.46,137.81,9.52,5.85,1.34,61,0.82,0.2454,87.44,24.07,0.225,1
user_0077,19,53.44,137.52,9.29,5.81,1.35,61,0.82,0.2472,87.4,24.04,0.225,1
user_0077,20,53.39,137.58,9.38,5.8,1.35,61,0.82,0.2474,87.45,24.01,0.223,2
user_0077,21,53.36,138.1,9.27,5.86,1.35,61,0.82,0.2485,87.24,24.14,0.225,2
user_0077,22,53.59,137.24,9.38,5.76,1.36,61,0.82,0.2438,87.52,24.01,0.224,2
user_0077,23,53.48,137.49,9.27,5.81,1.37,61,0.82,0.247,87.44,24.07,0.2253,2
user_0077,24,53.43,137.73,9.28,5.81,1.34,61,0.82,0.2448,87.55,24.1,0.2247,2
user_0077,25,53.35,137.94,9.44,5.85,1.34,61,0.82,0.247,87.53,24.01,0.2261,2
user_0077,26,53.38,137.42,9.35,5.8,1.35,61,0.82,0.247,87.43,24.1,0.2228,2
user_0077,27,53.1,137.93,9.47,5.85,1.36,61,0.82,0.2443,87.49,23.86,0.2272,2
user_0077,28,53.28,137.66,9.51,5.81,1.35,60,0.81,0.2475,87.64,23.91,0.2249,2
user_0077,29,53.85,137.82,9.47,5.8,1.37,61,0.82,0.2489,87.41,24.0,0.2264,2
user_0077,30,53.3,137.62,9.35,5.81,1.35,61,0.83,0.2469,87.4,24.07,0.2247,2
user_0077,31,53.44,137.42,9.28,5.82,1.34,61,0.83,0.2466,87.58,24.03,0.2253,2
user_0077,32,53.36,137.97,9.42,5.81,1.35,61,0.82,0.2466,87.42,24.16,0.2243,2
user_0077,33,53.75,137.7,9.38,5.81,1.35,61,0.81,0.2467,87.27,24.1,0.2257,2
user_0077,34,53.44,137.73,9.29,5.81,1.34,61,0.82,0.2486,87.53,23.97,0.224,2
user_0077,35,53.45,137.76,9.38,5.8,1.36,61,0.81,0.2461,87.55,24.1,0.2248,2
user_0077,36,59.09,123.75,6.32,4.74,0.72,48,0.93,0.1611,92.76,20.41,0.1555,1
user_0077,37,59.1,123.74,6.4,4.75,0.73,49,0.93,0.1616,92.7,20.44,0.1544,1
user_0077,38,58.91,123.59,6.36,4.76,0.72,48,0.92,0.1639,92.77,20.64,0.1535,1
user_0077,39,58.93,123.58,6.36,4.78,0.71,49,0.93,0.164,92.88,20.4,0.1563,1
user_0077,40,59.03,123.58,6.26,4.74,0.72,48,0.92,0.1617,92.84,20.48,0.1537,1
user_0077,41,59.11,123.87,6.25,4.74,0.69,48,0.93,0.1641,92.64,20.48,0.1554,1
user_0077,42,59.02,123.92,6.24,4.78,0.72,48,0.93,0.1604,92.66,20.49,0.1556,1
user_0077,43,58.91,123.71,6.15,4.78,0.74,48,0.92,0.1639,93.02,20.56,0.154,1
user_0077,44,59.02,123.38,6.31,4.8,0.73,48,0.92,0.1649,92.86,20.4,0.1543,1
user_0077,45,59.16,123.62,6.25,4.73,0.71,48,0.92,0.1609,92.69,20.41,0.1548,1
user_0077,46,59.19,123.61,6.22,4.8,0.73,49,0.91,0.162,92.67,20.42,0.1558,1
user_0077,47,58.96,123.33,6.27,4.77,0.71,49,0.93,0.1634,92.77,20.61,0.1546,1
user_0077,48,58.85,123.63,6.13,4.74,0.74,48,0.92,0.1637,92.81,20.33,0.155,1
user_0077,49,58.96,123.76,6.23,4.74,0.72,49,0.93,0.1632,92.68,20.38,0.1546,1
user_0077,50,58.98,123.76,6.25,4.78,0.72,49,0.93,0.1616,92.82,20.38,0.1539,1
user_0077,51,58.92,124.01,6.24,4.76,0.72,49,0.93,0.1604,92.85,20.29,0.1556,1
user_0077,52,59.21,123.99,6.29,4.74,0.73,48,0.92,0.162,92.69,20.52,0.154,1
user_0077,53,59.09,123.34,6.25,4.76,0.73,49,0.92,0.1597,92.58,20.61,0.1546,1
user_0077,54,59.3,123.91,6.27,4.77,0.71,48,0.93,0.1621,92.77,20.6,0.1545,1
user_0077,55,58.97,123.46,6.31,4.79,0.74,49,0.92,0.1634,92.69,20.41,0.1548,1
user_0077,56,59.11,123.81,6.28,4.8,0.73,49,0.92,0.163,92.71,20.39,0.1552,1
user_0077,57,59.12,123.79,6.29,4.77,0.72,49,0.93,0.1588,92.48,20.62,0.1529,1
user_0077,58,58.96,123.38,6.23,4.78,0.71,48,0.93,0.1666,92.78,20.41,0.1556,1
user_0077,59,59.3,123.95,6.13,4.78,0.72,49,0.92,0.1638,92.69,20.64,0.1547,1
user_0078,0,58.21,120.65,3.94,4.27,0.36,40,1.01,0.0981,96.61,18.1,0.1482,0
user_0078,1,58.11,120.66,3.86,4.29,0.35,40,1.0,0.0961,96.57,18.0,0.1504,0
user_0078,2,58.32,120.79,4.04,4.29,0.35,40,1.0,0.0997,96.73,17.97,0.1484,0
user_0078,3,58.26,120.71,4.09,4.26,0.37,40,1.0,0.0984,96.81,18.14,0.1508,0
user_0078,4,58.47,120.73,4.0,4.32,0.34,39,1.0,0.0974,96.71,18.06,0.1498,0
user_0078,5,58.24,120.96,3.96,4.28,0.35,39,0.99,0.0993,96.75,17.9,0.1509,0
user_0078,6,58.17,120.54,4.03,4.24,0.36,40,1.01,0.0954,96.55,17.98,0.1494,0
user_0078,7,58.33,121.1,4.08,4.27,0.37,39,1.0,0.098,96.71,18.09,0.1505,0
user_0078,8,58.32,120.59,3.93,4.3,0.36,40,1.0,0.0984,96.64,17.96,0.1509,0
user_0078,9,58.38,120.77,3.97,4.28,0.36,39,1.0,0.0966,96.82,17.8,0.1491,0
user_0078,10,58.33,121.11,3.96,4.28,0.36,40,1.0,0.0985,96.7,18.03,0.1513,0
user_0078,11,58.19,120.66,3.98,4.27,0.36,39,1.0,0.098,96.69,18.04,0.1505,0
user_0078,12,58.06,120.79,4.12,4.27,0.39,39,1.0,0.0978,96.53,17.92,0.1504,0
user_0078,13,58.18,120.5,4.09,4.29,0.36,40,1.0,0.0958,96.63,18.03,0.1502,0
user_0078,14,50.1,140.37,8.54,5.77,1.26,58,0.85,0.2166,89.33,22.99,0.2484,1
user_0078,15,50.06,140.45,8.45,5.79,1.27,57,0.85,0.2195,89.37,23.04,0.2479,1
user_0078,16,50.01,140.94,8.51,5.77,1.25,57,0.85,0.2181,89.27,23.13,0.2488,1
user_0078,17,50.35,140.53,8.49,5.77,1.27,57,0.85,0.2181,89.28,23.06,0.2516,1
user_0078,18,50.12,140.92,8.53,5.77,1.27,58,0.85,0.2148,89.16,22.93,0.2499,1
user_0078,19,50.21,141.16,8.44,5.8,1.25,57,0.85,0.2161,89.21,23.0,0.2505,1
user_0078,20,38.06,170.76,15.19,8.07,2.6,84,0.62,0.3957,77.93,30.56,0.4004,3
user_0078,21,37.89,170.9,15.27,8.05,2.62,84,0.62,0.3978,78.02,30.37,0.3998,3
user_0078,22,38.13,170.59,15.22,8.05,2.62,84,0.62,0.3989,78.0,30.62,0.4003,3
user_0078,23,38.41,170.14,15.24,8.02,2.63,84,0.62,0.3964,77.87,30.46,0.4006,3
user_0078,24,38.43,170.96,15.44,8.07,2.6,84,0.63,0.3956,77.89,30.57,0.4016,3
user_0078,25,38.22,170.77,15.29,7.99,2.61,84,0.63,0.3967,78.04,30.54,0.3995,3
user_0078,26,38.13,170.54,15.37,7.98,2.61,85,0.61,0.3993,77.94,30.57,0.4005,3
user_0078,27,38.35,170.92,15.31,8.05,2.62,85,0.62,0.3981,78.0,30.35,0.4016,3
user_0078,28,38.31,170.8,15.22,8.06,2.6,85,0.63,0.3972,78.06,30.33,0.3987,3
user_0078,29,38.22,170.74,15.28,8.04,2.62,84,0.62,0.3952,77.79,30.5,0.3996,3
user_0078,30,38.26,170.81,15.27,8.0,2.61,84,0.63,0.3979,78.11,30.4,0.3994,3
user_0078,31,38.35,170.6,15.28,8.02,2.62,84,0.63,0.3985,77.97,30.54,0.399,3
user_0078,32,38.32,170.6,15.1,8.04,2.6,85,0.63,0.3953,78.08,30.44,0.4008,3
user_0078,33,38.11,170.73,15.27,7.99,2.6,85,0.63,0.3974,78.01,30.42,0.3998,3
user_0078,34,38.01,170.6,15.34,8.04,2.61,84,0.62,0.3988,78.13,30.46,0.3979,3
user_0078,35,38.44,170.5,15.28,8.05,2.62,84,0.63,0.3968,77.72,30.46,0.4001,3
user_0078,36,38.06,170.74,15.27,8.07,2.6,85,0.62,0.3941,77.87,30.45,0.4001,3
user_0078,37,38.39,170.74,15.2,8.02,2.62,85,0.62,0.3953,77.83,30.6,0.3988,3
user_0078,38,38.28,171.14,15.19,8.03,2.61,84,0.62,0.3976,77.82,30.71,0.3992,3
user_0078,39,38.19,170.57,15.23,8.02,2.59,84,0.63,0.3998,77.81,30.34,0.3977,3
user_0078,40,32.47,184.58,18.43,9.08,3.25,97,0.52,0.4812,72.77,34.06,0.4682,4
user_0078,41,32.69,184.57,18.47,9.1,3.26,97,0.52,0.4804,72.88,33.7,0.4701,4
user_0078,42,32.7,184.18,18.44,9.04,3.23,97,0.52,0.4815,72.67,34.05,0.4686,4
user_0078,43,32.75,184.0,18.51,9.08,3.24,97,0.52,0.4813,72.79,33.85,0.4688,4
user_0078,44,32.68,184.63,18.5,9.14,3.24,97,0.52,0.4783,72.73,33.91,0.4695,4
user_0078,45,32.57,185.0,18.4,9.08,3.23,97,0.51,0.4795,72.61,34.21,0.4696,4
user_0078,46,32.6,184.8,18.42,9.08,3.23,97,0.52,0.4792,72.65,34.02,0.4692,4
user_0078,47,32.8,184.79,18.34,9.08,3.25,97,0.52,0.4801,72.68,34.02,0.4704,4
user_0078,48,32.5,185.1,18.44,9.08,3.25,98,0.52,0.484,72.57,33.81,0.4702,4
user_0078,49,32.78,184.39,18.49,9.07,3.25,97,0.52,0.4822,72.66,33.96,0.4701,4
user_0078,50,32.57,184.54,18.42,9.07,3.24,97,0.53,0.4815,72.51,34.12,0.4679,4
user_0078,51,32.93,184.73,18.35,9.08,3.22,97,0.52,0.4812,72.76,34.03,0.4686,4
user_0078,52,32.46,184.78,18.44,9.08,3.25,97,0.52,0.4826,72.86,34.03,0.4728,4
user_0078,53,32.63,184.75,18.55,9.08,3.22,97,0.52,0.4821,72.58,33.8,0.4693,4
user_0078,54,32.79,184.69,18.37,9.06,3.24,97,0.52,0.4811,72.78,33.92,0.4702,4
user_0078,55,32.59,185.13,18.46,9.12,3.25,97,0.53,0.4819,72.69,33.92,0.4704,4
user_0078,56,32.55,184.59,18.42,9.07,3.23,97,0.53,0.4835,72.86,34.09,0.4674,4
user_0078,57,32.66,184.66,18.58,9.1,3.23,97,0.51,0.4812,72.51,33.8,0.4688,4
user_0078,58,32.46,184.74,18.43,9.09,3.24,97,0.53,0.4798,72.7,34.0,0.4701,4
user_0078,59,32.58,184.5,18.39,9.07,3.23,97,0.52,0.4784,72.34,33.98,0.4691,4
user_0079,0,60.08,117.59,3.97,4.01,0.21,40,0.99,0.1204,91.62,18.09,0.1541,0
user_0079,1,60.07,117.72,3.98,3.95,0.21,40,1.0,0.1212,91.78,18.07,0.1575,0
user_0079,2,60.11,117.8,4.08,3.99,0.21,39,1.0,0.117,91.58,18.05,0.1552,0
user_0079,3,60.55,117.48,4.11,4.02,0.2,40,1.0,0.1193,91.67,18.11,0.1582,0
user_0079,4,60.01,117.44,4.11,3.98,0.22,40,1.01,0.1206,91.88,18.17,0.1563,0
user_0079,5,60.23,117.94,3.91,4.01,0.23,39,1.0,0.1191,91.74,18.15,0.1572,0
user_0079,6,60.0,117.8,4.09,3.98,0.22,39,1.01,0.1166,91.78,17.95,0.1568,0
user_0079,7,59.68,116.98,3.95,3.97,0.23,40,1.01,0.1202,91.61,18.12,0.156,0
user_0079,8,60.11,117.43,4.12,4.02,0.23,40,1.0,0.1176,91.72,18.16,0.155,0
user_0079,9,60.19,117.16,4.01,4.02,0.24,39,1.0,0.1172,91.5,18.11,0.1535,0
user_0079,10,60.09,117.59,4.02,3.92,0.23,39,1.0,0.1185,91.6,17.82,0.1561,0
user_0079,11,60.37,117.32,3.97,3.97,0.21,39,1.0,0.1231,91.77,18.06,0.1585,0
user_0079,12,60.26,117.69,4.02,4.0,0.21,39,1.0,0.1185,91.6,18.14,0.1561,0
user_0079,13,60.17,117.99,4.06,3.99,0.23,39,1.0,0.1189,91.7,18.05,0.1556,0
user_0079,14,60.25,117.58,3.96,3.99,0.21,39,0.99,0.1205,91.72,18.19,0.1565,0
user_0079,15,60.2,117.51,3.92,4.01,0.23,39,1.0,0.1206,91.54,18.11,0.1561,0
user_0079,16,59.73,117.67,4.1,3.96,0.21,40,1.0,0.1214,91.49,18.14,0.1576,0
user_0079,17,60.27,116.92,3.97,4.02,0.21,39,1.0,0.1177,91.8,18.11,0.1567,0
user_0079,18,60.25,117.29,4.04,3.97,0.22,39,1.01,0.1212,91.57,18.13,0.1557,0
user_0079,19,60.47,117.82,4.16,4.0,0.22,39,1.0,0.1179,91.43,17.96,0.1565,0
user_0079,20,60.27,117.52,4.01,4.02,0.21,39,1.01,0.1147,91.78,18.06,0.1565,0
user_0079,21,60.32,117.6,3.89,3.97,0.22,39,1.0,0.1204,91.79,18.01,0.1558,0
user_0079,22,60.22,117.41,4.06,3.99,0.23,39,1.01,0.1197,91.61,17.97,0.1572,0
user_0079,23,60.0,117.39,4.08,4.0,0.21,40,0.99,0.1197,91.81,18.01,0.1554,0
user_0079,24,60.16,117.47,4.08,4.02,0.21,39,1.0,0.1185,91.72,17.87,0.1568,0
user_0079,25,60.34,117.44,4.01,4.01,0.22,40,1.0,0.1181,91.76,18.14,0.1577,0
user_0079,26,60.32,117.55,4.03,3.99,0.22,39,0.99,0.1194,91.54,18.04,0.1583,0
user_0079,27,59.7,117.18,4.16,4.01,0.22,39,1.0,0.1209,91.54,18.15,0.1569,0
user_0079,28,60.33,117.68,4.02,4.0,0.23,39,1.0,0.119,91.67,18.16,0.1565,0
user_0079,29,60.25,117.38,3.97,4.04,0.21,40,0.99,0.1213,91.66,17.95,0.1547,0
user_0079,30,60.42,117.09,4.04,4.01,0.24,39,1.0,0.1188,91.61,17.81,0.1581,0
user_0079,31,60.13,117.39,4.05,4.02,0.21,40,0.99,0.1199,91.7,17.95,0.1567,0
user_0079,32,60.23,117.4,3.98,3.96,0.21,39,0.99,0.1186,91.66,18.01,0.1571,0
user_0079,33,60.21,117.45,4.04,3.97,0.21,39,1.0,0.1168,91.73,17.9,0.1583,0
user_0079,34,60.21,117.05,4.05,3.99,0.22,39,1.0,0.1172,91.54,17.86,0.1561,0
user_0079,35,60.18,117.04,4.07,3.99,0.25,39,1.01,0.1205,91.47,17.88,0.1568,0
user_0079,36,59.93,117.2,3.88,4.04,0.23,39,1.01,0.1213,91.8,17.94,0.1562,0
user_0079,37,60.02,117.4,3.94,3.96,0.23,40,1.0,0.1208,91.7,17.97,0.1581,0
user_0079,38,60.23,117.87,4.04,4.01,0.21,39,1.01,0.1212,91.63,17.86,0.1582,0
user_0079,39,60.35,117.14,3.91,4.04,0.22,39,1.0,0.12,91.53,18.02,0.1551,0
user_0079,40,59.98,117.08,3.9,4.01,0.23,39,1.0,0.1215,91.74,17.88,0.1569,0
user_0079,41,60.23,117.6,4.21,3.97,0.23,40,1.01,0.1197,91.54,17.82,0.1573,0
user_0079,42,60.24,117.46,4.02,4.01,0.23,40,1.0,0.121,91.61,18.1,0.1561,0
user_0079,43,60.28,117.87,4.05,4.03,0.22,40,1.0,0.1169,91.78,18.06,0.157,0
user_0079,44,60.37,117.14,3.9,4.02,0.22,40,0.99,0.1216,91.74,17.94,0.1586,0
user_0079,45,59.98,117.34,4.07,4.02,0.21,39,1.0,0.1216,91.81,18.07,0.1566,0
user_0079,46,60.16,117.55,4.11,3.98,0.22,40,1.01,0.1187,91.54,17.83,0.1566,0
user_0079,47,60.02,117.65,3.87,4.03,0.22,39,1.0,0.1181,91.82,18.07,0.1566,0
user_0079,48,60.01,117.41,3.94,3.92,0.21,40,1.0,0.1192,91.77,18.09,0.1585,0
user_0079,49,59.86,117.21,4.07,4.0,0.22,39,1.0,0.1197,91.49,18.02,0.156,0
user_0079,50,60.31,117.51,4.15,3.99,0.21,39,1.0,0.12,91.73,17.94,0.1561,0
user_0079,51,60.2,117.52,4.08,3.98,0.21,40,1.01,0.1186,91.78,18.22,0.1578,0
user_0079,52,60.07,117.45,3.87,3.97,0.22,40,1.0,0.1153,91.69,18.07,0.1573,0
user_0079,53,60.16,117.39,4.02,4.0,0.22,39,1.01,0.1187,91.55,17.96,0.1566,0
user_0079,54,60.1,117.29,3.98,4.0,0.21,40,0.99,0.1224,91.78,17.97,0.1568,0
user_0079,55,60.01,117.57,4.06,4.0,0.23,39,1.0,0.1184,91.73,17.92,0.1569,0
user_0079,56,60.23,117.76,4.04,3.95,0.22,39,1.0,0.1209,91.45,18.14,0.1575,0
user_0079,57,60.22,117.51,4.01,3.99,0.23,39,1.0,0.1181,91.72,17.97,0.1569,0
user_0079,58,60.06,117.54,4.0,4.03,0.22,40,1.0,0.1199,91.72,17.96,0.1561,0
user_0079,59,60.07,117.41,3.95,4.0,0.21,39,1.0,0.1211,91.67,18.0,0.1571,0
user_0080,0,74.15,116.25,4.0,2.83,0.42,40,1.0,0.0725,92.97,18.06,0.1537,0
user_0080,1,74.36,115.74,3.95,2.82,0.42,40,1.01,0.0702,92.87,17.94,0.1572,0
user_0080,2,74.32,115.78,4.05,2.83,0.42,40,1.0,0.0736,93.06,17.96,0.1556,0
user_0080,3,74.28,115.57,3.95,2.8,0.42,39,1.0,0.0731,92.98,17.93,0.1558,0
user_0080,4,74.3,116.03,3.85,2.78,0.43,39,0.99,0.0747,93.11,17.88,0.1546,0
user_0080,5,74.65,115.58,4.09,2.85,0.4,39,1.01,0.0708,92.9,17.98,0.1557,0
user_0080,6,74.37,115.95,4.02,2.8,0.41,40,1.0,0.0738,93.03,18.01,0.1559,0
user_0080,7,74.2,115.78,3.96,2.82,0.43,40,1.01,0.0722,93.22,18.04,0.153,0
user_0080,8,74.49,115.57,4.02,2.82,0.42,39,1.0,0.0721,93.13,17.9,0.1558,0
user_0080,9,74.31,115.55,4.04,2.83,0.42,40,1.0,0.0716,92.99,17.86,0.1582,0
user_0080,10,74.2,115.34,3.95,2.8,0.41,39,1.0,0.0737,93.1,18.11,0.1552,0
user_0080,11,73.8,116.26,3.98,2.8,0.43,39,1.0,0.0732,92.88,17.89,0.1556,0
user_0080,12,74.2,115.66,3.95,2.81,0.41,40,1.0,0.0721,93.07,18.13,0.156,0
user_0080,13,73.99,116.2,4.13,2.84,0.42,40,1.0,0.073,92.89,17.89,0.1549,0
user_0080,14,64.3,139.5,9.4,4.55,1.49,61,0.82,0.2164,84.04,24.1,0.275,1
user_0080,15,64.56,139.26,9.44,4.59,1.5,61,0.83,0.2196,84.07,24.04,0.276,1
user_0080,16,64.53,139.62,9.33,4.59,1.5,61,0.81,0.2207,83.99,24.21,0.2754,1
user_0080,17,64.57,140.04,9.38,4.62,1.49,61,0.83,0.215,83.96,24.18,0.2754,1
user_0080,18,64.38,139.96,9.4,4.62,1.5,61,0.82,0.2188,83.96,23.91,0.2756,1
user_0080,19,64.57,139.73,9.49,4.61,1.51,61,0.82,0.2201,84.04,23.97,0.2748,1
user_0080,20,64.47,139.71,9.38,4.56,1.5,60,0.83,0.214,84.03,24.01,0.2771,2
user_0080,21,64.62,139.79,9.42,4.59,1.49,61,0.82,0.2178,83.92,24.1,0.2762,2
user_0080,22,64.61,139.43,9.46,4.66,1.49,61,0.82,0.2152,83.93,23.99,0.2762,2
user_0080,23,64.38,139.63,9.4,4.58,1.5,62,0.82,0.218,83.88,23.94,0.2768,2
user_0080,24,64.4,139.63,9.49,4.59,1.48,61,0.83,0.219,84.0,23.98,0.2781,2
user_0080,25,64.46,139.65,9.48,4.59,1.5,61,0.83,0.2162,83.94,23.92,0.2746,2
user_0080,26,64.55,139.22,9.32,4.61,1.5,61,0.82,0.2191,84.09,23.99,0.2757,2
user_0080,27,64.53,139.65,9.39,4.63,1.49,61,0.82,0.2191,83.98,24.07,0.2781,2
user_0080,28,64.96,139.48,9.48,4.58,1.5,61,0.82,0.2149,83.89,23.92,0.2764,2
user_0080,29,64.64,139.91,9.31,4.61,1.49,61,0.82,0.2146,84.06,23.86,0.2754,2
user_0080,30,64.71,139.43,9.29,4.63,1.49,61,0.82,0.2148,84.02,24.05,0.2744,2
user_0080,31,64.61,140.02,9.39,4.61,1.5,61,0.82,0.2158,83.98,23.84,0.2728,2
user_0080,32,64.48,140.19,9.48,4.57,1.49,61,0.82,0.2153,83.95,24.1,0.2748,2
user_0080,33,64.69,140.0,9.58,4.59,1.49,61,0.82,0.2175,84.0,24.03,0.2759,2
user_0080,34,64.54,139.73,9.39,4.67,1.51,61,0.82,0.2168,84.19,24.13,0.2757,2
user_0080,35,64.6,139.53,9.45,4.64,1.5,61,0.82,0.2182,83.87,23.89,0.2767,2
user_0080,36,69.99,125.65,6.23,3.57,0.87,48,0.93,0.1325,89.36,20.4,0.2074,1
user_0080,37,70.03,125.7,6.34,3.61,0.86,49,0.91,0.134,89.43,20.4,0.207,1
user_0080,38,70.13,125.62,6.15,3.56,0.87,48,0.93,0.1319,89.25,20.52,0.2088,1
user_0080,39,70.39,126.01,6.22,3.57,0.87,48,0.93,0.1376,89.15,20.54,0.2062,1
user_0080,40,70.17,125.64,6.2,3.61,0.87,49,0.92,0.1335,89.31,20.48,0.206,1
user_0080,41,70.39,125.53,6.27,3.57,0.88,49,0.93,0.1346,89.22,20.65,0.2059,1
user_0080,42,70.33,125.48,6.3,3.56,0.87,49,0.93,0.1332,89.11,20.43,0.206,1
user_0080,43,70.1,126.17,6.23,3.53,0.86,48,0.93,0.1314,89.15,20.44,0.2057,1
user_0080,44,70.04,125.84,6.37,3.56,0.86,49,0.92,0.1336,89.26,20.67,0.207,1
user_0080,45,69.91,125.86,6.14,3.59,0.86,49,0.93,0.1301,89.4,20.61,0.2047,1
user_0080,46,70.38,125.51,6.32,3.56,0.85,49,0.93,0.1331,89.26,20.46,0.2063,1
user_0080,47,70.26,126.19,6.27,3.59,0.85,49,0.93,0.1334,89.44,20.61,0.2054,1
user_0080,48,70.07,125.33,6.28,3.59,0.88,48,0.93,0.1348,89.35,20.51,0.2057,1
user_0080,49,70.28,125.98,6.21,3.55,0.87,48,0.92,0.1302,89.16,20.57,0.2068,1
user_0080,50,70.2,126.01,6.08,3.57,0.85,48,0.93,0.1341,89.07,20.33,0.2051,1
user_0080,51,69.93,125.71,6.32,3.52,0.89,48,0.93,0.1313,89.36,20.52,0.206,1
user_0080,52,70.26,125.49,6.28,3.57,0.85,48,0.92,0.1329,89.33,20.58,0.2057,1
user_0080,53,70.35,125.47,6.27,3.51,0.86,49,0.93,0.1333,89.41,20.51,0.2041,1
user_0080,54,69.86,125.56,6.18,3.56,0.86,48,0.92,0.1323,89.17,20.5,0.2067,1
user_0080,55,70.1,125.83,6.41,3.56,0.88,48,0.93,0.1316,89.32,20.61,0.2073,1
user_0080,56,70.22,125.74,6.15,3.56,0.88,49,0.92,0.1334,89.42,20.57,0.2055,1
user_0080,57,70.2,125.98,6.29,3.61,0.88,48,0.92,0.1348,89.18,20.52,0.2074,1
user_0080,58,70.25,126.06,6.27,3.56,0.85,49,0.92,0.1349,89.0,20.45,0.2072,1
user_0080,59,70.5,126.1,6.3,3.51,0.86,49,0.92,0.1325,89.23,20.54,0.2064,1
user_0081,0,39.51,117.8,4.12,3.45,0.37,39,1.0,0.0647,95.95,18.09,0.0977,0
user_0081,1,39.77,118.12,4.03,3.44,0.36,39,1.0,0.0636,95.96,18.06,0.0996,0
user_0081,2,39.85,117.91,4.11,3.44,0.37,40,1.0,0.0647,96.14,18.07,0.0988,0
user_0081,3,39.62,117.62,4.01,3.43,0.36,39,1.0,0.064,95.99,17.97,0.0957,0
user_0081,4,39.62,117.63,3.94,3.53,0.34,40,1.0,0.063,95.9,18.11,0.0998,0
user_0081,5,39.6,118.08,3.92,3.45,0.36,39,1.0,0.0645,96.04,17.89,0.1008,0
user_0081,6,39.56,118.09,4.04,3.44,0.36,39,1.0,0.0657,95.98,18.04,0.098,0
user_0081,7,39.72,117.88,3.97,3.41,0.36,40,1.0,0.0635,96.05,18.11,0.0999,0
user_0081,8,39.83,117.96,4.05,3.46,0.35,39,1.0,0.0649,95.86,18.05,0.0966,0
user_0081,9,39.75,118.14,4.07,3.43,0.36,40,1.01,0.065,96.13,17.96,0.0977,0
user_0081,10,39.82,118.07,3.95,3.43,0.36,40,1.0,0.0657,96.13,18.0,0.0976,0
user_0081,11,39.58,117.7,3.99,3.44,0.35,40,1.0,0.0649,96.21,17.98,0.0979,0
user_0081,12,39.74,117.65,3.99,3.44,0.34,39,1.0,0.0629,96.16,18.04,0.0995,0
user_0081,13,39.49,117.78,4.03,3.5,0.35,39,1.0,0.0634,96.2,18.05,0.0983,0
user_0081,14,31.65,137.82,8.36,4.96,1.25,58,0.85,0.1854,88.59,23.02,0.1998,1
user_0081,15,31.41,137.96,8.5,4.95,1.25,57,0.85,0.1856,88.71,23.2,0.197,1
user_0081,16,31.67,137.91,8.57,4.99,1.25,57,0.86,0.1819,88.42,23.04,0.2006,1
user_0081,17,31.44,137.86,8.54,4.99,1.26,57,0.84,0.1865,88.58,22.89,0.1991,1
user_0081,18,31.74,137.23,8.34,4.96,1.28,58,0.84,0.182,88.59,23.07,0.1984,1
user_0081,19,31.62,138.05,8.58,4.97,1.25,58,0.85,0.1835,88.47,23.0,0.1991,1
user_0081,20,20.0,167.67,15.22,7.23,2.6,84,0.63,0.3645,77.44,30.48,0.3505,3
user_0081,21,20.0,167.96,15.28,7.22,2.61,85,0.63,0.3652,77.42,30.35,0.3488,3
user_0081,22,20.0,167.56,15.28,7.22,2.62,84,0.63,0.3636,77.27,30.66,0.3485,3
user_0081,23,20.0,167.8,15.21,7.19,2.6,84,0.62,0.3645,77.18,30.61,0.3483,3
user_0081,24,20.0,167.95,15.11,7.2,2.62,84,0.64,0.3652,77.33,30.52,0.3496,3
user_0081,25,20.0,167.84,15.22,7.17,2.61,85,0.62,0.3635,77.27,30.4,0.3486,3
user_0081,26,20.0,167.72,15.16,7.21,2.6,84,0.64,0.3657,77.34,30.63,0.3491,3
user_0081,27,20.0,167.52,15.05,7.21,2.6,84,0.62,0.3635,77.28,30.47,0.3482,3
user_0081,28,20.0,167.91,15.41,7.21,2.63,84,0.62,0.3644,77.26,30.62,0.3464,3
user_0081,29,20.0,168.26,15.21,7.23,2.61,84,0.63,0.3643,77.07,30.55,0.348,3
user_0081,30,20.0,167.95,15.27,7.23,2.6,85,0.63,0.3649,77.32,30.37,0.349,3
user_0081,31,20.0,167.78,15.26,7.27,2.59,84,0.63,0.3625,77.32,30.53,0.347,3
user_0081,32,20.0,168.29,15.13,7.19,2.6,85,0.62,0.3645,77.28,30.57,0.3494,3
user_0081,33,20.0,167.91,15.13,7.21,2.62,84,0.62,0.3667,77.13,30.49,0.348,3
user_0081,34,20.0,167.92,15.31,7.21,2.63,84,0.63,0.3663,77.43,30.47,0.3466,3
user_0081,35,20.0,168.28,15.19,7.21,2.6,84,0.63,0.3648,77.49,30.6,0.3487,3
user_0081,36,20.0,167.93,15.16,7.18,2.61,85,0.62,0.3657,77.26,30.42,0.3483,3
user_0081,37,20.0,168.0,15.27,7.21,2.59,85,0.62,0.3674,77.24,30.72,0.3484,3
user_0081,38,20.0,167.78,15.16,7.24,2.61,85,0.63,0.3642,77.27,30.51,0.3473,3
user_0081,39,20.0,167.47,15.34,7.2,2.61,84,0.62,0.3657,77.19,30.56,0.3495,3
user_0081,40,20.0,181.97,18.29,8.33,3.24,97,0.52,0.4482,72.04,34.11,0.4182,4
user_0081,41,20.0,181.97,18.34,8.27,3.22,97,0.53,0.4498,72.18,33.92,0.4184,4
user_0081,42,20.0,181.88,18.37,8.23,3.25,97,0.53,0.4492,72.05,34.05,0.4201,4
user_0081,43,20.0,181.94,18.41,8.26,3.25,97,0.51,0.4463,71.94,34.07,0.4191,4
user_0081,44,20.0,181.73,18.37,8.3,3.25,97,0.51,0.4514,72.02,34.02,0.419,4
user_0081,45,20.0,181.81,18.41,8.27,3.24,97,0.51,0.4476,72.12,33.84,0.4187,4
user_0081,46,20.0,181.99,18.34,8.25,3.23,97,0.52,0.45,72.05,33.89,0.4212,4
user_0081,47,20.0,181.92,18.42,8.26,3.23,97,0.53,0.4454,72.03,33.89,0.4196,4
user_0081,48,20.0,181.82,18.4,8.23,3.21,97,0.52,0.4485,71.7,33.83,0.4171,4
user_0081,49,20.0,182.0,18.31,8.25,3.23,98,0.52,0.4478,71.95,33.81,0.4192,4
user_0081,50,20.0,181.75,18.41,8.22,3.25,97,0.53,0.4484,71.99,34.07,0.4182,4
user_0081,51,20.0,181.93,18.45,8.28,3.23,97,0.52,0.4504,71.99,34.14,0.4178,4
user_0081,52,20.0,181.51,18.38,8.26,3.24,97,0.51,0.451,72.17,34.09,0.4198,4
user_0081,53,20.0,182.02,18.46,8.28,3.24,97,0.52,0.4502,71.97,34.04,0.418,4
user_0081,54,20.0,181.18,18.33,8.24,3.23,97,0.51,0.4479,72.14,33.97,0.4199,4
user_0081,55,20.0,181.7,18.44,8.22,3.23,97,0.52,0.4508,72.02,34.02,0.4187,4
user_0081,56,20.0,182.18,18.43,8.28,3.24,97,0.52,0.448,72.04,34.02,0.4187,4
user_0081,57,20.0,181.93,18.36,8.24,3.23,97,0.53,0.4495,72.14,34.18,0.418,4
user_0081,58,20.0,182.04,18.42,8.28,3.24,97,0.51,0.4484,72.1,34.1,0.4177,4
user_0081,59,20.0,181.58,18.37,8.26,3.25,97,0.52,0.4474,72.02,34.25,0.4172,4
user_0082,0,50.07,116.64,4.03,4.52,0.38,40,0.99,0.104,90.96,17.89,0.1131,0
user_0082,1,50.05,116.95,4.09,4.53,0.39,39,1.0,0.1082,90.86,18.14,0.1152,0
user_0082,2,50.1,117.03,3.95,4.58,0.38,39,1.0,0.1045,91.05,18.06,0.1141,0
user_0082,3,50.3,116.72,4.04,4.55,0.38,40,1.0,0.1077,90.72,18.16,0.1145,0
user_0082,4,50.5,116.38,3.97,4.56,0.39,40,1.0,0.1077,91.11,18.08,0.1138,0
user_0082,5,50.54,116.39,4.06,4.61,0.39,40,1.01,0.1054,91.27,17.89,0.1117,0
user_0082,6,50.46,116.62,4.02,4.57,0.39,39,1.0,0.1076,90.92,18.0,0.1129,0
user_0082,7,50.42,116.66,4.13,4.55,0.37,39,1.01,0.104,90.83,18.08,0.1153,0
user_0082,8,50.67,116.73,3.77,4.56,0.4,39,1.0,0.1063,91.09,17.91,0.1145,0
user_0082,9,50.45,116.7,4.06,4.59,0.4,40,0.99,0.1066,90.96,18.04,0.1135,0
user_0082,10,50.37,116.76,3.96,4.57,0.4,39,1.0,0.1062,91.0,17.94,0.1131,0
user_0082,11,50.18,116.85,3.98,4.6,0.39,40,1.0,0.1072,90.81,18.0,0.1132,0
user_0082,12,50.52,116.45,4.02,4.6,0.39,39,1.0,0.1055,91.01,18.12,0.1138,0
user_0082,13,50.35,116.97,4.12,4.55,0.41,39,1.0,0.1064,91.01,17.84,0.1122,0
user_0082,14,42.29,136.6,8.54,6.1,1.27,57,0.85,0.2242,83.43,22.92,0.214,1
user_0082,15,42.75,136.55,8.6,6.13,1.28,58,0.85,0.2277,83.39,22.82,0.2145,1
user_0082,16,42.42,136.74,8.38,6.1,1.3,57,0.85,0.2266,83.35,23.1,0.2159,1
user_0082,17,42.5,137.2,8.57,6.04,1.3,57,0.85,0.2254,83.43,22.92,0.2132,1
user_0082,18,42.32,137.07,8.53,6.09,1.28,58,0.84,0.2238,83.56,22.94,0.2135,1
user_0082,19,41.99,136.66,8.41,6.05,1.29,58,0.85,0.2271,83.42,22.97,0.2122,1
user_0082,20,30.52,166.55,15.14,8.29,2.64,84,0.62,0.4073,72.11,30.55,0.3635,3
user_0082,21,30.4,166.78,15.19,8.26,2.64,84,0.63,0.4057,72.06,30.52,0.3634,3
user_0082,22,30.33,167.18,15.26,8.31,2.63,84,0.63,0.4062,72.14,30.57,0.3639,3
user_0082,23,30.32,166.96,15.22,8.34,2.63,85,0.62,0.4055,72.12,30.55,0.3623,3
user_0082,24,30.32,166.41,15.29,8.33,2.64,84,0.63,0.4043,72.14,30.57,0.364,3
user_0082,25,30.42,167.33,15.26,8.31,2.63,84,0.63,0.4079,72.18,30.63,0.3624,3
user_0082,26,30.22,166.56,15.14,8.35,2.64,85,0.62,0.407,72.16,30.45,0.3645,3
user_0082,27,30.21,166.5,15.17,8.31,2.66,84,0.62,0.4048,72.16,30.5,0.3638,3
user_0082,28,30.02,166.45,15.15,8.34,2.63,85,0.63,0.405,71.97,30.62,0.3647,3
user_0082,29,30.33,166.58,15.38,8.3,2.64,84,0.63,0.4038,72.25,30.5,0.363,3
user_0082,30,30.28,167.02,15.24,8.33,2.66,84,0.62,0.4033,72.04,30.69,0.363,3
user_0082,31,29.94,166.68,15.21,8.29,2.63,85,0.62,0.407,72.2,30.5,0.3632,3
user_0082,32,30.15,166.45,15.26,8.3,2.64,84,0.62,0.4062,72.21,30.33,0.3616,3
user_0082,33,30.42,166.57,15.26,8.32,2.65,85,0.62,0.4055,72.2,30.65,0.362,3
user_0082,34,30.55,166.89,15.21,8.34,2.63,84,0.63,0.4054,72.16,30.42,0.364,3
user_0082,35,30.34,166.63,15.2,8.3,2.63,84,0.63,0.4052,72.23,30.46,0.3616,3
user_0082,36,30.37,166.57,15.3,8.36,2.63,85,0.62,0.4053,72.25,30.3,0.3617,3
user_0082,37,30.35,166.1,15.33,8.35,2.64,84,0.63,0.4051,72.17,30.49,0.3626,3
user_0082,38,30.53,167.07,15.18,8.3,2.63,85,0.62,0.406,72.1,30.65,0.3622,3
user_0082,39,30.28,166.32,15.34,8.31,2.65,84,0.63,0.4064,72.13,30.43,0.364,3
user_0082,40,24.73,180.58,18.53,9.37,3.26,97,0.52,0.4865,66.96,34.07,0.4348,4
user_0082,41,24.68,180.87,18.37,9.32,3.25,97,0.51,0.4894,66.92,33.82,0.4307,4
user_0082,42,24.63,181.12,18.42,9.35,3.26,97,0.52,0.4907,67.14,34.11,0.4345,4
user_0082,43,24.72,180.18,18.24,9.38,3.26,98,0.53,0.4899,66.91,33.9,0.435,4
user_0082,44,24.76,180.57,18.39,9.36,3.28,97,0.52,0.4877,67.01,34.0,0.4339,4
user_0082,45,24.75,180.66,18.4,9.35,3.27,97,0.52,0.4893,66.94,34.06,0.4338,4
user_0082,46,24.74,180.61,18.33,9.34,3.26,97,0.51,0.4909,66.85,33.93,0.4332,4
user_0082,47,24.8,181.13,18.37,9.39,3.26,97,0.52,0.4875,66.89,34.0,0.4332,4
user_0082,48,24.59,180.42,18.46,9.31,3.27,97,0.53,0.4867,66.75,33.96,0.4344,4
user_0082,49,25.06,181.0,18.41,9.34,3.26,97,0.52,0.4894,66.98,33.94,0.4336,4
user_0082,50,24.79,180.48,18.31,9.39,3.27,97,0.51,0.4909,66.96,34.15,0.4336,4
user_0082,51,24.7,180.6,18.52,9.39,3.27,97,0.52,0.487,67.06,34.07,0.4323,4
user_0082,52,24.83,180.54,18.37,9.37,3.27,97,0.51,0.4898,67.13,34.03,0.4332,4
user_0082,53,24.84,180.79,18.37,9.39,3.27,97,0.52,0.4896,67.04,33.95,0.4357,4
user_0082,54,24.65,180.6,18.48,9.36,3.27,97,0.52,0.4903,66.91,33.91,0.4319,4
user_0082,55,24.63,180.63,18.34,9.36,3.26,97,0.51,0.4912,67.03,33.91,0.4321,4
user_0082,56,24.82,180.89,18.34,9.33,3.26,96,0.52,0.4888,66.98,34.18,0.433,4
user_0082,57,24.84,180.69,18.37,9.4,3.26,97,0.52,0.4904,67.02,34.05,0.4328,4
user_0082,58,24.67,180.82,18.26,9.37,3.26,97,0.51,0.4905,66.99,34.02,0.4347,4
user_0082,59,24.74,180.81,18.31,9.37,3.26,97,0.51,0.4924,66.87,33.97,0.4319,4
user_0083,0,48.32,100.43,4.03,5.22,0.15,39,1.0,0.0916,93.42,17.86,0.0991,0
user_0083,1,48.65,100.96,3.99,5.19,0.14,40,1.0,0.0892,93.12,17.95,0.0955,0
user_0083,2,48.55,100.47,3.98,5.25,0.13,39,1.0,0.0858,93.28,18.07,0.0973,0
user_0083,3,48.34,100.44,3.97,5.23,0.14,40,0.99,0.0872,93.27,18.21,0.097,0
user_0083,4,48.56,100.4,3.97,5.24,0.13,39,0.99,0.0895,93.11,17.93,0.0971,0
user_0083,5,48.3,100.73,4.0,5.3,0.14,39,1.01,0.0889,93.19,17.99,0.0981,0
user_0083,6,48.56,101.03,4.08,5.25,0.14,40,1.0,0.0896,93.32,18.1,0.0971,0
user_0083,7,48.84,101.11,4.08,5.21,0.15,39,1.0,0.0887,93.15,18.16,0.098,0
user_0083,8,48.27,100.88,4.03,5.2,0.15,40,1.0,0.0891,93.17,18.04,0.0978,0
user_0083,9,48.46,100.84,4.01,5.25,0.14,39,1.0,0.0907,93.15,18.03,0.0965,0
user_0083,10,48.68,100.98,3.96,5.23,0.15,40,1.0,0.087,93.26,17.99,0.0982,0
user_0083,11,48.35,100.64,4.01,5.22,0.16,39,1.0,0.089,93.28,17.75,0.0962,0
user_0083,12,48.33,100.92,3.98,5.23,0.14,39,1.0,0.0888,93.25,18.15,0.0976,0
user_0083,13,48.43,100.44,3.91,5.24,0.14,40,1.0,0.0889,93.37,17.97,0.0977,0
user_0083,14,48.46,100.39,4.05,5.24,0.14,40,1.0,0.0891,93.16,18.16,0.0964,0
user_0083,15,48.31,100.55,3.95,5.2,0.16,40,1.0,0.0896,93.18,17.97,0.0969,0
user_0083,16,48.42,100.53,3.93,5.26,0.13,40,1.0,0.0863,93.25,17.96,0.0963,0
user_0083,17,48.45,100.36,3.85,5.26,0.15,39,1.01,0.0897,93.27,17.98,0.0973,0
user_0083,18,48.46,100.85,3.91,5.23,0.14,39,1.0,0.0865,93.17,17.97,0.0974,0
user_0083,19,48.51,100.35,4.02,5.19,0.14,39,1.0,0.0885,93.06,17.86,0.0989,0
user_0083,20,48.17,100.66,4.11,5.24,0.14,39,1.0,0.0883,93.0,18.1,0.0981,0
user_0083,21,48.15,100.95,4.05,5.25,0.16,40,1.01,0.0886,93.24,17.94,0.096,0
user_0083,22,48.14,100.67,3.98,5.21,0.14,40,1.01,0.0875,93.24,18.17,0.0986,0
user_0083,23,48.3,100.72,4.01,5.26,0.14,40,1.01,0.0869,93.07,18.06,0.0977,0
user_0083,24,48.54,100.96,3.86,5.22,0.14,39,1.0,0.0866,93.16,17.9,0.0982,0
user_0083,25,48.55,100.79,4.19,5.26,0.15,39,1.0,0.0904,93.17,18.0,0.0977,0
user_0083,26,48.49,100.91,4.08,5.23,0.14,40,1.01,0.0858,93.2,17.94,0.0973,0
user_0083,27,48.29,100.83,3.82,5.24,0.12,39,1.0,0.0879,93.27,18.12,0.0998,0
user_0083,28,48.41,100.98,4.11,5.23,0.15,39,1.0,0.0909,93.21,17.98,0.0977,0
user_0083,29,48.63,100.29,3.97,5.26,0.14,40,1.0,0.0878,93.26,17.87,0.0959,0
user_0083,30,48.32,100.71,3.94,5.24,0.14,39,1.0,0.0899,93.25,17.93,0.0985,0
user_0083,31,48.68,100.58,4.06,5.25,0.13,39,1.01,0.0902,93.17,18.12,0.0984,0
user_0083,32,48.59,100.24,3.97,5.28,0.17,39,1.0,0.0895,93.23,18.05,0.0957,0
user_0083,33,48.38,100.89,3.82,5.2,0.12,40,1.0,0.0867,93.2,17.88,0.0983,0
user_0083,34,48.77,100.6,3.85,5.23,0.14,40,1.0,0.0876,93.17,17.75,0.0985,0
user_0083,35,48.22,100.74,3.93,5.24,0.15,39,1.0,0.0885,93.14,17.91,0.0997,0
user_0083,36,48.13,100.85,3.99,5.22,0.14,40,1.01,0.0868,93.15,18.1,0.0977,0
user_0083,37,48.49,100.99,4.04,5.22,0.14,40,1.0,0.0882,93.24,17.87,0.0976,0
user_0083,38,48.4,100.67,3.97,5.23,0.14,40,0.99,0.0896,93.19,17.99,0.0975,0
user_0083,39,48.49,100.93,3.86,5.29,0.14,40,0.99,0.0877,93.34,18.01,0.0983,0
user_0083,40,48.34,101.18,3.99,5.27,0.14,40,1.0,0.0899,93.27,17.95,0.099,0
user_0083,41,48.26,100.39,3.98,5.25,0.13,39,0.99,0.0881,93.3,17.92,0.0966,0
user_0083,42,48.47,100.49,4.18,5.24,0.15,39,1.0,0.087,93.18,17.92,0.0989,0
user_0083,43,48.46,100.72,4.1,5.24,0.15,40,1.0,0.0889,93.29,18.14,0.098,0
user_0083,44,48.32,100.91,4.04,5.26,0.15,40,1.0,0.0896,93.05,18.13,0.0983,0
user_0083,45,48.29,100.74,4.1,5.25,0.13,39,1.01,0.0859,93.23,17.94,0.0989,0
user_0083,46,48.23,101.09,3.99,5.23,0.14,39,1.0,0.0896,93.03,17.93,0.0994,0
user_0083,47,48.4,100.55,3.9,5.21,0.15,39,1.0,0.0871,93.19,17.99,0.0971,0
user_0083,48,48.42,100.16,3.99,5.25,0.13,40,1.0,0.0888,93.06,18.01,0.0961,0
user_0083,49,48.32,100.69,4.02,5.21,0.14,40,1.0,0.0853,93.25,17.91,0.0972,0
user_0083,50,48.43,100.71,4.08,5.23,0.14,39,1.0,0.0875,93.52,17.98,0.0983,0
user_0083,51,48.51,100.67,4.03,5.3,0.13,39,0.99,0.09,93.15,18.23,0.0986,0
user_0083,52,48.31,100.5,3.97,5.19,0.14,40,1.0,0.0862,93.11,18.1,0.0987,0
user_0083,53,48.45,101.1,3.87,5.23,0.14,40,1.0,0.0896,93.33,18.08,0.0967,0
user_0083,54,48.34,100.27,4.07,5.27,0.13,39,0.99,0.0883,93.12,17.88,0.0978,0
user_0083,55,48.7,100.89,3.98,5.24,0.16,40,1.0,0.0893,93.1,18.0,0.0986,0
user_0083,56,48.57,100.53,4.08,5.24,0.14,40,1.0,0.0869,93.13,18.07,0.0969,0
user_0083,57,48.54,100.48,3.99,5.29,0.13,39,1.01,0.0864,93.12,18.07,0.0986,0
user_0083,58,48.06,100.6,4.06,5.29,0.13,40,1.0,0.0901,93.1,17.98,0.0983,0
user_0083,59,48.56,100.83,3.97,5.23,0.16,40,1.0,0.0893,93.26,17.86,0.0984,0
user_0084,0,47.94,108.15,3.98,3.22,0.28,39,1.0,0.092,93.56,18.02,0.0641,0
user_0084,1,47.74,108.87,4.09,3.19,0.29,39,1.0,0.0933,93.5,17.92,0.0635,0
user_0084,2,47.9,108.6,4.18,3.2,0.27,39,1.0,0.0893,93.53,18.12,0.0648,0
user_0084,3,47.89,108.46,3.91,3.22,0.31,39,1.0,0.092,93.55,17.96,0.0645,0
user_0084,4,47.75,108.28,4.05,3.21,0.28,40,1.0,0.0915,93.57,17.85,0.0642,0
user_0084,5,48.2,108.32,4.12,3.21,0.26,40,0.99,0.0905,93.67,18.05,0.0624,0
user_0084,6,48.04,108.78,3.95,3.2,0.29,39,1.0,0.0928,93.83,18.06,0.0634,0
user_0084,7,48.22,108.32,4.01,3.23,0.28,39,1.0,0.0927,93.68,18.09,0.0632,0
user_0084,8,47.97,108.61,4.08,3.22,0.29,40,1.0,0.0897,93.74,17.93,0.0632,0
user_0084,9,47.81,108.5,4.04,3.22,0.28,39,1.0,0.0929,93.74,18.2,0.0625,0
user_0084,10,47.83,108.52,3.99,3.18,0.3,39,1.0,0.0919,93.48,17.97,0.0639,0
user_0084,11,47.96,108.74,4.07,3.21,0.25,40,1.0,0.0924,93.74,17.82,0.0632,0
user_0084,12,48.18,108.5,4.07,3.18,0.29,39,1.0,0.0906,93.74,18.15,0.0626,0
user_0084,13,48.2,108.4,4.05,3.21,0.28,40,1.0,0.0904,93.6,18.09,0.0634,0
user_0084,14,38.29,132.42,9.38,5.02,1.36,61,0.82,0.234,84.54,24.0,0.1823,1
user_0084,15,38.28,132.58,9.45,4.99,1.36,61,0.82,0.2341,84.4,24.11,0.1845,1
user_0084,16,38.35,132.6,9.4,4.98,1.37,61,0.82,0.2363,84.51,23.9,0.1836,1
user_0084,17,38.58,132.4,9.39,5.02,1.36,61,0.82,0.2359,84.58,23.84,0.1821,1
user_0084,18,38.4,132.89,9.3,5.04,1.37,61,0.82,0.2362,84.78,24.02,0.1822,1
user_0084,19,38.57,132.68,9.42,5.06,1.38,61,0.82,0.2347,84.62,24.0,0.1827,1
user_0084,20,38.32,132.81,9.42,5.0,1.37,61,0.82,0.2336,84.59,24.0,0.184,2
user_0084,21,38.24,132.48,9.52,5.01,1.37,62,0.82,0.2372,84.56,24.02,0.1834,2
user_0084,22,38.31,132.32,9.35,5.01,1.36,61,0.82,0.2339,84.44,24.17,0.1831,2
user_0084,23,38.25,132.31,9.36,4.96,1.36,61,0.82,0.2362,84.69,24.06,0.1832,2
user_0084,24,38.52,132.83,9.35,4.99,1.36,61,0.83,0.2365,84.61,24.02,0.1821,2
user_0084,25,38.51,132.6,9.32,4.97,1.35,61,0.81,0.2335,84.65,23.96,0.1814,2
user_0084,26,38.25,132.53,9.47,5.02,1.37,61,0.81,0.2371,84.72,23.94,0.1802,2
user_0084,27,38.55,131.86,9.43,5.0,1.36,61,0.82,0.232,84.58,23.86,0.1827,2
user_0084,28,38.37,132.77,9.34,5.06,1.36,61,0.83,0.2349,84.62,23.95,0.1828,2
user_0084,29,38.4,132.87,9.41,5.02,1.38,61,0.82,0.2337,84.51,23.9,0.1843,2
user_0084,30,38.07,132.7,9.31,5.06,1.37,61,0.82,0.2351,84.66,24.03,0.1831,2
user_0084,31,38.24,132.48,9.5,5.06,1.38,61,0.83,0.2348,84.6,23.87,0.1833,2
user_0084,32,38.23,132.9,9.59,5.01,1.37,61,0.82,0.2344,84.63,24.04,0.1835,2
user_0084,33,38.46,132.46,9.6,4.99,1.36,60,0.82,0.231,84.57,23.92,0.1817,2
user_0084,34,38.36,132.99,9.45,4.99,1.39,61,0.83,0.2327,84.58,23.88,0.1852,2
user_0084,35,38.24,132.3,9.43,5.0,1.39,61,0.82,0.2363,84.58,24.02,0.1823,2
user_0084,36,43.86,118.32,6.28,3.94,0.74,48,0.92,0.1516,89.86,20.59,0.112,1
user_0084,37,43.72,118.86,6.15,3.98,0.71,49,0.92,0.1519,89.93,20.59,0.1136,1
user_0084,38,44.07,118.83,6.35,3.97,0.73,48,0.92,0.1502,89.74,20.59,0.1135,1
user_0084,39,43.85,118.56,6.27,3.93,0.73,48,0.92,0.1489,89.92,20.5,0.1129,1
user_0084,40,43.84,118.3,6.25,3.96,0.76,49,0.92,0.1498,89.72,20.51,0.1119,1
user_0084,41,43.74,118.37,6.2,3.94,0.72,48,0.92,0.1533,89.73,20.55,0.1149,1
user_0084,42,43.73,118.28,6.16,3.97,0.74,49,0.93,0.154,89.9,20.63,0.1133,1
user_0084,43,43.89,118.51,6.35,3.98,0.74,49,0.93,0.1555,89.83,20.51,0.1127,1
user_0084,44,44.02,118.11,6.03,3.94,0.74,49,0.92,0.1488,89.78,20.43,0.1134,1
user_0084,45,43.97,118.92,6.22,3.93,0.74,48,0.92,0.1538,89.94,20.46,0.115,1
user_0084,46,44.07,118.65,6.2,3.91,0.73,48,0.92,0.1514,89.65,20.63,0.1127,1
user_0084,47,44.06,118.73,6.16,3.92,0.73,49,0.93,0.153,89.89,20.55,0.1123,1
user_0084,48,43.91,118.49,6.3,3.98,0.73,48,0.93,0.1542,89.68,20.41,0.1123,1
user_0084,49,43.75,118.35,6.28,3.98,0.74,49,0.92,0.1473,89.89,20.63,0.1141,1
user_0084,50,43.93,118.57,6.36,3.94,0.73,48,0.93,0.1505,89.82,20.57,0.1124,1
user_0084,51,44.02,118.69,6.22,3.98,0.74,49,0.92,0.1521,89.81,20.53,0.1135,1
user_0084,52,43.89,118.44,6.23,3.96,0.74,49,0.91,0.1525,89.89,20.62,0.114,1
user_0084,53,43.89,118.26,6.39,3.99,0.74,48,0.92,0.1506,89.94,20.26,0.1124,1
user_0084,54,44.35,118.46,6.25,3.96,0.75,48,0.92,0.1528,89.74,20.35,0.1147,1
user_0084,55,44.06,118.46,6.34,3.99,0.73,49,0.92,0.1503,89.85,20.58,0.1122,1
user_0084,56,44.07,118.09,6.27,3.94,0.75,48,0.92,0.15,89.79,20.39,0.1133,1
user_0084,57,43.98,118.12,6.3,3.92,0.74,49,0.92,0.1508,89.77,20.43,0.1135,1
user_0084,58,44.19,118.54,6.34,3.94,0.75,49,0.93,0.1524,89.91,20.42,0.1117,1
user_0084,59,44.05,118.36,6.2,3.92,0.73,49,0.93,0.1493,89.75,20.32,0.1135,1
user_0085,0,61.61,117.45,3.96,3.62,0.36,40,1.0,0.0971,96.06,18.11,0.0886,0
user_0085,1,61.67,118.15,4.04,3.66,0.37,39,1.0,0.0961,95.85,17.91,0.0866,0
user_0085,2,61.7,117.67,3.92,3.62,0.36,39,0.99,0.0951,95.9,18.05,0.0848,0
user_0085,3,61.66,117.71,4.04,3.68,0.37,40,0.99,0.0937,95.73,18.03,0.0872,0
user_0085,4,61.33,118.27,3.97,3.59,0.37,40,1.0,0.0954,95.82,17.96,0.0875,0
user_0085,5,61.64,117.67,3.96,3.64,0.35,39,0.99,0.0929,95.77,18.05,0.0864,0
user_0085,6,61.68,117.27,3.98,3.65,0.37,40,0.99,0.0931,96.11,17.91,0.0876,0
user_0085,7,61.36,117.38,3.94,3.69,0.35,39,1.0,0.0956,96.03,18.01,0.084,0
user_0085,8,61.36,117.43,4.09,3.62,0.38,40,1.01,0.0976,95.82,17.84,0.0873,0
user_0085,9,61.64,117.56,4.0,3.68,0.38,39,1.0,0.0928,95.77,18.14,0.085,0
user_0085,10,61.53,117.63,4.04,3.63,0.38,39,1.01,0.0945,95.81,18.05,0.0876,0
user_0085,11,61.48,117.54,4.06,3.62,0.36,40,1.0,0.0912,95.82,18.04,0.0869,0
user_0085,12,61.48,117.79,4.03,3.65,0.33,39,1.0,0.0942,96.02,17.89,0.0872,0
user_0085,13,61.57,117.65,3.9,3.62,0.37,39,0.99,0.093,95.78,18.07,0.0857,0
user_0085,14,61.71,118.27,3.94,3.63,0.38,40,1.0,0.0935,95.87,17.91,0.0881,0
user_0085,15,61.52,117.55,4.0,3.64,0.39,39,1.0,0.0948,95.9,18.04,0.0874,0
user_0085,16,61.87,117.7,3.8,3.7,0.36,40,1.0,0.0933,95.8,17.8,0.0864,0
user_0085,17,61.58,117.32,4.04,3.7,0.37,39,1.0,0.0956,96.05,18.02,0.0877,0
user_0085,18,61.63,117.88,4.02,3.63,0.38,39,1.01,0.0932,96.0,17.87,0.0867,0
user_0085,19,61.41,117.39,3.96,3.65,0.36,40,1.0,0.0952,95.86,18.11,0.0879,0
user_0085,20,61.65,117.69,4.1,3.6,0.37,40,1.0,0.0941,95.82,17.89,0.0871,0
user_0085,21,61.46,117.94,4.07,3.65,0.37,40,1.0,0.0939,95.78,18.09,0.0871,0
user_0085,22,61.67,117.43,3.96,3.67,0.37,39,1.0,0.0922,96.0,17.9,0.0884,0
user_0085,23,61.52,117.81,3.99,3.65,0.37,40,1.0,0.0964,95.84,18.09,0.0877,0
user_0085,24,61.68,117.76,4.02,3.65,0.35,40,1.02,0.0966,95.84,17.82,0.0872,0
user_0085,25,61.66,117.72,4.14,3.63,0.37,39,1.0,0.0954,96.03,17.99,0.0884,0
user_0085,26,61.55,118.07,4.11,3.65,0.36,40,1.0,0.0919,95.87,18.07,0.0846,0
user_0085,27,61.34,117.57,3.99,3.64,0.36,39,1.01,0.0933,95.72,18.11,0.0864,0
user_0085,28,61.32,117.9,3.96,3.65,0.36,39,1.0,0.0924,96.26,17.92,0.0857,0
user_0085,29,61.67,117.79,4.0,3.63,0.36,39,1.01,0.0938,96.03,17.99,0.0869,0
user_0085,30,61.35,118.26,4.0,3.65,0.38,40,1.0,0.0943,95.84,18.12,0.0857,0
user_0085,31,61.35,117.53,4.02,3.64,0.35,40,1.0,0.0935,95.96,18.04,0.0868,0
user_0085,32,61.56,117.83,4.08,3.65,0.37,39,1.0,0.093,95.83,17.95,0.0869,0
user_0085,33,61.65,117.63,3.98,3.64,0.37,40,1.0,0.095,95.95,18.01,0.0862,0
user_0085,34,61.58,117.25,3.92,3.63,0.36,40,1.01,0.0951,95.93,17.97,0.0868,0
user_0085,35,61.33,117.2,3.9,3.67,0.36,39,1.01,0.0902,95.86,17.89,0.0874,0
user_0085,36,61.58,117.87,4.11,3.66,0.37,40,0.99,0.0975,96.09,17.99,0.0864,0
user_0085,37,61.4,117.66,4.09,3.58,0.39,39,1.01,0.0923,95.99,18.04,0.0877,0
user_0085,38,61.39,117.63,3.91,3.66,0.38,40,0.99,0.0962,95.93,17.73,0.0854,0
user_0085,39,61.34,117.73,3.92,3.62,0.37,40,1.0,0.0917,96.01,17.95,0.0891,0
user_0085,40,61.54,118.03,4.04,3.66,0.36,40,1.0,0.0937,95.87,17.93,0.088,0
user_0085,41,61.53,117.8,3.97,3.68,0.35,40,1.0,0.0937,95.77,18.04,0.0883,0
user_0085,42,61.76,117.89,3.95,3.66,0.37,40,1.0,0.0951,95.96,18.24,0.0872,0
user_0085,43,61.75,118.07,4.0,3.68,0.36,39,1.0,0.094,95.71,18.18,0.0868,0
user_0085,44,61.62,117.79,3.98,3.61,0.36,39,1.0,0.0927,95.85,18.05,0.088,0
user_0085,45,61.32,117.51,4.02,3.64,0.36,40,1.0,0.0918,95.83,17.83,0.087,0
user_0085,46,61.3,117.29,3.85,3.69,0.35,39,1.0,0.0944,95.98,17.99,0.0867,0
user_0085,47,61.53,117.78,4.0,3.66,0.36,39,0.99,0.0938,95.85,18.11,0.0857,0
user_0085,48,61.43,117.6,4.05,3.61,0.37,40,1.0,0.0929,95.78,18.05,0.0857,0
user_0085,49,61.42,117.67,4.05,3.61,0.36,40,1.0,0.0937,96.0,17.95,0.0868,0
user_0085,50,61.63,117.67,4.1,3.6,0.36,40,1.0,0.0938,96.04,17.92,0.0876,0
user_0085,51,61.61,117.75,4.0,3.62,0.37,39,1.0,0.0934,95.88,17.98,0.0876,0
user_0085,52,61.73,117.75,3.95,3.61,0.38,40,1.0,0.0943,95.99,17.96,0.0865,0
user_0085,53,61.3,117.46,3.97,3.67,0.36,40,1.01,0.0948,96.11,18.01,0.087,0
user_0085,54,61.44,118.23,4.09,3.61,0.39,40,1.0,0.095,95.82,18.02,0.0868,0
user_0085,55,61.44,117.97,3.98,3.65,0.37,40,1.01,0.0942,95.88,18.19,0.0846,0
user_0085,56,61.63,117.69,4.04,3.65,0.38,40,0.99,0.092,95.89,18.06,0.0884,0
user_0085,57,61.4,117.17,4.03,3.65,0.37,39,1.01,0.093,95.95,18.03,0.0877,0
user_0085,58,61.39,117.5,4.06,3.66,0.37,40,1.0,0.0936,95.97,18.05,0.0876,0
user_0085,59,61.37,117.48,4.07,3.64,0.35,39,0.99,0.0958,95.91,18.0,0.0868,0
user_0086,0,51.49,122.52,3.92,4.5,0.22,39,1.0,0.1311,95.41,17.97,0.0953,0
user_0086,1,51.37,122.24,3.85,4.52,0.22,39,1.0,0.1293,95.44,18.08,0.0948,0
user_0086,2,51.54,122.58,4.04,4.53,0.23,39,1.0,0.1256,95.37,18.09,0.0941,0
user_0086,3,51.77,122.76,3.94,4.51,0.24,40,1.0,0.1246,95.32,17.93,0.095,0
user_0086,4,51.64,121.87,3.93,4.53,0.22,40,1.0,0.1272,95.49,17.98,0.0948,0
user_0086,5,51.49,122.13,4.04,4.52,0.23,39,1.0,0.1272,95.58,18.06,0.0958,0
user_0086,6,51.51,122.27,3.92,4.54,0.24,39,1.0,0.1263,95.69,18.03,0.0935,0
user_0086,7,51.38,122.95,4.05,4.52,0.22,39,0.99,0.1269,95.44,17.98,0.0943,0
user_0086,8,51.67,122.41,4.1,4.52,0.23,40,1.0,0.1291,95.43,17.98,0.0951,0
user_0086,9,51.64,122.64,4.05,4.5,0.24,40,1.0,0.1283,95.29,18.14,0.0947,0
user_0086,10,51.62,122.68,4.03,4.53,0.24,40,1.01,0.1299,95.44,17.98,0.0947,0
user_0086,11,51.61,122.69,3.93,4.51,0.23,40,1.0,0.1277,95.46,18.06,0.0956,0
user_0086,12,51.41,122.79,3.93,4.54,0.22,40,1.0,0.1284,95.5,18.14,0.0937,0
user_0086,13,51.52,122.64,4.07,4.5,0.21,39,1.0,0.1282,95.48,17.92,0.0945,0
user_0086,14,43.61,142.57,8.6,6.04,1.13,58,0.85,0.2485,87.97,23.02,0.1929,1
user_0086,15,43.41,142.89,8.48,6.0,1.15,57,0.85,0.2473,88.08,23.0,0.1927,1
user_0086,16,43.84,142.45,8.48,5.99,1.11,58,0.85,0.2451,87.95,23.04,0.195,1
user_0086,17,43.4,142.47,8.45,6.01,1.13,58,0.85,0.2484,87.97,22.88,0.1942,1
user_0086,18,43.47,142.43,8.5,5.98,1.12,57,0.85,0.2489,88.0,23.05,0.1948,1
user_0086,19,43.38,142.87,8.46,6.05,1.13,57,0.84,0.2495,88.04,22.93,0.1946,1
user_0086,20,31.68,173.01,15.26,8.28,2.48,85,0.63,0.4264,76.8,30.46,0.3436,3
user_0086,21,31.42,173.07,15.35,8.25,2.48,85,0.63,0.4274,76.52,30.49,0.3441,3
user_0086,22,31.6,172.81,15.34,8.3,2.49,85,0.62,0.4277,76.74,30.55,0.3438,3
user_0086,23,31.43,172.51,15.28,8.19,2.48,84,0.62,0.4285,76.75,30.52,0.3446,3
user_0086,24,31.74,172.89,15.15,8.26,2.48,84,0.64,0.4282,76.62,30.61,0.3445,3
user_0086,25,31.42,172.77,15.32,8.29,2.49,84,0.62,0.4262,76.69,30.33,0.3462,3
user_0086,26,31.38,172.55,15.26,8.3,2.48,85,0.64,0.4305,76.78,30.53,0.3443,3
user_0086,27,31.64,172.51,15.19,8.31,2.47,84,0.62,0.4279,76.76,30.5,0.3435,3
user_0086,28,31.47,172.76,15.27,8.28,2.49,85,0.62,0.4285,76.77,30.34,0.3427,3
user_0086,29,31.6,172.46,15.22,8.28,2.48,84,0.63,0.4277,76.77,30.44,0.3454,3
user_0086,30,31.58,173.04,15.26,8.28,2.48,85,0.63,0.4279,76.65,30.28,0.3445,3
user_0086,31,31.48,171.81,15.22,8.25,2.5,84,0.63,0.4287,76.84,30.73,0.3452,3
user_0086,32,32.01,172.75,15.34,8.26,2.47,84,0.63,0.4273,76.71,30.46,0.3437,3
user_0086,33,31.78,172.38,15.29,8.28,2.46,85,0.62,0.4279,76.7,30.51,0.345,3
user_0086,34,31.4,172.45,15.13,8.24,2.49,84,0.63,0.4266,76.66,30.61,0.3446,3
user_0086,35,31.31,172.46,15.31,8.27,2.49,84,0.63,0.4263,76.76,30.59,0.3445,3
user_0086,36,31.62,172.85,15.29,8.26,2.48,84,0.62,0.43,76.8,30.64,0.345,3
user_0086,37,31.48,172.31,15.21,8.29,2.47,85,0.62,0.4262,76.71,30.52,0.3461,3
user_0086,38,31.55,172.44,15.36,8.3,2.48,84,0.62,0.4291,76.86,30.51,0.3443,3
user_0086,39,31.45,172.78,15.17,8.26,2.49,85,0.63,0.4271,76.61,30.65,0.3451,3
user_0086,40,26.08,186.79,18.54,9.34,3.11,97,0.52,0.5144,71.62,34.16,0.4124,4
user_0086,41,25.9,186.38,18.54,9.3,3.12,98,0.52,0.5115,71.51,33.87,0.4129,4
user_0086,42,26.02,185.99,18.4,9.32,3.13,97,0.52,0.5135,71.51,33.89,0.4147,4
user_0086,43,25.96,186.62,18.43,9.35,3.11,97,0.51,0.5115,71.45,34.04,0.4157,4
user_0086,44,26.17,186.44,18.27,9.32,3.12,97,0.52,0.5118,71.65,34.23,0.4151,4
user_0086,45,26.03,186.25,18.37,9.34,3.11,97,0.51,0.5089,71.69,33.99,0.4127,4
user_0086,46,25.91,186.24,18.31,9.3,3.1,96,0.52,0.5112,71.58,34.0,0.4126,4
user_0086,47,25.93,186.95,18.39,9.3,3.1,97,0.51,0.5113,71.27,33.88,0.415,4
user_0086,48,25.95,186.51,18.3,9.36,3.13,97,0.52,0.5103,71.54,33.76,0.4138,4
user_0086,49,25.96,186.7,18.32,9.34,3.11,97,0.51,0.5145,71.51,33.96,0.4129,4
user_0086,50,25.84,186.65,18.43,9.32,3.1,97,0.52,0.512,71.4,33.98,0.4145,4
user_0086,51,25.98,186.8,18.22,9.33,3.09,97,0.53,0.5102,71.58,33.94,0.4159,4
user_0086,52,25.72,186.58,18.19,9.32,3.09,97,0.52,0.5147,71.44,34.17,0.4134,4
user_0086,53,25.43,186.79,18.31,9.35,3.11,97,0.52,0.5154,71.6,34.02,0.4153,4
user_0086,54,26.04,186.72,18.55,9.32,3.11,97,0.53,0.5116,71.53,33.9,0.414,4
user_0086,55,26.08,186.57,18.49,9.34,3.11,97,0.52,0.5125,71.49,34.03,0.4137,4
user_0086,56,26.03,186.7,18.34,9.31,3.11,97,0.52,0.5136,71.58,34.06,0.4132,4
user_0086,57,26.21,186.68,18.39,9.34,3.11,96,0.52,0.5137,71.53,33.81,0.4152,4
user_0086,58,25.97,186.68,18.29,9.31,3.1,97,0.52,0.5111,71.41,33.97,0.4147,4
user_0086,59,26.06,186.37,18.43,9.31,3.08,97,0.52,0.5108,71.52,34.07,0.4155,4
user_0087,0,51.2,126.58,3.9,3.97,0.15,39,1.0,0.0954,93.46,18.03,0.104,0
user_0087,1,51.57,126.63,3.95,3.97,0.15,39,1.01,0.0963,93.5,18.07,0.1044,0
user_0087,2,51.57,126.9,4.01,4.01,0.13,40,1.01,0.095,93.42,17.87,0.1034,0
user_0087,3,51.31,126.46,4.01,4.02,0.15,40,1.0,0.0923,93.31,17.93,0.1044,0
user_0087,4,51.59,126.74,4.06,4.09,0.14,39,1.0,0.0957,93.52,17.95,0.1034,0
user_0087,5,51.42,126.47,4.01,4.03,0.14,40,1.0,0.0935,93.47,17.97,0.1035,0
user_0087,6,51.47,126.68,4.02,4.08,0.14,40,1.0,0.0944,93.37,18.1,0.1033,0
user_0087,7,51.36,127.2,3.91,4.05,0.14,39,1.0,0.0948,93.25,18.04,0.1042,0
user_0087,8,51.45,126.87,4.02,4.06,0.13,39,1.01,0.096,93.18,17.83,0.1038,0
user_0087,9,51.74,126.65,4.05,4.03,0.15,40,1.0,0.0965,93.35,17.98,0.1043,0
user_0087,10,51.57,126.9,3.87,4.06,0.13,39,1.0,0.0951,93.55,17.88,0.1035,0
user_0087,11,51.2,126.79,3.98,4.0,0.16,40,1.0,0.0969,93.4,18.07,0.1047,0
user_0087,12,51.34,126.86,4.01,4.0,0.13,40,1.0,0.093,93.47,18.09,0.1027,0
user_0087,13,51.5,127.13,3.93,4.07,0.14,39,0.99,0.0931,93.34,18.09,0.1062,0
user_0087,14,42.29,150.72,9.37,5.8,1.23,61,0.82,0.2399,84.45,23.94,0.2237,1
user_0087,15,41.81,150.55,9.32,5.79,1.23,61,0.81,0.2373,84.28,23.94,0.225,1
user_0087,16,41.8,150.89,9.52,5.83,1.22,61,0.82,0.2418,84.23,24.11,0.2221,1
user_0087,17,42.02,150.65,9.54,5.84,1.23,61,0.83,0.2434,84.61,23.9,0.2236,1
user_0087,18,41.72,150.6,9.42,5.84,1.23,61,0.82,0.2399,84.5,24.04,0.2243,1
user_0087,19,41.86,150.82,9.59,5.86,1.23,61,0.82,0.2393,84.5,23.94,0.2237,1
user_0087,20,41.69,150.95,9.48,5.84,1.22,61,0.82,0.2408,84.51,23.86,0.223,2
user_0087,21,41.96,150.42,9.47,5.82,1.23,61,0.82,0.2375,84.35,23.99,0.2237,2
user_0087,22,42.01,150.59,9.4,5.86,1.23,61,0.81,0.2371,84.47,24.07,0.2219,2
user_0087,23,42.0,150.61,9.37,5.85,1.23,61,0.82,0.2386,84.33,24.13,0.2252,2
user_0087,24,41.8,150.62,9.47,5.81,1.23,61,0.82,0.2406,84.31,23.94,0.2242,2
user_0087,25,41.63,150.77,9.49,5.85,1.22,61,0.83,0.2412,84.4,23.94,0.2247,2
user_0087,26,42.07,151.1,9.44,5.82,1.21,62,0.83,0.238,84.43,23.98,0.2239,2
user_0087,27,41.84,150.93,9.31,5.82,1.23,61,0.82,0.2384,84.57,24.03,0.223,2
user_0087,28,42.12,150.76,9.41,5.85,1.22,61,0.82,0.2382,84.36,23.87,0.2241,2
user_0087,29,41.87,150.83,9.27,5.81,1.21,61,0.82,0.2399,84.35,24.16,0.2239,2
user_0087,30,42.04,150.73,9.47,5.81,1.22,61,0.83,0.2374,84.62,23.86,0.2246,2
user_0087,31,41.8,150.82,9.39,5.81,1.22,61,0.82,0.2377,84.46,24.09,0.2237,2
user_0087,32,41.7,151.19,9.44,5.81,1.23,61,0.83,0.2424,84.49,23.9,0.2218,2
user_0087,33,42.1,150.72,9.37,5.86,1.22,61,0.82,0.2395,84.57,23.95,0.2232,2
user_0087,34,41.87,150.45,9.47,5.85,1.22,61,0.81,0.2379,84.38,23.81,0.2263,2
user_0087,35,41.96,150.89,9.39,5.84,1.22,61,0.83,0.2408,84.41,24.2,0.2237,2
user_0087,36,47.42,136.79,6.27,4.75,0.6,49,0.93,0.1562,89.71,20.4,0.1528,1
user_0087,37,47.52,136.65,6.14,4.77,0.6,49,0.92,0.1551,89.7,20.37,0.1531,1
user_0087,38,47.5,136.53,6.23,4.84,0.58,49,0.93,0.1533,89.73,20.5,0.155,1
user_0087,39,47.6,136.8,6.23,4.81,0.59,48,0.92,0.1533,89.74,20.46,0.1531,1
user_0087,40,47.43,136.96,6.3,4.78,0.59,48,0.92,0.1538,89.65,20.41,0.1542,1
user_0087,41,47.57,137.03,6.27,4.78,0.58,48,0.92,0.1526,89.63,20.45,0.1544,1
user_0087,42,47.35,137.46,6.21,4.77,0.59,49,0.92,0.1537,89.47,20.56,0.1545,1
user_0087,43,47.55,136.7,6.23,4.8,0.59,49,0.92,0.155,89.7,20.64,0.155,1
user_0087,44,47.49,136.66,6.16,4.79,0.58,49,0.93,0.1541,89.78,20.55,0.1543,1
user_0087,45,47.46,136.89,6.14,4.78,0.59,48,0.92,0.1542,89.79,20.36,0.1542,1
user_0087,46,47.33,137.08,6.28,4.74,0.6,48,0.93,0.1532,89.78,20.3,0.153,1
user_0087,47,47.34,136.85,6.21,4.77,0.59,48,0.92,0.1532,89.47,20.56,0.1526,1
user_0087,48,47.72,137.11,6.32,4.75,0.61,48,0.92,0.1564,89.73,20.43,0.153,1
user_0087,49,47.47,136.73,6.21,4.82,0.59,49,0.93,0.1567,89.51,20.6,0.1548,1
user_0087,50,47.4,136.97,6.14,4.76,0.6,48,0.92,0.1573,89.46,20.48,0.1538,1
user_0087,51,47.38,137.1,6.18,4.75,0.57,49,0.92,0.1547,89.64,20.62,0.1554,1
user_0087,52,47.24,136.64,6.16,4.77,0.59,48,0.93,0.1545,89.74,20.5,0.1521,1
user_0087,53,47.59,136.42,6.16,4.77,0.59,48,0.92,0.155,89.65,20.33,0.154,1
user_0087,54,47.59,136.42,6.17,4.8,0.61,48,0.92,0.1555,89.79,20.41,0.1533,1
user_0087,55,47.42,136.4,6.31,4.78,0.57,48,0.93,0.1556,89.82,20.44,0.1548,1
user_0087,56,47.7,136.74,6.22,4.8,0.6,49,0.93,0.1551,89.65,20.46,0.1542,1
user_0087,57,47.47,136.82,6.19,4.76,0.6,49,0.92,0.1572,89.58,20.54,0.1543,1
user_0087,58,47.51,137.07,6.37,4.75,0.57,48,0.92,0.1545,89.84,20.77,0.1529,1
user_0087,59,47.53,136.8,6.28,4.74,0.61,49,0.92,0.157,89.51,20.33,0.1541,1
user_0088,0,63.18,113.65,3.92,4.86,0.24,40,1.0,0.1248,95.41,17.94,0.177,0
user_0088,1,63.17,113.88,3.99,4.93,0.25,40,1.0,0.1269,95.47,17.99,0.1753,0
user_0088,2,63.32,113.65,4.03,4.89,0.24,40,1.0,0.1257,95.57,18.0,0.1755,0
user_0088,3,63.42,113.44,4.0,4.87,0.23,39,1.0,0.1213,95.65,17.98,0.1762,0
user_0088,4,63.52,113.08,4.04,4.86,0.24,39,0.99,0.1254,95.63,17.98,0.1758,0
user_0088,5,63.2,113.34,4.0,4.87,0.23,39,0.99,0.1242,95.44,18.04,0.1761,0
user_0088,6,63.59,113.42,4.22,4.88,0.24,39,1.0,0.1242,95.39,17.91,0.1756,0
user_0088,7,63.25,113.47,3.89,4.88,0.23,40,1.0,0.1252,95.61,17.87,0.178,0
user_0088,8,63.6,113.1,3.91,4.91,0.24,40,0.99,0.123,95.7,18.05,0.175,0
user_0088,9,63.64,113.84,3.96,4.87,0.25,40,1.01,0.1246,95.52,18.08,0.1755,0
user_0088,10,63.38,113.39,4.0,4.87,0.22,39,1.0,0.122,95.59,18.01,0.1766,0
user_0088,11,63.47,113.34,4.05,4.89,0.24,40,1.0,0.1255,95.58,17.99,0.1768,0
user_0088,12,63.37,113.25,4.03,4.89,0.27,40,0.99,0.1245,95.39,17.96,0.1761,0
user_0088,13,63.38,112.81,4.0,4.87,0.24,39,1.0,0.1253,95.35,18.05,0.1751,0
user_0088,14,63.41,113.08,3.98,4.86,0.22,40,1.0,0.1244,95.58,18.13,0.1763,0
user_0088,15,63.53,113.54,3.94,4.93,0.22,40,1.0,0.1277,95.62,17.92,0.1753,0
user_0088,16,63.38,113.39,4.01,4.9,0.23,40,0.99,0.1217,95.69,17.84,0.1758,0
user_0088,17,63.33,113.8,4.14,4.89,0.23,39,1.0,0.1254,95.91,17.89,0.1761,0
user_0088,18,63.43,113.23,3.97,4.88,0.24,40,1.0,0.122,95.51,18.05,0.1773,0
user_0088,19,63.52,113.29,4.04,4.89,0.22,39,1.0,0.1252,95.72,18.18,0.1742,0
user_0088,20,63.42,113.74,4.06,4.91,0.23,39,1.0,0.1234,95.46,18.01,0.1757,0
user_0088,21,63.58,113.46,4.15,4.86,0.23,40,1.0,0.1245,95.4,17.8,0.1748,0
user_0088,22,63.52,112.89,4.05,4.88,0.23,40,1.01,0.1231,95.65,18.0,0.1767,0
user_0088,23,63.39,113.03,4.0,4.91,0.23,40,1.01,0.1259,95.62,17.87,0.1739,0
user_0088,24,63.54,113.56,4.0,4.89,0.23,40,1.0,0.1254,95.59,18.0,0.1757,0
user_0088,25,63.48,112.86,4.07,4.88,0.23,40,1.0,0.1225,95.65,17.95,0.1755,0
user_0088,26,63.58,113.61,3.9,4.88,0.22,39,1.0,0.1257,95.47,18.05,0.1756,0
user_0088,27,63.21,113.16,3.9,4.87,0.22,39,1.0,0.1228,95.46,17.94,0.1756,0
user_0088,28,63.33,113.04,4.06,4.9,0.23,40,1.01,0.1261,95.37,18.03,0.1751,0
user_0088,29,63.4,112.96,4.02,4.93,0.23,40,1.0,0.1252,95.35,18.04,0.1767,0
user_0088,30,63.71,113.0,4.12,4.88,0.24,40,1.0,0.1215,95.59,17.89,0.1759,0
user_0088,31,63.36,112.95,3.92,4.9,0.24,39,1.0,0.1245,95.61,18.07,0.1761,0
user_0088,32,63.54,113.35,4.04,4.93,0.25,40,0.99,0.1261,95.34,18.05,0.1764,0
user_0088,33,63.46,113.46,3.9,4.86,0.22,39,1.0,0.1238,95.68,18.2,0.1751,0
user_0088,34,63.44,113.39,3.93,4.87,0.25,40,1.01,0.1249,95.66,18.04,0.1775,0
user_0088,35,63.01,113.09,3.89,4.87,0.23,39,1.0,0.1243,95.61,18.05,0.1766,0
user_0088,36,63.36,113.61,3.99,4.9,0.23,40,1.0,0.1243,95.45,18.11,0.1748,0
user_0088,37,63.78,113.54,3.9,4.89,0.25,39,1.0,0.1246,95.5,18.13,0.175,0
user_0088,38,63.51,113.67,4.0,4.92,0.23,39,1.0,0.1246,95.48,17.99,0.1749,0
user_0088,39,63.45,113.93,4.07,4.9,0.24,40,1.0,0.1214,95.44,17.95,0.1755,0
user_0088,40,63.45,113.66,4.03,4.89,0.22,39,1.0,0.1226,95.27,17.88,0.1776,0
user_0088,41,63.62,113.15,3.96,4.95,0.26,40,1.0,0.1245,95.54,18.03,0.1765,0
user_0088,42,63.61,113.44,4.02,4.85,0.23,39,1.0,0.1232,95.56,18.01,0.1762,0
user_0088,43,63.16,113.46,3.97,4.91,0.23,39,1.01,0.1226,95.52,17.91,0.1754,0
user_0088,44,63.7,113.06,3.98,4.91,0.23,40,1.0,0.1239,95.55,17.98,0.1771,0
user_0088,45,63.36,113.44,4.07,4.9,0.23,40,1.0,0.1254,95.52,18.06,0.1766,0
user_0088,46,63.34,113.7,4.08,4.87,0.22,39,1.0,0.1232,95.53,18.08,0.1775,0
user_0088,47,63.57,113.67,4.0,4.85,0.23,39,1.0,0.1209,95.59,17.98,0.1762,0
user_0088,48,63.31,113.65,4.01,4.86,0.22,39,1.0,0.1229,95.64,18.0,0.1774,0
user_0088,49,63.36,113.35,4.07,4.86,0.23,39,1.0,0.1219,95.6,17.93,0.1752,0
user_0088,50,63.17,113.34,3.94,4.88,0.23,40,1.0,0.1248,95.54,18.06,0.1757,0
user_0088,51,63.72,113.35,4.01,4.92,0.23,40,1.01,0.1233,95.66,17.9,0.1761,0
user_0088,52,63.35,113.34,4.05,4.91,0.21,39,1.01,0.1241,95.57,18.1,0.1734,0
user_0088,53,63.3,113.61,3.87,4.89,0.21,39,1.01,0.1213,95.54,18.09,0.175,0
user_0088,54,63.5,113.82,4.05,4.89,0.25,40,1.0,0.1225,95.66,18.2,0.1737,0
user_0088,55,63.32,113.34,3.93,4.91,0.24,40,1.01,0.1246,95.52,17.89,0.1764,0
user_0088,56,63.28,113.55,3.96,4.83,0.24,40,1.0,0.1218,95.71,18.19,0.1749,0
user_0088,57,63.51,113.26,3.97,4.89,0.23,39,1.01,0.1222,95.61,18.23,0.1759,0
user_0088,58,63.56,113.17,3.93,4.85,0.24,40,1.0,0.1243,95.53,17.95,0.1751,0
user_0088,59,63.34,113.49,4.18,4.91,0.23,39,1.0,0.1275,95.67,18.04,0.177,0
user_0089,0,65.82,93.5,3.79,3.18,0.43,40,0.99,0.142,96.66,18.07,0.1216,0
user_0089,1,65.6,93.43,3.88,3.13,0.41,40,1.0,0.1436,96.65,18.0,0.1185,0
user_0089,2,65.45,92.92,4.1,3.15,0.41,40,1.0,0.1448,96.59,18.16,0.119,0
user_0089,3,65.64,93.25,4.06,3.18,0.38,39,1.0,0.1421,96.63,17.96,0.1204,0
user_0089,4,65.74,93.37,3.91,3.15,0.42,40,0.99,0.1456,96.6,18.04,0.1215,0
user_0089,5,65.59,93.33,3.96,3.17,0.43,39,1.0,0.1452,96.56,18.01,0.118,0
user_0089,6,65.61,93.07,3.89,3.11,0.41,40,1.0,0.1415,96.7,18.06,0.1191,0
user_0089,7,65.69,92.75,3.99,3.17,0.42,40,1.0,0.143,96.69,18.0,0.1192,0
user_0089,8,65.73,93.24,4.04,3.16,0.4,39,0.99,0.146,96.81,18.1,0.1185,0
user_0089,9,65.79,93.51,3.89,3.15,0.42,39,1.0,0.1447,96.6,18.25,0.1204,0
user_0089,10,65.62,93.6,4.01,3.16,0.44,40,1.0,0.1442,96.85,18.0,0.119,0
user_0089,11,65.6,93.38,3.93,3.15,0.41,40,1.01,0.1433,96.76,17.96,0.1193,0
user_0089,12,65.83,93.26,4.03,3.16,0.42,39,0.99,0.1444,96.52,17.95,0.1202,0
user_0089,13,65.78,93.89,4.01,3.17,0.42,39,1.0,0.1416,96.8,18.07,0.1176,0
user_0089,14,65.55,93.39,4.02,3.14,0.42,40,1.0,0.146,96.71,17.88,0.1177,0
user_0089,15,65.84,93.69,4.0,3.18,0.42,39,0.99,0.1442,96.86,18.02,0.1185,0
user_0089,16,65.58,93.41,4.09,3.18,0.4,40,1.0,0.1432,96.63,17.96,0.1196,0
user_0089,17,65.35,93.42,4.02,3.18,0.4,39,1.01,0.1437,96.88,18.09,0.1189,0
user_0089,18,65.68,93.56,4.09,3.18,0.43,40,1.0,0.1426,96.73,17.93,0.1184,0
user_0089,19,65.71,93.27,4.1,3.15,0.39,40,1.0,0.1437,96.6,17.81,0.1179,0
user_0089,20,65.73,93.24,3.98,3.13,0.43,39,1.01,0.1441,96.84,17.93,0.1172,0
user_0089,21,65.62,93.43,4.05,3.18,0.44,40,1.0,0.1432,96.6,18.03,0.1198,0
user_0089,22,65.86,93.21,4.0,3.15,0.43,39,1.0,0.1373,96.56,17.94,0.1182,0
user_0089,23,65.45,93.01,4.09,3.15,0.4,39,0.99,0.1434,96.72,17.86,0.1191,0
user_0089,24,65.86,93.54,4.04,3.18,0.41,40,1.0,0.1423,96.67,17.93,0.1186,0
user_0089,25,65.83,93.24,3.94,3.2,0.43,39,1.01,0.145,96.63,18.12,0.1175,0
user_0089,26,65.58,93.02,3.93,3.19,0.42,39,1.0,0.1425,96.71,18.23,0.119,0
user_0089,27,65.69,93.67,3.96,3.2,0.41,39,1.0,0.1434,96.66,18.04,0.1183,0
user_0089,28,65.66,92.89,4.06,3.2,0.42,40,1.0,0.1458,96.7,17.84,0.12,0
user_0089,29,65.76,93.76,4.12,3.2,0.42,40,0.99,0.1431,96.98,17.83,0.1191,0
user_0089,30,65.64,93.5,4.01,3.2,0.42,40,1.0,0.1431,96.64,18.13,0.1194,0
user_0089,31,65.8,93.6,3.96,3.16,0.41,40,1.0,0.1438,96.58,18.08,0.1196,0
user_0089,32,65.73,93.33,4.08,3.17,0.43,40,0.99,0.1433,96.71,17.93,0.1198,0
user_0089,33,65.35,93.49,4.05,3.12,0.42,39,1.01,0.1423,96.76,18.1,0.1184,0
user_0089,34,65.84,93.18,4.1,3.24,0.42,40,1.0,0.1463,96.77,17.95,0.1203,0
user_0089,35,65.66,93.46,3.97,3.15,0.41,39,1.0,0.1431,96.6,17.9,0.12,0
user_0089,36,65.63,92.8,4.0,3.16,0.42,39,1.01,0.1433,96.66,17.97,0.1192,0
user_0089,37,65.71,93.19,4.0,3.16,0.42,39,1.0,0.1432,96.82,18.12,0.1192,0
user_0089,38,65.5,93.3,4.14,3.17,0.42,40,1.0,0.1423,96.6,17.97,0.1192,0
user_0089,39,65.67,93.42,4.16,3.23,0.42,40,1.0,0.1451,96.79,17.95,0.1207,0
user_0089,40,65.88,93.53,4.05,3.18,0.42,40,1.0,0.1441,96.68,17.99,0.1207,0
user_0089,41,65.68,93.22,4.02,3.14,0.43,40,1.0,0.1431,96.54,18.2,0.1191,0
user_0089,42,65.94,93.26,4.04,3.19,0.42,39,0.99,0.1471,96.62,18.27,0.1183,0
user_0089,43,65.87,93.47,4.06,3.16,0.41,39,1.0,0.1434,96.64,17.92,0.118,0
user_0089,44,65.73,93.11,3.92,3.17,0.39,39,1.0,0.1444,96.72,17.87,0.1186,0
user_0089,45,65.75,93.39,3.94,3.18,0.42,39,0.99,0.1462,96.71,17.95,0.1183,0
user_0089,46,65.67,93.55,3.89,3.16,0.43,40,1.0,0.1441,96.71,17.95,0.1182,0
user_0089,47,65.77,93.15,4.02,3.17,0.44,39,1.01,0.1446,96.67,17.88,0.1187,0
user_0089,48,65.78,92.98,4.06,3.2,0.42,40,1.0,0.1444,96.83,17.84,0.118,0
user_0089,49,65.84,93.65,3.89,3.21,0.39,40,1.0,0.1424,96.61,17.94,0.1186,0
user_0089,50,65.95,93.49,4.11,3.16,0.42,39,1.0,0.1427,96.73,17.93,0.1179,0
user_0089,51,65.71,93.28,3.95,3.15,0.41,40,1.0,0.1424,96.61,17.89,0.1184,0
user_0089,52,65.67,93.07,4.16,3.19,0.42,40,0.99,0.1417,96.81,18.16,0.1165,0
user_0089,53,65.72,93.63,3.97,3.21,0.42,40,1.0,0.1436,96.64,18.03,0.119,0
user_0089,54,65.58,92.8,3.99,3.14,0.4,39,1.0,0.1418,96.59,18.07,0.118,0
user_0089,55,65.48,93.49,3.99,3.17,0.41,40,1.0,0.1433,96.53,18.03,0.1184,0
user_0089,56,65.78,93.06,3.98,3.13,0.42,40,1.0,0.1432,96.6,17.93,0.1195,0
user_0089,57,65.57,93.41,4.0,3.19,0.41,40,1.01,0.141,96.67,17.99,0.118,0
user_0089,58,65.71,93.57,3.85,3.12,0.43,39,1.0,0.1419,96.69,18.14,0.1193,0
user_0089,59,65.68,92.85,4.06,3.17,0.41,40,1.0,0.1444,96.8,18.02,0.1183,0
user_0090,0,55.45,118.51,3.95,3.65,0.54,39,1.0,0.0714,93.72,17.91,0.1301,0
user_0090,1,55.4,118.96,4.01,3.69,0.53,40,1.0,0.072,93.71,18.19,0.1281,0
user_0090,2,55.19,118.79,4.01,3.66,0.52,39,1.01,0.0714,93.73,18.21,0.129,0
user_0090,3,55.42,118.89,4.15,3.64,0.54,40,1.0,0.0709,93.78,18.0,0.1289,0
user_0090,4,55.18,119.62,4.04,3.67,0.56,39,1.0,0.0712,93.96,17.99,0.1309,0
user_0090,5,55.34,118.17,3.87,3.67,0.54,40,0.99,0.0699,93.6,17.97,0.1285,0
user_0090,6,55.62,119.06,4.01,3.72,0.54,39,0.99,0.0719,93.61,18.13,0.1284,0
user_0090,7,55.62,118.9,3.82,3.69,0.54,39,1.0,0.0715,93.8,18.02,0.1281,0
user_0090,8,55.21,118.84,3.99,3.67,0.54,39,1.0,0.0735,93.81,17.94,0.1266,0
user_0090,9,55.69,119.03,4.07,3.63,0.54,39,1.01,0.0715,93.61,18.02,0.1287,0
user_0090,10,55.51,118.84,3.85,3.69,0.54,40,1.01,0.0697,93.7,18.1,0.1304,0
user_0090,11,55.35,118.38,4.05,3.69,0.52,39,1.01,0.0739,93.58,17.97,0.1277,0
user_0090,12,55.27,118.88,4.02,3.7,0.51,40,1.0,0.0699,93.71,18.03,0.1276,0
user_0090,13,55.38,118.82,4.03,3.68,0.53,40,1.0,0.0743,93.79,18.04,0.1281,0
user_0090,14,45.83,142.34,9.37,5.47,1.62,61,0.83,0.2163,84.62,23.84,0.2491,1
user_0090,15,45.69,142.9,9.46,5.46,1.63,61,0.82,0.2151,84.71,24.08,0.2491,1
user_0090,16,45.59,142.63,9.42,5.47,1.6,61,0.82,0.2168,84.78,23.98,0.2472,1
user_0090,17,45.77,143.08,9.47,5.43,1.63,61,0.82,0.2141,84.91,24.08,0.2484,1
user_0090,18,45.76,143.37,9.44,5.51,1.62,61,0.82,0.216,84.77,24.04,0.2491,1
user_0090,19,45.71,142.84,9.36,5.47,1.62,61,0.83,0.2175,84.86,24.13,0.2488,1
user_0090,20,45.92,142.78,9.5,5.46,1.61,61,0.82,0.2171,84.82,24.09,0.2468,2
user_0090,21,45.56,142.88,9.42,5.49,1.61,61,0.82,0.2141,84.69,23.88,0.2483,2
user_0090,22,45.83,142.66,9.33,5.43,1.59,61,0.82,0.2127,84.88,24.09,0.248,2
user_0090,23,45.52,143.11,9.37,5.42,1.6,61,0.82,0.2147,84.54,24.14,0.2491,2
user_0090,24,45.71,143.04,9.36,5.46,1.6,61,0.82,0.216,84.69,23.8,0.249,2
user_0090,25,45.79,142.63,9.35,5.46,1.6,61,0.82,0.2146,84.66,24.04,0.2457,2
user_0090,26,45.73,142.99,9.39,5.48,1.62,61,0.82,0.2159,84.66,24.06,0.25,2
user_0090,27,45.65,142.98,9.34,5.44,1.61,61,0.82,0.2158,84.72,24.04,0.2486,2
user_0090,28,45.82,143.08,9.41,5.51,1.61,61,0.82,0.2171,84.71,23.92,0.2482,2
user_0090,29,45.79,142.78,9.34,5.44,1.63,61,0.82,0.2141,84.64,23.87,0.2491,2
user_0090,30,45.85,142.78,9.47,5.46,1.59,61,0.82,0.2184,84.91,23.78,0.2469,2
user_0090,31,45.84,142.98,9.35,5.47,1.61,61,0.81,0.2136,84.69,24.11,0.2487,2
user_0090,32,45.86,142.76,9.43,5.44,1.61,61,0.82,0.2141,84.78,23.86,0.2486,2
user_0090,33,45.88,142.51,9.31,5.49,1.62,61,0.82,0.2168,84.81,23.92,0.248,2
user_0090,34,45.76,142.97,9.41,5.49,1.62,61,0.82,0.2169,84.86,24.02,0.2502,2
user_0090,35,45.96,143.35,9.41,5.51,1.62,61,0.82,0.2153,84.71,24.03,0.2499,2
user_0090,36,51.47,128.58,6.28,4.39,0.98,48,0.92,0.1298,90.0,20.67,0.179,1
user_0090,37,51.24,128.19,6.27,4.42,0.99,49,0.92,0.1342,89.98,20.45,0.1787,1
user_0090,38,51.35,128.54,6.21,4.41,1.0,48,0.93,0.133,90.03,20.56,0.1796,1
user_0090,39,51.56,128.73,6.32,4.41,0.99,48,0.92,0.1326,89.98,20.55,0.1795,1
user_0090,40,51.38,129.05,6.17,4.42,0.97,49,0.93,0.1343,89.94,20.3,0.1787,1
user_0090,41,51.27,128.84,6.2,4.4,0.97,48,0.93,0.1315,89.88,20.44,0.1787,1
user_0090,42,51.38,128.94,6.18,4.42,0.98,49,0.93,0.1311,89.95,20.48,0.1789,1
user_0090,43,51.68,128.63,6.32,4.4,0.99,49,0.92,0.1312,90.18,20.51,0.1787,1
user_0090,44,51.7,129.27,6.24,4.38,0.98,48,0.92,0.13,89.98,20.43,0.1778,1
user_0090,45,51.41,128.75,6.17,4.41,1.0,49,0.93,0.1313,89.93,20.57,0.1785,1
user_0090,46,51.53,129.29,6.25,4.39,0.98,49,0.92,0.1328,90.06,20.63,0.1795,1
user_0090,47,51.04,128.63,6.26,4.38,0.99,48,0.92,0.1342,90.11,20.5,0.1773,1
user_0090,48,51.47,128.29,6.3,4.42,0.98,49,0.92,0.1304,90.01,20.37,0.1773,1
user_0090,49,51.48,128.72,6.36,4.37,0.99,49,0.93,0.1307,90.17,20.31,0.1782,1
user_0090,50,51.56,129.13,6.18,4.41,0.99,48,0.92,0.1291,89.93,20.44,0.1774,1
user_0090,51,51.7,128.97,6.23,4.4,0.99,49,0.92,0.1303,89.99,20.22,0.1774,1
user_0090,52,51.56,129.02,6.13,4.4,0.97,48,0.92,0.1327,90.08,20.45,0.1767,1
user_0090,53,51.15,129.11,6.23,4.4,0.98,49,0.93,0.131,89.9,20.52,0.1763,1
user_0090,54,51.49,128.75,6.26,4.4,1.0,49,0.93,0.1318,89.98,20.43,0.1776,1
user_0090,55,51.48,128.83,6.34,4.4,0.97,49,0.93,0.1325,90.04,20.6,0.1784,1
user_0090,56,51.18,129.04,6.27,4.4,0.97,48,0.92,0.1309,89.93,20.49,0.1797,1
user_0090,57,51.57,128.84,6.19,4.38,1.0,48,0.92,0.1355,89.97,20.71,0.1778,1
user_0090,58,51.61,128.89,6.2,4.38,0.96,48,0.93,0.1316,89.93,20.49,0.1791,1
user_0090,59,51.21,128.91,6.14,4.33,0.98,48,0.92,0.1315,90.04,20.42,0.1768,1
user_0091,0,68.75,127.55,4.07,4.19,0.35,39,1.0,0.1185,96.05,18.02,0.0822,0
user_0091,1,68.36,127.34,4.04,4.15,0.34,40,1.0,0.1188,95.9,18.03,0.0825,0
user_0091,2,68.74,127.65,4.01,4.13,0.35,40,1.0,0.1211,95.95,17.99,0.0856,0
user_0091,3,68.5,127.72,3.97,4.16,0.35,39,1.0,0.1206,96.01,18.12,0.0838,0
user_0091,4,68.84,127.76,4.14,4.2,0.34,40,1.0,0.121,96.11,17.97,0.0838,0
user_0091,5,68.49,128.16,3.94,4.12,0.34,39,1.0,0.1211,96.0,17.95,0.084,0
user_0091,6,68.73,127.64,4.07,4.16,0.34,40,1.0,0.1212,96.15,17.99,0.0841,0
user_0091,7,68.72,127.69,4.04,4.16,0.35,40,1.0,0.1172,95.99,17.98,0.0851,0
user_0091,8,68.6,127.72,3.97,4.14,0.34,39,1.0,0.1202,96.14,18.05,0.0837,0
user_0091,9,68.26,128.06,4.0,4.1,0.35,39,1.0,0.1201,95.94,18.1,0.0834,0
user_0091,10,68.62,127.73,4.02,4.16,0.35,40,1.0,0.1187,95.88,17.92,0.0839,0
user_0091,11,68.39,127.42,3.9,4.18,0.35,40,1.0,0.1171,95.91,17.87,0.0821,0
user_0091,12,68.73,127.52,4.02,4.18,0.33,40,0.99,0.1201,96.1,17.89,0.0843,0
user_0091,13,68.59,127.47,3.91,4.16,0.35,39,1.0,0.1209,96.11,18.1,0.0851,0
user_0091,14,68.46,127.23,4.03,4.15,0.35,39,1.0,0.1198,96.01,18.07,0.0834,0
user_0091,15,68.27,128.45,4.0,4.23,0.34,39,1.0,0.1214,96.06,18.03,0.0834,0
user_0091,16,68.58,127.55,4.09,4.18,0.34,39,0.99,0.1192,96.02,17.99,0.0841,0
user_0091,17,68.55,127.98,4.04,4.16,0.33,40,1.0,0.1187,95.88,18.11,0.0825,0
user_0091,18,68.58,127.59,4.03,4.13,0.34,39,1.0,0.1205,96.08,18.15,0.0832,0
user_0091,19,68.51,127.9,4.04,4.19,0.36,39,1.0,0.1188,96.15,17.88,0.0844,0
user_0091,20,68.47,127.72,4.1,4.14,0.33,39,1.0,0.1178,95.79,18.12,0.085,0
user_0091,21,68.47,127.51,4.06,4.18,0.36,40,0.99,0.1209,95.92,17.99,0.0846,0
user_0091,22,68.42,127.57,3.91,4.13,0.34,40,1.0,0.1237,96.09,18.1,0.0824,0
user_0091,23,68.53,127.3,3.98,4.14,0.34,40,1.0,0.121,95.85,18.04,0.0831,0
user_0091,24,68.59,127.8,3.89,4.19,0.34,40,1.0,0.1217,96.0,18.03,0.0836,0
user_0091,25,68.52,127.52,4.02,4.17,0.35,40,0.99,0.1211,95.92,17.84,0.0853,0
user_0091,26,68.77,127.58,4.08,4.15,0.34,39,1.0,0.1194,95.92,17.72,0.0833,0
user_0091,27,68.41,127.66,3.98,4.17,0.35,39,0.99,0.1179,95.91,17.93,0.0844,0
user_0091,28,68.58,127.12,3.93,4.16,0.33,40,1.0,0.1195,95.94,18.01,0.0849,0
user_0091,29,68.69,127.31,4.19,4.19,0.34,39,1.0,0.1208,96.17,18.05,0.0828,0
user_0091,30,68.48,127.74,3.9,4.19,0.34,40,1.01,0.1243,95.96,17.97,0.0832,0
user_0091,31,68.58,127.42,4.09,4.18,0.34,39,1.0,0.119,96.04,18.02,0.0843,0
user_0091,32,68.78,127.66,4.04,4.22,0.35,39,1.0,0.1172,96.05,17.95,0.0826,0
user_0091,33,68.43,127.87,3.98,4.18,0.35,40,1.0,0.1205,95.95,18.02,0.0846,0
user_0091,34,68.75,127.48,4.03,4.17,0.35,40,1.0,0.1225,96.21,17.98,0.0852,0
user_0091,35,68.62,127.54,4.05,4.15,0.34,39,1.0,0.1211,96.07,18.04,0.0852,0
user_0091,36,68.88,127.71,4.12,4.17,0.35,40,1.0,0.1162,95.97,17.85,0.0831,0
user_0091,37,68.47,127.45,3.92,4.13,0.34,39,1.0,0.1201,96.06,17.9,0.0826,0
user_0091,38,68.81,127.77,3.94,4.13,0.34,39,1.0,0.1163,95.9,18.18,0.0835,0
user_0091,39,68.57,127.44,4.06,4.11,0.34,39,1.0,0.1191,95.83,18.1,0.0842,0
user_0091,40,68.71,127.21,3.92,4.19,0.35,40,1.0,0.1196,96.06,17.86,0.0837,0
user_0091,41,68.94,127.49,3.88,4.17,0.34,39,1.01,0.1206,95.95,18.08,0.0818,0
user_0091,42,68.59,127.49,3.82,4.13,0.34,40,1.0,0.1193,96.08,18.03,0.0845,0
user_0091,43,68.64,127.41,4.05,4.18,0.36,39,1.0,0.1211,96.08,17.95,0.0828,0
user_0091,44,68.49,127.6,3.93,4.17,0.33,39,1.0,0.1184,95.95,17.99,0.0856,0
user_0091,45,68.36,127.64,3.92,4.13,0.34,39,1.01,0.1215,95.95,17.97,0.0841,0
user_0091,46,68.56,127.43,4.05,4.2,0.36,40,1.0,0.1181,95.79,17.79,0.0833,0
user_0091,47,68.63,127.8,4.02,4.14,0.35,39,0.99,0.1207,95.87,17.92,0.0825,0
user_0091,48,68.58,127.73,4.05,4.14,0.34,40,1.0,0.1184,95.93,17.94,0.0835,0
user_0091,49,68.55,127.54,3.94,4.13,0.35,40,1.0,0.1197,96.12,17.99,0.0835,0
user_0091,50,68.79,127.85,3.95,4.18,0.34,39,1.01,0.1187,95.94,17.96,0.0855,0
user_0091,51,68.41,127.43,3.97,4.17,0.34,39,1.0,0.1218,95.83,17.93,0.084,0
user_0091,52,68.37,127.55,4.1,4.17,0.35,40,1.0,0.1192,96.09,17.95,0.0833,0
user_0091,53,68.31,127.46,4.01,4.16,0.35,39,1.0,0.1189,96.02,18.15,0.0812,0
user_0091,54,68.48,127.5,3.84,4.15,0.34,39,0.99,0.1196,95.88,17.92,0.0833,0
user_0091,55,68.71,127.69,4.05,4.21,0.35,39,1.0,0.1185,95.98,17.96,0.0826,0
user_0091,56,68.69,127.83,4.01,4.13,0.35,39,1.01,0.1179,96.06,18.06,0.0844,0
user_0091,57,68.59,127.5,4.18,4.13,0.35,40,1.0,0.1202,95.89,17.87,0.0822,0
user_0091,58,68.49,127.65,3.95,4.12,0.35,39,1.0,0.1186,96.12,17.95,0.0817,0
user_0091,59,68.55,127.37,4.06,4.16,0.34,39,0.99,0.1189,96.13,17.99,0.0844,0
user_0092,0,48.01,95.43,4.08,3.23,0.37,39,1.0,0.0954,95.74,18.11,0.1593,0
user_0092,1,48.2,95.52,4.03,3.23,0.36,39,1.01,0.0941,95.91,18.07,0.1571,0
user_0092,2,48.04,95.75,4.0,3.23,0.38,40,1.0,0.0926,95.6,18.09,0.1569,0
user_0092,3,48.11,95.77,4.01,3.23,0.36,39,0.99,0.0948,95.83,18.04,0.158,0
user_0092,4,48.31,96.08,4.08,3.24,0.36,40,1.0,0.0945,95.78,18.09,0.1593,0
user_0092,5,48.19,95.96,4.0,3.26,0.37,40,0.99,0.0951,95.75,18.05,0.1584,0
user_0092,6,48.03,95.37,4.02,3.23,0.37,39,1.0,0.0947,95.64,18.0,0.1579,0
user_0092,7,48.1,95.93,3.93,3.28,0.35,39,1.0,0.0974,95.72,18.05,0.159,0
user_0092,8,48.12,95.66,4.1,3.25,0.37,39,1.0,0.0957,95.83,18.05,0.1595,0
user_0092,9,48.24,96.09,4.06,3.23,0.37,40,0.99,0.0945,95.9,17.91,0.1568,0
user_0092,10,48.2,95.5,4.09,3.23,0.37,39,1.01,0.0975,95.89,17.93,0.1578,0
user_0092,11,47.86,96.12,4.01,3.24,0.36,40,1.0,0.0943,95.82,18.19,0.157,0
user_0092,12,47.96,95.59,4.09,3.25,0.36,40,1.0,0.0945,95.83,17.94,0.1561,0
user_0092,13,48.19,95.74,3.95,3.25,0.37,39,1.0,0.094,95.74,18.07,0.156,0
user_0092,14,38.11,119.39,9.45,5.03,1.44,62,0.82,0.2398,86.77,23.78,0.2777,1
user_0092,15,38.43,119.59,9.43,4.99,1.44,61,0.82,0.2413,86.57,24.01,0.2776,1
user_0092,16,38.59,120.44,9.29,5.03,1.46,61,0.82,0.2376,86.88,24.09,0.2783,1
user_0092,17,38.85,119.86,9.43,5.03,1.45,61,0.82,0.2388,86.82,23.96,0.2786,1
user_0092,18,38.58,119.71,9.34,5.06,1.45,61,0.81,0.2405,86.91,24.24,0.276,1
user_0092,19,38.51,119.61,9.27,5.05,1.45,61,0.81,0.2391,86.66,24.1,0.2789,1
user_0092,20,38.61,119.69,9.41,5.03,1.45,61,0.83,0.2383,86.92,24.03,0.2756,2
user_0092,21,38.75,119.84,9.43,5.03,1.46,61,0.83,0.2367,86.81,24.14,0.2794,2
user_0092,22,38.68,120.07,9.47,5.03,1.45,61,0.83,0.24,86.79,23.99,0.279,2
user_0092,23,38.53,120.08,9.41,5.03,1.44,60,0.82,0.2392,87.03,23.94,0.2776,2
user_0092,24,38.45,119.6,9.44,5.03,1.44,61,0.82,0.2372,86.89,24.17,0.2786,2
user_0092,25,38.63,119.22,9.34,5.01,1.46,61,0.82,0.2378,86.75,24.39,0.2787,2
user_0092,26,38.54,119.91,9.3,5.06,1.44,61,0.82,0.241,86.69,23.97,0.2768,2
user_0092,27,38.44,119.76,9.4,5.04,1.45,62,0.82,0.2375,86.92,23.91,0.2796,2
user_0092,28,38.28,120.04,9.33,5.02,1.45,61,0.82,0.2372,86.87,23.92,0.2777,2
user_0092,29,38.47,119.75,9.36,5.05,1.43,61,0.82,0.2366,86.88,24.19,0.2785,2
user_0092,30,38.59,119.69,9.3,5.06,1.43,61,0.81,0.2385,86.91,24.04,0.279,2
user_0092,31,38.77,119.8,9.54,5.04,1.44,61,0.82,0.2379,86.74,24.07,0.2764,2
user_0092,32,38.95,119.5,9.45,5.06,1.44,61,0.82,0.2381,86.84,23.78,0.2775,2
user_0092,33,38.64,119.62,9.39,5.04,1.43,61,0.82,0.2365,86.96,24.02,0.2782,2
user_0092,34,38.54,120.27,9.47,5.03,1.42,61,0.82,0.2377,86.76,23.82,0.2781,2
user_0092,35,38.52,119.68,9.4,5.08,1.44,61,0.82,0.2402,86.77,23.91,0.28,2
user_0092,36,44.31,106.15,6.3,4.0,0.83,49,0.92,0.1549,92.0,20.37,0.2079,1
user_0092,37,44.06,106.32,6.17,3.98,0.81,49,0.93,0.1571,92.18,20.51,0.2068,1
user_0092,38,44.21,105.85,6.14,3.99,0.82,49,0.92,0.1542,92.02,20.55,0.207,1
user_0092,39,44.33,105.91,6.15,4.0,0.82,48,0.92,0.1537,91.97,20.46,0.2088,1
user_0092,40,44.05,106.34,6.44,4.0,0.8,48,0.93,0.1539,91.96,20.5,0.2066,1
user_0092,41,44.51,105.93,6.37,4.02,0.82,48,0.91,0.1558,92.03,20.72,0.2075,1
user_0092,42,44.16,105.71,6.35,3.93,0.82,48,0.93,0.1566,91.92,20.39,0.2098,1
user_0092,43,44.1,105.66,6.21,3.95,0.83,49,0.92,0.1537,91.87,20.58,0.2085,1
user_0092,44,44.0,105.68,6.35,3.99,0.81,49,0.93,0.1562,92.13,20.57,0.207,1
user_0092,45,44.35,105.79,6.26,3.96,0.81,48,0.93,0.1556,92.0,20.51,0.2078,1
user_0092,46,44.42,105.21,6.17,3.99,0.82,48,0.92,0.1552,92.2,20.34,0.2083,1
user_0092,47,44.32,105.9,6.33,3.98,0.81,49,0.93,0.1545,92.05,20.35,0.2073,1
user_0092,48,44.18,106.22,6.17,3.98,0.82,48,0.92,0.1524,92.24,20.58,0.207,1
user_0092,49,44.16,105.55,6.17,3.96,0.81,49,0.93,0.1526,91.94,20.73,0.208,1
user_0092,50,44.11,105.58,6.2,3.99,0.83,48,0.92,0.1569,91.88,20.63,0.21,1
user_0092,51,44.16,106.12,6.11,3.99,0.83,48,0.93,0.158,91.96,20.57,0.2089,1
user_0092,52,44.39,105.5,6.2,4.01,0.82,49,0.92,0.1536,92.07,20.53,0.2078,1
user_0092,53,44.01,105.83,6.28,3.97,0.8,49,0.94,0.1561,92.01,20.48,0.2081,1
user_0092,54,44.07,105.89,6.14,3.98,0.83,49,0.93,0.1559,92.0,20.36,0.2081,1
user_0092,55,44.22,106.23,6.2,3.99,0.83,49,0.92,0.156,92.2,20.45,0.2091,1
user_0092,56,44.26,105.58,6.15,4.0,0.83,48,0.92,0.151,92.04,20.43,0.2071,1
user_0092,57,44.41,105.98,6.3,3.99,0.82,49,0.92,0.1542,92.15,20.54,0.2103,1
user_0092,58,44.35,105.77,6.27,3.99,0.83,48,0.92,0.1553,92.08,20.65,0.2075,1
user_0092,59,43.92,105.92,6.27,4.01,0.81,49,0.92,0.1553,92.02,20.66,0.2062,1
user_0093,0,45.93,121.82,3.89,2.82,0.31,40,1.0,0.0899,96.79,17.97,0.1231,0
user_0093,1,46.07,121.5,4.08,2.83,0.31,40,0.99,0.0896,96.74,17.97,0.1229,0
user_0093,2,45.82,121.69,3.99,2.79,0.32,40,0.99,0.0867,96.65,18.12,0.1245,0
user_0093,3,45.6,122.06,4.09,2.81,0.34,40,1.0,0.0878,96.71,18.0,0.124,0
user_0093,4,45.73,121.44,3.96,2.89,0.31,40,0.99,0.0911,96.71,17.93,0.1225,0
user_0093,5,45.76,121.25,3.98,2.8,0.32,39,1.01,0.0899,96.73,17.88,0.1213,0
user_0093,6,45.74,121.95,3.94,2.81,0.32,39,1.01,0.0934,96.61,18.08,0.1209,0
user_0093,7,45.82,121.83,4.01,2.83,0.33,40,1.0,0.0895,96.7,17.9,0.1226,0
user_0093,8,45.85,121.38,4.1,2.83,0.31,40,1.01,0.0876,96.81,18.02,0.1227,0
user_0093,9,45.87,121.75,3.98,2.85,0.31,40,1.0,0.0916,96.6,18.04,0.1223,0
user_0093,10,46.15,121.83,3.96,2.81,0.32,39,1.0,0.0891,96.71,18.02,0.1214,0
user_0093,11,46.13,121.8,4.13,2.83,0.31,39,1.0,0.0916,96.67,18.09,0.1232,0
user_0093,12,45.76,121.38,4.07,2.83,0.32,40,0.99,0.0911,96.72,18.05,0.1208,0
user_0093,13,45.89,121.54,4.08,2.83,0.31,39,1.0,0.0919,96.89,17.97,0.1208,0
user_0093,14,37.86,141.48,8.45,4.34,1.23,58,0.85,0.2117,89.18,23.14,0.2248,1
user_0093,15,37.78,141.96,8.59,4.34,1.23,58,0.85,0.2105,89.21,23.06,0.2222,1
user_0093,16,37.72,141.79,8.48,4.31,1.23,57,0.85,0.2088,89.16,23.24,0.221,1
user_0093,17,37.85,142.01,8.53,4.32,1.21,58,0.85,0.2137,89.17,23.17,0.2227,1
user_0093,18,38.01,141.62,8.47,4.32,1.23,58,0.84,0.2085,89.19,23.05,0.2215,1
user_0093,19,37.8,141.41,8.57,4.33,1.23,57,0.85,0.2112,89.28,23.08,0.2213,1
user_0093,20,25.85,171.7,15.17,6.6,2.54,84,0.62,0.3921,77.97,30.45,0.3719,3
user_0093,21,25.92,171.35,15.26,6.61,2.58,85,0.63,0.3918,78.02,30.39,0.3709,3
user_0093,22,25.97,171.49,15.17,6.61,2.57,84,0.62,0.3897,77.91,30.41,0.3706,3
user_0093,23,26.14,172.01,15.24,6.54,2.55,84,0.61,0.3897,77.75,30.49,0.372,3
user_0093,24,25.85,172.2,15.23,6.62,2.57,85,0.62,0.3888,77.92,30.66,0.3715,3
user_0093,25,25.77,171.81,15.32,6.56,2.56,85,0.63,0.3927,78.04,30.41,0.3717,3
user_0093,26,25.72,171.9,15.21,6.54,2.57,85,0.62,0.3902,77.89,30.6,0.3697,3
user_0093,27,26.05,171.48,15.24,6.6,2.58,85,0.62,0.3896,78.07,30.41,0.3721,3
user_0093,28,25.88,171.85,15.25,6.57,2.56,84,0.62,0.3912,77.97,30.35,0.3714,3
user_0093,29,25.83,171.51,15.24,6.58,2.58,84,0.63,0.3883,77.84,30.36,0.3714,3
user_0093,30,25.88,172.07,15.19,6.6,2.56,85,0.62,0.389,77.86,30.66,0.3712,3
user_0093,31,26.03,171.83,15.2,6.58,2.57,85,0.62,0.3882,77.88,30.62,0.3717,3
user_0093,32,25.81,171.29,15.34,6.57,2.58,85,0.63,0.3929,77.96,30.49,0.3733,3
user_0093,33,26.0,171.48,15.33,6.62,2.54,84,0.62,0.3915,78.03,30.55,0.3726,3
user_0093,34,25.71,171.36,15.34,6.58,2.58,84,0.62,0.3885,78.03,30.61,0.3723,3
user_0093,35,25.8,171.82,15.3,6.53,2.56,85,0.63,0.3903,77.96,30.49,0.372,3
user_0093,36,25.67,171.51,15.08,6.57,2.57,84,0.62,0.391,78.22,30.49,0.3725,3
user_0093,37,25.85,171.75,15.25,6.57,2.57,85,0.63,0.3886,77.91,30.41,0.3727,3
user_0093,38,25.76,171.87,15.32,6.58,2.57,84,0.63,0.3886,77.9,30.47,0.3728,3
user_0093,39,26.13,171.54,15.24,6.55,2.57,85,0.62,0.3904,78.02,30.51,0.3716,3
user_0093,40,20.41,185.46,18.34,7.58,3.2,97,0.52,0.4731,72.69,34.01,0.4406,4
user_0093,41,20.0,185.23,18.29,7.6,3.2,97,0.52,0.475,72.74,34.03,0.4419,4
user_0093,42,20.12,185.32,18.36,7.66,3.22,97,0.52,0.476,72.85,33.91,0.4447,4
user_0093,43,20.51,185.32,18.33,7.7,3.21,97,0.52,0.4756,72.79,34.14,0.442,4
user_0093,44,20.32,185.57,18.33,7.6,3.2,97,0.51,0.4775,72.63,33.91,0.4417,4
user_0093,45,20.0,185.75,18.33,7.58,3.2,97,0.53,0.4747,72.72,34.0,0.4392,4
user_0093,46,20.29,185.65,18.39,7.61,3.2,97,0.52,0.475,72.84,33.95,0.4431,4
user_0093,47,20.31,185.64,18.34,7.64,3.19,97,0.52,0.4744,72.73,34.15,0.4423,4
user_0093,48,20.17,185.56,18.41,7.68,3.18,97,0.53,0.4753,72.69,33.83,0.4433,4
user_0093,49,20.21,185.42,18.42,7.66,3.2,97,0.52,0.4746,72.65,34.01,0.4409,4
user_0093,50,20.13,185.8,18.37,7.63,3.19,97,0.52,0.4735,72.66,34.02,0.4432,4
user_0093,51,20.39,185.57,18.35,7.58,3.19,97,0.52,0.4769,72.66,33.85,0.4416,4
user_0093,52,20.21,185.97,18.26,7.6,3.2,97,0.52,0.4734,72.8,34.0,0.4416,4
user_0093,53,20.37,185.66,18.31,7.61,3.18,97,0.51,0.4779,72.7,34.05,0.4409,4
user_0093,54,20.35,185.85,18.47,7.63,3.21,97,0.52,0.4745,72.58,33.82,0.4415,4
user_0093,55,20.23,185.59,18.48,7.66,3.2,97,0.52,0.4747,72.74,34.01,0.4424,4
user_0093,56,20.28,185.53,18.42,7.62,3.21,97,0.53,0.4769,72.59,34.13,0.4416,4
user_0093,57,20.36,186.05,18.34,7.62,3.2,97,0.51,0.4759,72.74,34.0,0.4419,4
user_0093,58,20.61,185.91,18.34,7.63,3.21,97,0.51,0.4737,72.59,34.06,0.4409,4
user_0093,59,20.51,185.98,18.38,7.6,3.19,97,0.52,0.4744,72.44,34.07,0.4398,4
user_0094,0,42.96,124.68,4.02,3.07,0.32,39,1.0,0.1008,92.37,18.0,0.1262,0
user_0094,1,43.12,124.9,3.92,3.03,0.33,39,1.0,0.1026,92.49,17.91,0.1253,0
user_0094,2,43.18,124.52,4.05,3.08,0.31,40,1.0,0.1041,92.56,18.24,0.1277,0
user_0094,3,43.27,125.65,4.01,3.07,0.34,39,1.0,0.1009,92.36,18.0,0.1255,0
user_0094,4,42.79,125.3,4.17,3.02,0.31,39,0.99,0.1012,92.39,18.05,0.1258,0
user_0094,5,43.27,124.74,3.96,3.11,0.33,40,1.0,0.1021,92.4,18.01,0.1265,0
user_0094,6,43.24,124.67,4.04,3.06,0.33,40,1.0,0.1015,92.45,17.92,0.126,0
user_0094,7,43.06,125.24,4.01,3.06,0.32,40,1.0,0.1009,92.45,17.87,0.1263,0
user_0094,8,43.31,124.62,3.93,3.08,0.33,39,0.99,0.0985,92.21,17.98,0.1274,0
user_0094,9,43.21,125.18,3.89,3.09,0.33,39,0.99,0.1031,92.48,17.96,0.1257,0
user_0094,10,43.12,125.03,4.05,3.02,0.32,40,1.0,0.1019,92.32,18.03,0.1244,0
user_0094,11,43.08,125.35,4.02,3.03,0.32,39,1.0,0.1019,92.3,18.11,0.1259,0
user_0094,12,43.11,125.37,3.91,3.09,0.32,40,1.01,0.1009,92.38,17.81,0.1258,0
user_0094,13,42.9,124.8,4.0,3.06,0.32,40,1.0,0.1025,92.37,17.89,0.1255,0
user_0094,14,35.01,145.14,8.61,4.54,1.21,58,0.85,0.2223,84.76,22.99,0.2269,1
user_0094,15,34.84,145.21,8.53,4.58,1.23,57,0.84,0.2229,84.77,22.92,0.226,1
user_0094,16,34.97,144.48,8.53,4.55,1.23,57,0.84,0.2209,84.8,23.0,0.2268,1
user_0094,17,34.99,145.14,8.6,4.57,1.24,57,0.86,0.2211,84.92,22.85,0.2281,1
user_0094,18,34.94,145.19,8.64,4.55,1.24,57,0.85,0.2221,84.87,22.94,0.2248,1
user_0094,19,35.07,144.88,8.55,4.56,1.23,58,0.84,0.2196,84.79,22.97,0.2252,1
user_0094,20,22.86,174.6,15.24,6.79,2.57,85,0.63,0.4026,73.7,30.38,0.3782,3
user_0094,21,22.92,174.96,15.2,6.8,2.59,85,0.62,0.3997,73.83,30.64,0.3739,3
user_0094,22,23.07,174.63,15.24,6.81,2.58,84,0.63,0.4003,73.59,30.52,0.3756,3
user_0094,23,23.12,175.08,15.29,6.81,2.56,85,0.63,0.4009,73.63,30.6,0.3772,3
user_0094,24,22.94,174.77,15.25,6.81,2.58,84,0.62,0.4019,73.47,30.52,0.3755,3
user_0094,25,23.2,174.9,15.24,6.77,2.59,85,0.63,0.4015,73.73,30.57,0.3754,3
user_0094,26,22.93,174.76,15.24,6.79,2.59,85,0.62,0.4028,73.74,30.73,0.377,3
user_0094,27,23.14,174.39,15.33,6.8,2.57,84,0.63,0.3998,73.53,30.58,0.3773,3
user_0094,28,23.27,174.71,15.2,6.81,2.58,85,0.63,0.401,73.52,30.35,0.3758,3
user_0094,29,22.94,174.83,15.26,6.81,2.57,85,0.63,0.4011,73.58,30.51,0.3752,3
user_0094,30,23.44,175.06,15.17,6.81,2.57,85,0.63,0.4025,73.37,30.53,0.3778,3
user_0094,31,23.28,175.51,15.36,6.8,2.58,84,0.63,0.4033,73.65,30.59,0.3756,3
user_0094,32,23.15,175.04,15.21,6.83,2.56,84,0.63,0.404,73.63,30.49,0.3773,3
user_0094,33,23.07,174.79,15.43,6.82,2.57,84,0.62,0.4022,73.73,30.32,0.3764,3
user_0094,34,22.83,174.9,15.26,6.81,2.6,85,0.62,0.4004,73.58,30.54,0.3744,3
user_0094,35,22.87,175.06,15.24,6.81,2.57,84,0.63,0.4028,73.49,30.32,0.3751,3
user_0094,36,22.96,175.22,15.16,6.82,2.57,84,0.62,0.4023,73.74,30.43,0.3773,3
user_0094,37,23.17,174.91,15.2,6.84,2.57,84,0.63,0.403,73.77,30.55,0.3763,3
user_0094,38,23.08,174.67,15.23,6.78,2.58,84,0.63,0.4011,73.57,30.43,0.3748,3
user_0094,39,22.92,174.8,15.32,6.79,2.57,84,0.63,0.4021,73.55,30.37,0.3757,3
user_0094,40,20.0,188.95,18.49,7.89,3.22,97,0.52,0.487,68.28,34.0,0.4453,4
user_0094,41,20.0,188.96,18.37,7.87,3.21,97,0.52,0.4849,68.52,34.07,0.4442,4
user_0094,42,20.0,189.61,18.42,7.85,3.2,97,0.52,0.4828,68.32,34.0,0.4473,4
user_0094,43,20.0,188.87,18.45,7.85,3.22,97,0.52,0.4859,68.31,33.99,0.4464,4
user_0094,44,20.0,189.03,18.31,7.8,3.21,97,0.52,0.4844,68.39,33.98,0.4465,4
user_0094,45,20.0,189.15,18.42,7.88,3.2,97,0.52,0.4857,68.42,33.99,0.4472,4
user_0094,46,20.0,188.68,18.37,7.85,3.2,97,0.53,0.487,68.31,34.09,0.447,4
user_0094,47,20.0,188.6,18.41,7.83,3.2,97,0.52,0.4856,68.25,34.01,0.4476,4
user_0094,48,20.0,189.21,18.37,7.86,3.2,97,0.52,0.4838,68.47,34.04,0.4454,4
user_0094,49,20.0,189.03,18.45,7.84,3.2,97,0.52,0.4869,68.36,34.02,0.4465,4
user_0094,50,20.0,189.05,18.33,7.84,3.2,97,0.52,0.4858,68.51,34.09,0.4459,4
user_0094,51,20.0,189.55,18.34,7.84,3.19,97,0.52,0.4851,68.63,34.1,0.4459,4
user_0094,52,20.0,188.54,18.4,7.86,3.19,97,0.53,0.488,68.55,33.97,0.4458,4
user_0094,53,20.0,188.85,18.45,7.88,3.23,97,0.53,0.4851,68.54,34.04,0.4463,4
user_0094,54,20.0,189.23,18.37,7.85,3.2,97,0.52,0.4882,68.21,34.12,0.4469,4
user_0094,55,20.0,188.59,18.4,7.85,3.21,97,0.51,0.4842,68.25,34.12,0.4469,4
user_0094,56,20.0,188.86,18.38,7.84,3.21,98,0.51,0.4852,68.37,33.74,0.4471,4
user_0094,57,20.0,189.08,18.36,7.86,3.2,97,0.53,0.4864,68.24,33.99,0.4474,4
user_0094,58,20.0,189.17,18.52,7.87,3.21,97,0.52,0.4857,68.53,34.07,0.446,4
user_0094,59,20.0,189.0,18.42,7.84,3.19,97,0.52,0.4849,68.35,33.93,0.4469,4
user_0095,0,67.48,121.86,4.07,4.17,0.17,39,0.99,0.111,97.83,17.88,0.1132,0
user_0095,1,67.61,121.82,4.16,4.17,0.15,39,1.0,0.1123,97.97,18.01,0.1129,0
user_0095,2,67.81,122.41,4.02,4.18,0.18,39,1.0,0.1115,97.95,17.97,0.1123,0
user_0095,3,67.32,122.41,4.07,4.21,0.16,40,1.01,0.1095,97.97,17.83,0.1138,0
user_0095,4,67.67,122.29,4.13,4.15,0.17,39,1.01,0.1107,97.96,17.99,0.1136,0
user_0095,5,67.76,122.31,4.02,4.2,0.16,40,1.01,0.1103,97.93,18.06,0.1156,0
user_0095,6,67.85,122.43,4.01,4.19,0.15,39,1.0,0.1069,97.98,17.92,0.116,0
user_0095,7,67.54,122.2,3.99,4.18,0.18,39,1.0,0.1115,97.96,18.07,0.114,0
user_0095,8,67.64,122.6,4.05,4.14,0.18,39,1.0,0.1111,97.86,17.89,0.1144,0
user_0095,9,67.49,121.86,4.04,4.21,0.18,39,1.0,0.1096,97.83,17.93,0.1116,0
user_0095,10,67.43,121.9,4.02,4.19,0.16,40,1.0,0.1087,97.78,17.92,0.1143,0
user_0095,11,67.73,122.24,3.98,4.2,0.17,39,1.0,0.1095,97.94,17.95,0.1136,0
user_0095,12,67.8,122.26,4.04,4.18,0.18,39,1.0,0.106,97.97,18.03,0.1147,0
user_0095,13,67.42,122.09,3.92,4.2,0.18,39,1.0,0.109,98.13,18.06,0.1141,0
user_0095,14,57.96,146.59,9.4,5.94,1.27,61,0.82,0.2552,88.9,23.94,0.2343,1
user_0095,15,58.07,146.39,9.47,6.0,1.27,62,0.82,0.2538,88.94,23.81,0.2345,1
user_0095,16,57.89,146.09,9.4,5.93,1.25,61,0.81,0.2563,89.0,24.13,0.2349,1
user_0095,17,58.04,146.65,9.5,6.03,1.25,61,0.81,0.2528,89.03,24.27,0.2359,1
user_0095,18,57.96,146.46,9.36,5.97,1.24,61,0.82,0.2565,89.06,24.15,0.2352,1
user_0095,19,57.98,146.14,9.44,5.94,1.25,61,0.83,0.2522,89.05,24.04,0.2348,1
user_0095,20,57.91,145.9,9.44,6.01,1.26,61,0.81,0.2534,89.0,23.92,0.2335,2
user_0095,21,57.77,146.4,9.44,6.01,1.23,61,0.83,0.2561,88.97,24.02,0.2347,2
user_0095,22,57.85,146.05,9.42,5.98,1.26,61,0.81,0.2522,88.88,24.07,0.2339,2
user_0095,23,58.03,145.85,9.41,5.99,1.27,61,0.82,0.2572,88.96,24.15,0.2346,2
user_0095,24,57.9,146.24,9.36,5.97,1.25,61,0.82,0.2518,88.99,24.01,0.2358,2
user_0095,25,57.93,146.55,9.34,5.97,1.26,61,0.82,0.2546,88.94,24.08,0.2343,2
user_0095,26,57.95,146.52,9.42,6.0,1.28,61,0.81,0.2529,88.87,24.14,0.2318,2
user_0095,27,58.06,145.89,9.4,5.99,1.26,61,0.82,0.2512,89.19,24.03,0.2349,2
user_0095,28,58.15,146.25,9.43,6.0,1.24,61,0.83,0.2569,89.11,24.19,0.2332,2
user_0095,29,57.91,146.04,9.66,5.99,1.24,61,0.82,0.2523,89.14,24.08,0.2348,2
user_0095,30,57.83,145.94,9.43,5.99,1.24,61,0.82,0.2554,89.17,23.79,0.2352,2
user_0095,31,57.88,146.37,9.41,6.0,1.24,61,0.82,0.2564,89.12,24.02,0.2354,2
user_0095,32,58.12,146.6,9.49,5.96,1.26,61,0.82,0.2536,89.02,23.98,0.2343,2
user_0095,33,58.13,146.49,9.42,6.0,1.26,62,0.82,0.2532,88.98,23.9,0.2341,2
user_0095,34,58.05,146.14,9.38,5.98,1.25,61,0.83,0.2564,89.05,24.09,0.234,2
user_0095,35,58.01,146.07,9.39,5.98,1.24,61,0.82,0.2547,88.93,24.03,0.2351,2
user_0095,36,63.4,132.19,6.2,4.96,0.64,49,0.93,0.1681,94.24,20.47,0.1658,1
user_0095,37,63.55,132.06,6.15,4.94,0.62,49,0.93,0.1702,94.27,20.67,0.1633,1
user_0095,38,63.49,132.75,6.19,4.95,0.64,48,0.93,0.1699,94.39,20.46,0.1635,1
user_0095,39,63.72,132.45,6.26,4.93,0.62,48,0.92,0.1708,94.19,20.35,0.164,1
user_0095,40,63.55,132.4,6.27,4.98,0.61,49,0.93,0.1707,94.18,20.43,0.1644,1
user_0095,41,63.32,132.04,6.18,4.95,0.63,48,0.92,0.1681,94.31,20.59,0.1651,1
user_0095,42,63.81,132.71,6.18,4.92,0.63,48,0.92,0.1718,94.17,20.57,0.1624,1
user_0095,43,63.63,132.15,6.23,4.91,0.64,49,0.93,0.1734,94.12,20.51,0.1638,1
user_0095,44,63.48,132.35,6.23,4.98,0.64,48,0.92,0.1699,94.31,20.41,0.166,1
user_0095,45,63.67,131.98,6.2,4.92,0.62,48,0.92,0.1697,94.34,20.54,0.1649,1
user_0095,46,63.64,132.07,6.34,4.92,0.62,49,0.94,0.1695,94.04,20.53,0.1651,1
user_0095,47,63.52,132.12,6.15,4.94,0.64,49,0.93,0.1697,94.25,20.47,0.1638,1
user_0095,48,63.61,132.59,6.24,4.93,0.62,49,0.93,0.1687,94.19,20.61,0.1641,1
user_0095,49,63.79,132.44,6.38,4.93,0.63,49,0.93,0.1708,94.32,20.44,0.1644,1
user_0095,50,63.36,132.2,6.19,4.94,0.63,49,0.93,0.1705,94.19,20.38,0.1625,1
user_0095,51,63.36,132.1,6.32,4.9,0.62,48,0.93,0.1703,94.22,20.54,0.1658,1
user_0095,52,63.6,131.83,6.26,4.97,0.63,49,0.93,0.1676,94.01,20.59,0.1657,1
user_0095,53,63.49,132.32,6.3,4.98,0.62,49,0.93,0.1699,94.21,20.39,0.1634,1
user_0095,54,63.72,132.57,6.34,4.91,0.62,49,0.91,0.171,94.4,20.61,0.162,1
user_0095,55,63.64,132.32,6.27,4.94,0.62,48,0.93,0.1713,94.15,20.63,0.1628,1
user_0095,56,63.33,132.29,6.2,4.96,0.62,49,0.92,0.1705,94.01,20.49,0.1645,1
user_0095,57,63.77,131.89,6.23,4.97,0.64,48,0.92,0.1678,94.0,20.46,0.1638,1
user_0095,58,63.89,132.36,6.23,4.95,0.63,49,0.93,0.1703,94.22,20.49,0.1639,1
user_0095,59,63.74,132.22,6.17,4.93,0.63,48,0.92,0.1691,94.43,20.51,0.166,1
user_0096,0,61.71,118.46,4.0,3.97,0.3,39,1.0,0.0975,92.5,18.01,0.1204,0
user_0096,1,61.96,118.13,3.93,3.92,0.28,39,1.01,0.0997,92.79,18.13,0.1193,0
user_0096,2,62.08,118.27,3.98,3.95,0.27,39,1.0,0.0995,92.66,17.95,0.1204,0
user_0096,3,61.82,118.3,4.05,3.97,0.29,40,1.0,0.1009,92.6,18.08,0.1198,0
user_0096,4,61.63,118.73,3.94,4.02,0.28,39,1.0,0.0979,92.69,18.06,0.1198,0
user_0096,5,61.95,118.21,3.84,3.96,0.28,40,1.0,0.097,92.48,17.77,0.1197,0
user_0096,6,62.05,118.44,4.02,3.99,0.28,39,1.0,0.0992,92.71,18.0,0.1192,0
user_0096,7,61.82,118.76,3.93,3.94,0.28,40,1.0,0.0961,92.72,18.11,0.1199,0
user_0096,8,62.26,118.69,3.98,3.94,0.27,40,1.0,0.1003,92.68,17.92,0.1208,0
user_0096,9,61.78,118.45,4.02,3.95,0.28,40,1.0,0.0992,92.76,17.86,0.1186,0
user_0096,10,61.84,118.36,3.94,3.93,0.28,40,1.0,0.0995,92.74,18.0,0.1199,0
user_0096,11,61.96,118.37,4.02,3.94,0.26,40,1.0,0.0961,92.76,18.04,0.1182,0
user_0096,12,62.22,118.32,4.17,3.98,0.29,40,1.0,0.0995,92.72,18.07,0.1196,0
user_0096,13,61.7,118.23,4.03,3.96,0.3,39,1.0,0.0996,92.73,17.92,0.1201,0
user_0096,14,61.81,118.23,3.99,3.95,0.26,39,1.0,0.0989,92.66,18.2,0.1199,0
user_0096,15,61.89,118.41,3.95,3.97,0.28,40,1.0,0.1008,92.47,17.9,0.1204,0
user_0096,16,61.87,118.72,3.98,3.98,0.28,39,1.0,0.099,92.67,17.92,0.1183,0
user_0096,17,61.97,118.58,4.02,3.97,0.28,39,1.0,0.0982,92.69,18.07,0.1204,0
user_0096,18,61.97,118.55,4.04,3.96,0.29,40,1.01,0.0965,92.59,17.95,0.1186,0
user_0096,19,62.22,118.73,4.06,3.96,0.27,40,1.0,0.0998,92.64,18.06,0.1207,0
user_0096,20,62.09,118.37,4.1,3.93,0.28,40,1.0,0.0997,92.79,17.82,0.1212,0
user_0096,21,61.88,118.63,3.95,3.96,0.28,39,1.0,0.1029,92.64,18.15,0.1225,0
user_0096,22,61.9,117.94,4.0,3.94,0.28,39,1.0,0.0985,92.57,17.98,0.1196,0
user_0096,23,61.85,118.42,4.09,3.95,0.28,39,1.01,0.0976,92.62,17.95,0.121,0
user_0096,24,62.16,118.13,4.06,3.94,0.26,39,1.0,0.0998,92.69,18.02,0.1179,0
user_0096,25,61.9,118.28,3.97,3.93,0.3,40,1.0,0.0987,92.82,17.91,0.1206,0
user_0096,26,61.78,118.36,4.0,3.95,0.28,39,1.0,0.0985,92.64,17.85,0.1194,0
user_0096,27,62.05,118.72,3.99,3.95,0.27,40,1.0,0.0981,92.73,18.1,0.1192,0
user_0096,28,61.93,118.28,3.9,3.96,0.27,39,1.0,0.0987,92.86,18.18,0.1211,0
user_0096,29,62.26,118.74,3.88,3.96,0.28,40,1.0,0.0959,92.63,17.93,0.1204,0
user_0096,30,61.91,118.64,4.13,3.93,0.27,40,1.0,0.0987,92.57,18.03,0.1195,0
user_0096,31,62.06,118.28,4.06,3.97,0.27,40,1.0,0.0983,92.8,17.87,0.1192,0
user_0096,32,62.13,118.38,3.99,3.94,0.27,40,1.0,0.0986,92.8,18.11,0.1199,0
user_0096,33,62.32,117.99,4.12,3.96,0.29,39,1.0,0.0984,92.72,18.03,0.1195,0
user_0096,34,61.86,118.37,3.86,4.0,0.28,39,1.0,0.0968,92.79,18.05,0.1195,0
user_0096,35,61.93,118.23,3.85,3.97,0.28,40,1.0,0.1001,92.7,18.01,0.1208,0
user_0096,36,61.94,118.66,4.08,3.94,0.27,39,1.0,0.0945,92.42,18.04,0.1182,0
user_0096,37,61.8,118.38,3.89,3.92,0.29,40,1.0,0.0976,92.86,17.69,0.1181,0
user_0096,38,61.69,118.11,4.09,4.0,0.28,40,0.99,0.0993,92.62,17.89,0.1192,0
user_0096,39,61.93,118.66,3.88,3.92,0.29,39,0.99,0.1021,92.57,17.98,0.1194,0
user_0096,40,62.16,118.35,4.02,3.97,0.29,40,1.01,0.0975,92.59,17.95,0.1189,0
user_0096,41,62.07,117.82,4.1,3.96,0.26,40,1.0,0.0999,92.68,18.0,0.1195,0
user_0096,42,62.12,118.81,4.02,3.94,0.28,40,1.0,0.0975,92.85,18.02,0.1198,0
user_0096,43,61.73,118.36,4.07,3.94,0.28,40,1.0,0.0988,92.86,17.95,0.119,0
user_0096,44,61.83,118.25,3.92,3.95,0.29,40,0.99,0.098,92.74,17.94,0.1206,0
user_0096,45,61.93,117.93,4.03,3.97,0.27,39,1.0,0.099,92.6,17.98,0.1186,0
user_0096,46,61.92,118.32,3.96,3.91,0.3,40,1.0,0.099,92.76,18.05,0.1204,0
user_0096,47,62.11,118.13,3.98,3.95,0.28,40,0.99,0.1028,92.85,17.94,0.1203,0
user_0096,48,61.85,118.08,3.93,3.94,0.28,40,1.0,0.0961,92.73,18.14,0.1194,0
user_0096,49,61.94,118.86,4.07,3.93,0.27,39,1.0,0.1009,92.74,17.9,0.1205,0
user_0096,50,61.83,118.96,3.96,3.92,0.28,40,1.0,0.099,92.75,18.01,0.1201,0
user_0096,51,62.07,118.03,3.98,3.97,0.26,40,1.0,0.0981,92.69,17.84,0.1191,0
user_0096,52,62.15,117.84,4.12,3.94,0.27,40,1.01,0.0965,92.63,18.07,0.1204,0
user_0096,53,62.22,118.06,3.91,3.97,0.27,40,1.0,0.0961,92.87,18.04,0.1191,0
user_0096,54,61.97,118.39,4.02,3.97,0.27,40,1.0,0.099,92.7,17.8,0.119,0
user_0096,55,61.68,118.78,4.07,3.92,0.29,39,1.0,0.0955,92.73,18.04,0.1179,0
user_0096,56,62.15,118.62,4.01,3.94,0.27,40,1.01,0.0977,92.51,17.99,0.1209,0
user_0096,57,61.85,118.07,4.14,3.91,0.29,40,1.0,0.0992,92.68,17.99,0.1188,0
user_0096,58,61.9,118.51,3.91,3.97,0.28,39,1.0,0.0992,92.61,18.14,0.1206,0
user_0096,59,62.05,118.27,4.06,3.98,0.27,39,1.0,0.0982,92.83,18.12,0.1207,0
user_0097,0,64.9,115.44,3.97,3.89,0.34,40,1.01,0.071,95.74,17.84,0.1483,0
user_0097,1,64.92,115.31,4.08,3.85,0.34,39,1.0,0.0664,95.82,18.03,0.148,0
user_0097,2,64.85,115.45,3.92,3.87,0.33,39,1.0,0.0683,95.87,17.98,0.148,0
user_0097,3,64.87,115.64,3.91,3.9,0.36,40,1.0,0.0718,95.84,18.02,0.1507,0
user_0097,4,65.04,115.14,3.96,3.88,0.36,39,1.0,0.0681,95.86,17.94,0.1467,0
user_0097,5,64.53,115.21,3.96,3.87,0.34,39,1.0,0.0687,95.88,18.0,0.1495,0
user_0097,6,64.91,115.46,3.87,3.87,0.34,40,1.01,0.0684,95.81,18.07,0.1482,0
user_0097,7,64.8,115.11,4.08,3.91,0.35,39,1.0,0.0668,95.75,17.96,0.1485,0
user_0097,8,64.83,115.6,4.0,3.89,0.35,39,1.0,0.0686,95.75,18.05,0.1469,0
user_0097,9,64.8,115.57,4.04,3.9,0.34,40,1.0,0.0691,95.65,18.11,0.1491,0
user_0097,10,64.76,115.21,3.82,3.92,0.35,39,0.99,0.0683,95.87,18.06,0.1497,0
user_0097,11,64.67,115.45,4.01,3.87,0.35,40,1.0,0.0679,95.64,18.02,0.1483,0
user_0097,12,64.86,115.59,4.12,3.87,0.35,39,0.99,0.0704,95.91,17.97,0.1471,0
user_0097,13,65.0,115.79,3.99,3.9,0.34,40,0.99,0.0706,95.61,18.17,0.1508,0
user_0097,14,64.42,115.88,3.98,3.88,0.33,39,0.99,0.0676,95.91,18.1,0.1498,0
user_0097,15,64.72,115.32,3.88,3.89,0.36,40,1.0,0.0695,95.81,18.09,0.1507,0
user_0097,16,64.71,115.36,3.98,3.87,0.35,39,1.0,0.0675,95.67,17.99,0.15,0
user_0097,17,64.86,115.64,3.92,3.84,0.35,40,1.0,0.0677,96.02,17.8,0.149,0
user_0097,18,64.82,115.44,4.04,3.86,0.33,39,1.0,0.0701,95.93,17.91,0.1507,0
user_0097,19,64.74,115.37,3.97,3.82,0.34,40,1.0,0.0691,95.82,18.13,0.1481,0
user_0097,20,64.94,115.51,3.94,3.88,0.35,39,0.99,0.0681,95.74,18.12,0.1488,0
user_0097,21,64.74,115.78,4.1,3.85,0.33,40,1.0,0.0679,95.89,17.97,0.1509,0
user_0097,22,64.81,115.54,4.17,3.88,0.34,39,1.0,0.0691,95.88,17.85,0.149,0
user_0097,23,64.99,115.56,4.1,3.83,0.34,40,1.0,0.0675,95.83,18.05,0.1489,0
user_0097,24,64.87,115.57,3.95,3.86,0.33,39,1.0,0.0659,95.76,18.04,0.149,0
user_0097,25,65.13,115.6,3.98,3.88,0.33,40,1.0,0.0704,95.83,18.06,0.1485,0
user_0097,26,64.63,115.2,3.87,3.86,0.34,40,0.99,0.072,95.69,17.91,0.1475,0
user_0097,27,64.8,115.42,3.99,3.88,0.35,39,1.0,0.07,95.68,18.28,0.1513,0
user_0097,28,64.79,115.22,3.93,3.87,0.35,39,1.0,0.069,95.65,17.97,0.1494,0
user_0097,29,64.78,115.31,4.01,3.88,0.34,40,1.0,0.0695,95.82,18.01,0.1489,0
user_0097,30,64.76,115.68,3.99,3.88,0.35,39,1.0,0.0687,95.8,18.04,0.1492,0
user_0097,31,64.81,115.39,4.08,3.88,0.34,39,1.0,0.0688,95.64,17.9,0.1503,0
user_0097,32,64.86,115.34,3.97,3.85,0.34,40,1.0,0.07,95.95,17.96,0.1477,0
user_0097,33,64.86,115.29,4.0,3.87,0.36,40,1.0,0.0697,95.87,18.12,0.1481,0
user_0097,34,64.99,116.07,4.1,3.9,0.34,40,1.0,0.0687,95.74,17.94,0.149,0
user_0097,35,64.63,115.32,3.93,3.91,0.36,40,1.0,0.0688,95.87,17.87,0.148,0
user_0097,36,64.56,115.7,3.94,3.89,0.34,40,1.0,0.069,95.74,18.1,0.1488,0
user_0097,37,64.85,115.52,3.92,3.9,0.34,40,1.0,0.0665,95.77,18.06,0.1487,0
user_0097,38,64.78,115.55,3.97,3.88,0.35,39,1.0,0.0694,95.55,18.03,0.149,0
user_0097,39,64.68,115.15,4.03,3.86,0.35,39,1.0,0.0702,95.77,17.91,0.1494,0
user_0097,40,64.76,115.71,4.0,3.81,0.32,39,1.0,0.068,95.84,17.93,0.1511,0
user_0097,41,64.77,115.56,3.93,3.86,0.35,39,0.99,0.0695,95.85,18.07,0.1501,0
user_0097,42,64.83,116.09,4.02,3.81,0.35,40,0.99,0.0683,95.91,17.94,0.1488,0
user_0097,43,64.92,115.18,4.0,3.84,0.34,40,1.01,0.0692,95.73,18.12,0.1496,0
user_0097,44,64.51,115.71,4.0,3.87,0.36,39,1.0,0.0707,95.8,18.04,0.1497,0
user_0097,45,64.87,115.72,3.92,3.85,0.33,40,0.99,0.0707,95.84,17.91,0.1477,0
user_0097,46,64.79,115.44,4.03,3.81,0.34,39,1.01,0.0694,95.74,18.14,0.1486,0
user_0097,47,64.78,115.56,4.07,3.87,0.36,39,1.0,0.0711,95.76,18.06,0.1498,0
user_0097,48,65.11,115.42,4.04,3.85,0.34,39,1.0,0.0701,95.83,17.92,0.1484,0
user_0097,49,64.69,115.58,3.88,3.86,0.33,40,1.0,0.0717,95.89,17.99,0.1494,0
user_0097,50,64.87,115.26,4.09,3.87,0.34,40,0.99,0.0697,95.82,17.93,0.15,0
user_0097,51,64.91,115.42,4.04,3.84,0.35,39,1.0,0.0698,95.82,18.16,0.1482,0
user_0097,52,64.86,114.96,3.96,3.86,0.36,39,1.0,0.0674,95.76,17.92,0.148,0
user_0097,53,64.66,115.34,4.15,3.87,0.33,39,1.01,0.0677,95.94,18.1,0.1488,0
user_0097,54,64.7,115.26,4.01,3.88,0.36,40,1.0,0.0708,95.87,17.93,0.1489,0
user_0097,55,64.9,115.57,3.92,3.87,0.34,40,0.99,0.0674,96.0,17.96,0.1501,0
user_0097,56,64.78,115.19,3.92,3.85,0.37,39,1.0,0.0698,95.84,18.09,0.1485,0
user_0097,57,64.62,115.26,3.89,3.86,0.31,40,1.0,0.0673,95.65,18.15,0.15,0
user_0097,58,64.76,115.33,4.0,3.83,0.35,39,0.99,0.0675,95.69,18.18,0.1507,0
user_0097,59,64.63,115.47,3.95,3.91,0.33,40,1.01,0.0679,95.79,18.11,0.1479,0
user_0098,0,65.13,99.17,3.94,2.72,0.4,40,1.0,0.0804,94.34,18.08,0.0836,0
user_0098,1,65.26,99.7,3.98,2.79,0.4,39,1.0,0.0802,94.28,17.95,0.0846,0
user_0098,2,64.84,99.16,4.03,2.71,0.4,40,1.0,0.0814,94.34,18.07,0.0846,0
user_0098,3,65.14,99.46,4.09,2.7,0.36,39,1.01,0.0819,94.48,18.01,0.0848,0
user_0098,4,65.0,99.37,4.0,2.72,0.38,40,1.0,0.0813,94.49,18.2,0.084,0
user_0098,5,65.28,99.71,4.09,2.77,0.4,39,1.0,0.0795,94.38,18.21,0.0854,0
user_0098,6,65.11,99.33,3.98,2.75,0.38,40,1.0,0.0789,94.51,17.87,0.083,0
user_0098,7,65.19,99.76,3.98,2.7,0.38,40,1.0,0.0796,94.24,17.96,0.0837,0
user_0098,8,65.16,99.8,3.96,2.75,0.4,39,1.0,0.0807,94.25,18.0,0.0842,0
user_0098,9,65.01,99.45,3.96,2.76,0.36,39,1.0,0.0794,94.43,18.03,0.0845,0
user_0098,10,65.11,99.5,3.92,2.74,0.37,40,1.0,0.08,94.3,17.95,0.083,0
user_0098,11,65.36,99.69,4.01,2.71,0.38,39,1.01,0.0779,94.22,17.84,0.0854,0
user_0098,12,64.99,99.64,4.0,2.75,0.39,40,1.0,0.079,94.14,18.04,0.0846,0
user_0098,13,64.97,99.46,3.87,2.71,0.4,40,1.0,0.0801,94.42,18.15,0.0857,0
user_0098,14,55.61,122.91,9.45,4.52,1.46,61,0.82,0.2254,85.3,23.86,0.2066,1
user_0098,15,55.32,123.37,9.47,4.56,1.47,61,0.82,0.2233,85.24,24.1,0.2053,1
user_0098,16,55.91,123.31,9.4,4.53,1.45,61,0.82,0.2254,85.29,23.98,0.2066,1
user_0098,17,55.49,123.35,9.56,4.53,1.46,61,0.81,0.2233,85.31,23.91,0.2039,1
user_0098,18,55.33,123.54,9.31,4.49,1.47,61,0.82,0.2243,85.58,24.0,0.2045,1
user_0098,19,55.55,123.6,9.47,4.53,1.47,61,0.83,0.224,85.21,23.83,0.2052,1
user_0098,20,55.52,123.19,9.4,4.51,1.46,61,0.82,0.2252,85.54,23.86,0.2042,2
user_0098,21,55.74,123.76,9.46,4.52,1.47,61,0.82,0.2223,85.35,24.07,0.205,2
user_0098,22,55.75,123.33,9.48,4.53,1.48,61,0.82,0.225,85.36,24.14,0.2025,2
user_0098,23,55.39,123.36,9.47,4.51,1.46,61,0.82,0.2245,85.44,24.1,0.2066,2
user_0098,24,55.62,123.64,9.54,4.55,1.47,61,0.83,0.2241,85.4,23.84,0.2045,2
user_0098,25,55.71,123.26,9.46,4.47,1.48,61,0.82,0.2268,85.32,24.09,0.2054,2
user_0098,26,55.68,123.76,9.39,4.55,1.47,61,0.83,0.2252,85.35,24.17,0.2047,2
user_0098,27,55.33,123.13,9.39,4.51,1.48,61,0.81,0.2247,85.2,24.01,0.2047,2
user_0098,28,55.44,123.2,9.35,4.52,1.45,61,0.82,0.2248,85.28,23.98,0.2061,2
user_0098,29,55.58,123.48,9.45,4.47,1.49,61,0.82,0.2233,85.25,24.1,0.2045,2
user_0098,30,55.52,123.59,9.44,4.54,1.47,61,0.82,0.2233,85.46,24.08,0.2053,2
user_0098,31,55.35,123.22,9.28,4.53,1.45,61,0.82,0.2239,85.33,23.87,0.2056,2
user_0098,32,55.32,123.45,9.48,4.48,1.45,61,0.82,0.2255,85.37,24.05,0.205,2
user_0098,33,55.57,123.17,9.36,4.52,1.47,61,0.82,0.2239,85.36,24.23,0.2047,2
user_0098,34,55.32,123.76,9.27,4.53,1.47,61,0.82,0.2269,85.36,24.04,0.204,2
user_0098,35,55.43,123.67,9.49,4.48,1.49,61,0.82,0.2254,85.3,24.07,0.2053,2
user_0098,36,61.11,109.29,6.25,3.48,0.84,48,0.92,0.1426,90.78,20.5,0.1359,1
user_0098,37,61.09,109.22,6.2,3.46,0.83,48,0.94,0.1396,90.51,20.62,0.1331,1
user_0098,38,61.13,109.51,6.22,3.45,0.82,49,0.93,0.1397,90.59,20.39,0.1347,1
user_0098,39,61.01,109.57,6.24,3.44,0.84,48,0.92,0.1419,90.6,20.54,0.1364,1
user_0098,40,61.38,109.2,6.3,3.47,0.84,49,0.93,0.1405,90.71,20.45,0.1349,1
user_0098,41,61.2,109.71,6.12,3.45,0.83,48,0.93,0.141,90.7,20.68,0.1347,1
user_0098,42,61.13,109.84,6.18,3.49,0.84,48,0.93,0.1426,90.7,20.43,0.1369,1
user_0098,43,61.24,109.69,6.32,3.49,0.83,49,0.93,0.1408,90.54,20.52,0.1356,1
user_0098,44,61.09,109.79,6.23,3.47,0.82,49,0.91,0.1408,90.64,20.5,0.1334,1
user_0098,45,61.22,109.91,6.4,3.47,0.83,48,0.93,0.143,90.6,20.59,0.132,1
user_0098,46,60.95,109.66,6.14,3.45,0.83,49,0.93,0.1398,90.56,20.4,0.1347,1
user_0098,47,61.17,109.72,6.38,3.49,0.82,49,0.92,0.1404,90.62,20.58,0.1354,1
user_0098,48,61.06,109.52,6.32,3.45,0.85,49,0.92,0.1411,90.72,20.7,0.1342,1
user_0098,49,61.17,109.66,6.29,3.47,0.83,48,0.93,0.1415,90.53,20.55,0.1351,1
user_0098,50,61.1,109.35,6.17,3.43,0.82,48,0.93,0.1369,90.62,20.37,0.1354,1
user_0098,51,61.34,109.61,6.32,3.49,0.82,49,0.93,0.1414,90.62,20.45,0.1349,1
user_0098,52,61.26,109.32,6.24,3.47,0.84,49,0.93,0.1428,90.57,20.57,0.1343,1
user_0098,53,60.94,109.88,6.23,3.45,0.83,49,0.93,0.1428,90.57,20.48,0.1349,1
user_0098,54,60.92,109.58,6.24,3.52,0.83,48,0.93,0.1396,90.63,20.57,0.1342,1
user_0098,55,61.22,109.46,6.25,3.43,0.84,48,0.92,0.1418,90.65,20.39,0.1333,1
user_0098,56,60.81,109.82,6.02,3.48,0.82,49,0.93,0.1395,90.55,20.49,0.134,1
user_0098,57,61.23,109.52,6.32,3.47,0.85,48,0.92,0.1417,90.53,20.38,0.1329,1
user_0098,58,61.14,109.75,6.22,3.49,0.85,49,0.93,0.14,90.57,20.54,0.1346,1
user_0098,59,61.16,108.86,6.21,3.5,0.82,48,0.92,0.1379,90.67,20.54,0.1327,1
user_0099,0,57.48,112.65,4.22,4.51,0.36,40,1.0,0.1145,96.08,18.2,0.127,0
user_0099,1,57.4,112.01,3.95,4.55,0.37,40,1.0,0.116,96.08,17.99,0.1248,0
user_0099,2,57.49,112.54,3.98,4.51,0.38,40,1.01,0.1165,96.02,17.85,0.1264,0
user_0099,3,57.23,112.46,4.02,4.53,0.36,39,1.0,0.1166,96.13,18.26,0.124,0
user_0099,4,57.51,112.69,3.93,4.5,0.39,39,1.0,0.1164,96.16,18.1,0.1273,0
user_0099,5,57.46,111.95,4.0,4.53,0.38,39,0.99,0.1146,96.15,18.1,0.1264,0
user_0099,6,57.19,112.47,3.93,4.5,0.37,39,0.99,0.1186,95.92,17.94,0.126,0
user_0099,7,57.53,112.5,3.98,4.5,0.38,39,1.0,0.116,96.15,18.16,0.127,0
user_0099,8,57.33,112.84,4.12,4.55,0.38,39,0.99,0.1165,96.18,17.87,0.1267,0
user_0099,9,57.28,112.55,3.95,4.5,0.37,39,1.0,0.1163,95.99,17.94,0.1269,0
user_0099,10,57.3,112.6,3.93,4.51,0.37,40,1.0,0.1172,96.15,18.17,0.1276,0
user_0099,11,57.28,112.16,3.89,4.52,0.38,40,1.0,0.1163,96.25,17.92,0.1238,0
user_0099,12,57.52,112.14,3.98,4.53,0.37,40,1.01,0.115,96.12,18.0,0.1266,0
user_0099,13,57.26,112.26,3.95,4.51,0.37,39,1.0,0.1158,96.03,18.01,0.1263,0
user_0099,14,47.69,136.43,9.36,6.29,1.47,61,0.82,0.2641,87.07,24.05,0.2486,1
user_0099,15,47.5,136.76,9.42,6.3,1.45,61,0.83,0.2602,87.18,23.95,0.2466,1
user_0099,16,47.69,136.07,9.5,6.33,1.46,61,0.83,0.2609,87.12,24.1,0.2459,1
user_0099,17,47.94,136.26,9.4,6.29,1.44,61,0.82,0.2611,87.04,24.06,0.2459,1
user_0099,18,47.67,136.58,9.36,6.36,1.46,61,0.82,0.2593,86.94,24.11,0.2473,1
user_0099,19,47.64,136.6,9.47,6.32,1.46,61,0.83,0.2585,87.12,24.02,0.2451,1
user_0099,20,47.59,136.03,9.4,6.31,1.44,61,0.82,0.2591,87.13,23.98,0.2447,2
user_0099,21,47.79,136.84,9.51,6.32,1.45,61,0.82,0.26,87.29,23.96,0.2472,2
user_0099,22,47.77,136.46,9.28,6.34,1.46,61,0.83,0.2609,86.98,23.9,0.2462,2
user_0099,23,47.49,136.71,9.38,6.32,1.44,61,0.82,0.2597,87.25,24.13,0.247,2
user_0099,24,47.78,136.3,9.38,6.31,1.46,61,0.82,0.2625,87.22,23.92,0.2466,2
user_0099,25,47.63,136.58,9.54,6.31,1.46,62,0.82,0.261,87.28,23.91,0.2452,2
user_0099,26,47.56,136.61,9.32,6.33,1.47,61,0.82,0.2612,87.11,23.76,0.2478,2
user_0099,27,47.83,136.33,9.37,6.33,1.45,61,0.82,0.259,87.07,23.98,0.2455,2
user_0099,28,47.79,136.55,9.53,6.3,1.46,61,0.82,0.2595,87.08,24.15,0.2461,2
user_0099,29,47.74,136.3,9.46,6.26,1.45,61,0.83,0.2606,87.09,23.98,0.2449,2
user_0099,30,47.95,136.34,9.44,6.3,1.45,61,0.82,0.2618,87.12,24.04,0.2463,2
user_0099,31,47.99,136.22,9.39,6.32,1.44,61,0.82,0.2604,87.12,23.93,0.2446,2
user_0099,32,47.77,136.2,9.39,6.3,1.44,61,0.82,0.2619,87.06,24.0,0.2466,2
user_0099,33,47.9,135.99,9.29,6.35,1.44,61,0.83,0.2614,87.01,23.91,0.2462,2
user_0099,34,48.01,136.86,9.42,6.28,1.45,61,0.82,0.2577,87.13,23.85,0.2437,2
user_0099,35,47.78,136.91,9.34,6.3,1.46,61,0.82,0.2592,87.24,23.88,0.2457,2
user_0099,36,53.44,122.03,6.28,5.3,0.84,48,0.92,0.1773,92.29,20.47,0.1766,1
user_0099,37,53.4,121.95,6.16,5.22,0.81,48,0.92,0.176,92.14,20.41,0.1747,1
user_0099,38,53.32,122.26,6.34,5.26,0.82,48,0.92,0.1782,92.32,20.55,0.1771,1
user_0099,39,53.25,121.97,6.21,5.28,0.81,49,0.93,0.1783,92.42,20.53,0.1764,1
user_0099,40,53.17,122.19,6.12,5.27,0.83,49,0.93,0.1774,92.22,20.51,0.1765,1
user_0099,41,53.28,121.89,6.17,5.25,0.82,49,0.93,0.1776,92.35,20.51,0.1775,1
user_0099,42,53.54,122.51,6.38,5.24,0.82,49,0.93,0.176,92.37,20.52,0.1779,1
user_0099,43,53.47,122.41,6.12,5.25,0.82,48,0.93,0.1759,92.44,20.35,0.1757,1
user_0099,44,53.45,122.94,6.24,5.29,0.84,49,0.93,0.1757,92.51,20.37,0.175,1
user_0099,45,53.63,122.52,6.16,5.23,0.81,49,0.92,0.1755,92.52,20.53,0.1759,1
user_0099,46,53.51,122.58,6.3,5.26,0.81,48,0.93,0.1762,92.4,20.46,0.1775,1
user_0099,47,53.15,122.53,6.18,5.26,0.81,48,0.92,0.1747,92.45,20.36,0.1769,1
user_0099,48,53.48,122.61,6.25,5.24,0.81,48,0.92,0.1766,92.22,20.48,0.1763,1
user_0099,49,53.3,122.36,6.35,5.28,0.83,48,0.93,0.1767,92.38,20.46,0.1765,1
user_0099,50,53.66,122.58,6.38,5.22,0.82,49,0.93,0.177,92.32,20.62,0.1747,1
user_0099,51,53.33,122.46,6.21,5.27,0.8,48,0.93,0.1766,92.32,20.6,0.1776,1
user_0099,52,53.62,121.95,6.35,5.24,0.83,49,0.93,0.1769,92.38,20.42,0.1746,1
user_0099,53,53.22,122.78,6.25,5.31,0.82,49,0.93,0.1782,92.33,20.49,0.1775,1
user_0099,54,53.03,122.39,6.13,5.27,0.82,49,0.93,0.1758,92.26,20.51,0.1776,1
user_0099,55,53.2,122.05,6.11,5.23,0.82,48,0.92,0.1769,92.14,20.6,0.1777,1
user_0099,56,53.63,122.79,6.43,5.27,0.83,48,0.93,0.1764,92.19,20.35,0.1781,1
user_0099,57,53.37,122.78,6.21,5.24,0.82,49,0.93,0.1765,92.42,20.49,0.1777,1
user_0099,58,53.57,122.23,6.28,5.24,0.83,48,0.92,0.1732,92.47,20.52,0.1765,1
user_0099,59,53.47,122.24,6.18,5.28,0.83,49,0.93,0.1771,92.41,20.58,0.176,1
user_0100,0,50.13,115.57,3.98,4.6,0.23,39,1.0,0.0709,92.69,18.06,0.1596,0
user_0100,1,49.91,115.03,3.93,4.56,0.21,40,1.0,0.0726,92.48,17.88,0.1598,0
user_0100,2,49.97,114.9,3.95,4.61,0.21,40,1.0,0.0731,92.42,18.11,0.161,0
user_0100,3,50.04,115.59,4.06,4.63,0.22,39,1.0,0.0733,92.4,17.99,0.1571,0
user_0100,4,50.2,115.16,3.97,4.57,0.21,39,1.0,0.0713,92.45,18.19,0.16,0
user_0100,5,50.0,115.18,3.99,4.57,0.2,40,1.0,0.0743,92.43,18.09,0.1611,0
user_0100,6,50.07,114.74,4.01,4.6,0.2,39,1.0,0.0727,92.71,18.0,0.1593,0
user_0100,7,50.34,115.25,4.0,4.57,0.2,40,1.0,0.0715,92.62,17.79,0.1598,0
user_0100,8,49.97,115.24,3.92,4.53,0.21,39,1.01,0.0727,92.62,17.81,0.1611,0
user_0100,9,50.21,115.31,3.8,4.57,0.21,39,1.0,0.0724,92.43,18.01,0.1614,0
user_0100,10,49.98,115.09,3.91,4.59,0.2,39,1.0,0.0725,92.38,18.05,0.1598,0
user_0100,11,50.04,115.55,4.06,4.6,0.2,40,1.0,0.0708,92.54,18.05,0.1613,0
user_0100,12,50.05,115.63,4.15,4.54,0.23,40,1.01,0.0703,92.67,17.95,0.1612,0
user_0100,13,50.05,115.16,4.0,4.59,0.21,40,1.0,0.0701,92.58,18.04,0.1586,0
user_0100,14,50.01,115.37,4.01,4.58,0.21,39,1.0,0.0673,92.6,18.1,0.1608,0
user_0100,15,50.06,115.47,4.08,4.53,0.21,40,1.0,0.0727,92.6,18.02,0.1607,0
user_0100,16,50.03,115.54,4.14,4.6,0.22,40,1.0,0.0729,92.57,18.11,0.1596,0
user_0100,17,50.23,115.29,4.04,4.56,0.21,40,1.01,0.0691,92.55,17.86,0.1598,0
user_0100,18,50.18,115.37,4.11,4.58,0.2,40,1.01,0.0734,92.62,17.97,0.1614,0
user_0100,19,50.08,114.85,3.96,4.58,0.2,39,1.0,0.0724,92.48,18.06,0.1601,0
user_0100,20,49.75,115.18,3.93,4.59,0.21,40,1.01,0.0708,92.64,17.91,0.16,0
user_0100,21,50.03,115.06,4.03,4.6,0.22,39,0.99,0.0681,92.52,17.84,0.1589,0
user_0100,22,50.09,114.91,3.95,4.58,0.22,39,0.99,0.0713,92.56,18.0,0.1611,0
user_0100,23,49.98,114.85,3.98,4.56,0.22,40,0.99,0.0724,92.59,17.98,0.1601,0
user_0100,24,50.05,115.2,4.16,4.58,0.2,40,1.01,0.0716,92.24,17.93,0.1598,0
user_0100,25,50.03,115.57,4.04,4.56,0.22,39,1.0,0.074,92.71,18.05,0.1595,0
user_0100,26,50.31,115.31,4.02,4.55,0.21,40,0.99,0.0761,92.72,18.15,0.1605,0
user_0100,27,49.99,115.06,3.9,4.56,0.21,40,0.99,0.0704,92.42,18.03,0.1607,0
user_0100,28,50.26,114.99,3.98,4.55,0.21,40,1.01,0.0711,92.38,18.19,0.1584,0
user_0100,29,50.01,115.2,4.07,4.61,0.21,40,1.0,0.0699,92.54,17.97,0.1596,0
user_0100,30,50.21,114.81,4.04,4.57,0.2,40,1.01,0.0728,92.49,18.08,0.1588,0
user_0100,31,50.13,115.6,3.91,4.6,0.2,39,0.99,0.0736,92.44,17.97,0.1613,0
user_0100,32,50.14,115.42,4.08,4.58,0.23,40,1.0,0.0714,92.52,17.99,0.161,0
user_0100,33,49.86,114.71,3.86,4.55,0.21,40,1.0,0.0723,92.61,18.07,0.1614,0
user_0100,34,49.99,115.09,3.97,4.61,0.22,40,1.01,0.0714,92.45,17.86,0.1606,0
user_0100,35,49.87,115.36,3.98,4.55,0.22,39,1.0,0.0718,92.49,18.08,0.1615,0
user_0100,36,50.41,115.08,3.95,4.54,0.22,40,0.99,0.0697,92.84,17.87,0.1594,0
user_0100,37,49.72,114.51,3.98,4.6,0.21,39,1.0,0.0694,92.44,18.01,0.1599,0
user_0100,38,50.1,115.45,4.0,4.55,0.22,39,1.0,0.0738,92.48,17.94,0.1619,0
user_0100,39,50.09,115.22,4.02,4.55,0.23,40,1.0,0.0725,92.64,18.1,0.1612,0
user_0100,40,49.84,115.36,4.11,4.59,0.23,39,1.0,0.0718,92.6,18.08,0.1589,0
user_0100,41,50.07,115.2,3.96,4.58,0.21,39,1.0,0.07,92.48,18.18,0.1589,0
user_0100,42,49.92,115.22,3.92,4.55,0.2,40,1.0,0.0726,92.57,18.12,0.1595,0
user_0100,43,49.88,114.98,4.14,4.52,0.23,40,1.0,0.0705,92.6,17.92,0.1596,0
user_0100,44,50.09,115.06,3.92,4.57,0.22,40,1.0,0.0742,92.57,17.98,0.1618,0
user_0100,45,50.0,115.41,4.09,4.51,0.21,39,0.99,0.0706,92.37,18.08,0.1598,0
user_0100,46,50.22,115.26,4.0,4.55,0.21,40,1.0,0.071,92.55,18.12,0.1602,0
user_0100,47,50.22,114.65,4.01,4.57,0.2,40,1.0,0.072,92.42,18.05,0.1612,0
user_0100,48,50.08,115.18,3.95,4.58,0.21,40,1.01,0.0723,92.6,17.99,0.1605,0
user_0100,49,50.15,114.99,3.98,4.58,0.22,39,1.0,0.0728,92.6,17.96,0.158,0
user_0100,50,50.15,115.41,4.05,4.61,0.22,40,1.0,0.0718,92.53,18.02,0.1588,0
user_0100,51,50.14,115.04,4.02,4.56,0.21,39,1.0,0.0726,92.64,17.99,0.1613,0
user_0100,52,50.21,115.25,3.93,4.58,0.22,40,1.0,0.0708,92.38,18.01,0.16,0
user_0100,53,50.24,114.94,4.0,4.54,0.23,39,0.99,0.072,92.57,17.94,0.16,0
user_0100,54,49.91,115.05,3.96,4.64,0.23,40,1.0,0.0737,92.66,17.97,0.1624,0
user_0100,55,50.01,115.12,4.04,4.57,0.21,39,1.0,0.072,92.53,18.04,0.1603,0
user_0100,56,49.93,115.07,4.08,4.57,0.2,39,1.0,0.0751,92.51,17.97,0.1603,0
user_0100,57,50.16,115.69,3.98,4.57,0.2,39,1.0,0.0706,92.39,17.93,0.1588,0
user_0100,58,50.05,114.87,3.97,4.58,0.21,39,0.99,0.0728,92.57,17.99,0.1603,0
user_0100,59,50.04,115.3,4.05,4.56,0.21,39,1.0,0.0705,92.54,17.97,0.16,0
user_0101,0,63.41,118.05,3.85,5.07,0.32,40,1.0,0.0938,94.06,17.89,0.1395,0
user_0101,1,63.18,118.17,3.96,5.03,0.31,39,1.0,0.0925,94.25,17.91,0.139,0
user_0101,2,63.23,117.44,4.02,5.07,0.31,39,1.01,0.0926,94.24,17.93,0.1404,0
user_0101,3,63.29,117.65,4.02,5.04,0.31,39,0.99,0.0961,94.15,18.06,0.14,0
user_0101,4,63.39,118.36,4.01,5.01,0.3,39,1.0,0.0973,94.14,18.17,0.1412,0
user_0101,5,63.35,118.11,3.97,5.08,0.3,40,0.99,0.0961,94.27,18.09,0.1389,0
user_0101,6,63.25,118.34,3.96,5.03,0.32,39,1.0,0.0979,94.09,17.93,0.1396,0
user_0101,7,63.29,117.76,4.06,5.04,0.3,39,0.99,0.094,94.0,18.11,0.1394,0
user_0101,8,63.43,117.84,4.09,5.0,0.31,39,0.99,0.091,94.21,18.1,0.1395,0
user_0101,9,63.38,118.07,4.0,5.06,0.29,40,1.0,0.0945,94.18,17.88,0.1395,0
user_0101,10,63.18,117.83,4.04,4.99,0.29,40,1.0,0.0941,94.2,17.89,0.1383,0
user_0101,11,63.25,117.92,3.94,5.03,0.32,39,0.99,0.0952,93.94,18.16,0.1382,0
user_0101,12,63.32,118.0,3.94,5.07,0.32,39,1.0,0.0937,94.29,18.13,0.1404,0
user_0101,13,63.04,117.82,3.96,5.02,0.32,39,1.0,0.0963,94.08,18.05,0.1398,0
user_0101,14,53.64,142.23,9.36,6.86,1.39,61,0.82,0.2371,85.12,23.89,0.2597,1
user_0101,15,53.82,142.07,9.35,6.83,1.39,61,0.83,0.2401,85.17,24.01,0.259,1
user_0101,16,53.69,142.13,9.35,6.85,1.38,62,0.82,0.2397,85.07,24.15,0.2599,1
user_0101,17,53.89,141.91,9.4,6.8,1.4,61,0.83,0.2387,85.2,24.1,0.2597,1
user_0101,18,53.64,141.84,9.37,6.9,1.38,61,0.82,0.2392,85.12,23.94,0.2591,1
user_0101,19,53.49,142.4,9.42,6.84,1.39,62,0.82,0.2396,85.24,24.07,0.2603,1
user_0101,20,53.82,141.85,9.49,6.83,1.39,61,0.82,0.2398,85.22,23.81,0.2608,2
user_0101,21,53.56,142.02,9.51,6.85,1.39,61,0.82,0.2376,85.2,24.07,0.2605,2
user_0101,22,53.8,141.83,9.47,6.78,1.4,61,0.82,0.2429,85.16,23.97,0.2582,2
user_0101,23,53.75,142.15,9.37,6.78,1.4,61,0.82,0.2391,85.07,24.13,0.2601,2
user_0101,24,53.76,142.53,9.35,6.87,1.36,61,0.83,0.2376,85.32,23.86,0.2615,2
user_0101,25,53.62,141.77,9.36,6.84,1.38,61,0.82,0.2395,85.16,23.96,0.2598,2
user_0101,26,53.74,142.04,9.4,6.82,1.38,61,0.81,0.2407,85.18,24.0,0.2599,2
user_0101,27,53.57,142.3,9.49,6.81,1.38,61,0.82,0.2392,85.2,23.81,0.2585,2
user_0101,28,53.6,142.15,9.24,6.84,1.38,61,0.82,0.2417,85.04,23.92,0.2594,2
user_0101,29,53.9,142.06,9.41,6.87,1.38,61,0.83,0.239,85.0,24.01,0.261,2
user_0101,30,53.76,141.61,9.5,6.86,1.39,61,0.82,0.2408,85.09,23.88,0.2586,2
user_0101,31,53.79,141.85,9.51,6.86,1.39,61,0.81,0.2406,85.21,23.87,0.2587,2
user_0101,32,53.66,141.91,9.4,6.82,1.4,61,0.81,0.2378,85.09,23.93,0.2611,2
user_0101,33,53.59,141.92,9.31,6.83,1.39,61,0.82,0.2377,85.09,24.08,0.2594,2
user_0101,34,53.68,142.1,9.47,6.82,1.38,61,0.82,0.2396,85.1,24.0,0.26,2
user_0101,35,53.73,141.73,9.42,6.84,1.38,61,0.82,0.2371,85.05,23.87,0.2582,2
user_0101,36,59.21,128.22,6.3,5.82,0.75,48,0.92,0.1569,90.37,20.5,0.1892,1
user_0101,37,59.39,128.16,6.13,5.73,0.76,48,0.93,0.1548,90.46,20.49,0.1887,1
user_0101,38,59.23,127.91,6.3,5.78,0.74,49,0.93,0.1572,90.3,20.47,0.1896,1
user_0101,39,59.38,127.48,6.11,5.77,0.76,48,0.92,0.1553,90.32,20.65,0.1886,1
user_0101,40,58.98,127.71,6.19,5.79,0.76,49,0.93,0.1552,90.49,20.46,0.1897,1
user_0101,41,59.23,127.92,6.26,5.81,0.75,48,0.93,0.1565,90.26,20.52,0.1881,1
user_0101,42,59.48,128.04,6.34,5.75,0.75,49,0.93,0.1557,90.36,20.47,0.1884,1
user_0101,43,59.51,128.12,6.24,5.8,0.75,48,0.92,0.1541,90.44,20.6,0.1891,1
user_0101,44,59.17,128.19,6.26,5.73,0.75,49,0.92,0.1553,90.28,20.46,0.1883,1
user_0101,45,59.1,127.77,6.32,5.8,0.77,48,0.93,0.158,90.52,20.61,0.1895,1
user_0101,46,59.32,127.72,6.05,5.79,0.74,48,0.92,0.1557,90.39,20.63,0.1887,1
user_0101,47,59.31,127.91,6.23,5.79,0.77,49,0.92,0.1543,90.33,20.51,0.1879,1
user_0101,48,59.25,128.05,6.2,5.79,0.76,48,0.93,0.1545,90.59,20.52,0.1885,1
user_0101,49,59.01,127.94,6.35,5.77,0.76,49,0.93,0.1552,90.34,20.47,0.1883,1
user_0101,50,59.14,128.2,6.28,5.79,0.75,49,0.92,0.1554,90.52,20.43,0.1888,1
user_0101,51,59.44,128.16,6.28,5.73,0.77,48,0.92,0.1549,90.29,20.62,0.1896,1
user_0101,52,59.39,127.76,6.32,5.82,0.74,48,0.92,0.1566,90.42,20.49,0.1898,1
user_0101,53,59.58,127.52,6.23,5.71,0.76,49,0.92,0.1562,90.25,20.55,0.1919,1
user_0101,54,59.23,128.06,6.21,5.79,0.77,49,0.92,0.155,90.28,20.6,0.1901,1
user_0101,55,59.1,128.0,6.18,5.78,0.76,49,0.93,0.1548,90.45,20.42,0.1901,1
user_0101,56,59.28,127.84,6.2,5.8,0.75,48,0.92,0.1533,90.42,20.53,0.1879,1
user_0101,57,59.12,127.54,6.34,5.8,0.77,49,0.93,0.1551,90.42,20.44,0.1886,1
user_0101,58,59.22,127.89,6.13,5.76,0.74,48,0.93,0.1547,90.39,20.54,0.1902,1
user_0101,59,59.35,128.36,6.25,5.79,0.75,48,0.93,0.1565,90.33,20.45,0.1904,1
user_0102,0,59.68,105.69,4.02,3.25,0.37,39,1.01,0.1002,93.68,18.01,0.0784,0
user_0102,1,59.55,105.6,4.04,3.26,0.35,40,1.0,0.0979,93.74,18.05,0.0789,0
user_0102,2,59.56,105.72,4.1,3.24,0.37,39,1.0,0.0989,93.62,18.0,0.0784,0
user_0102,3,59.79,106.18,4.05,3.27,0.36,39,1.0,0.0986,93.67,17.94,0.0789,0
user_0102,4,59.82,105.85,4.07,3.26,0.37,40,1.0,0.0965,93.65,18.03,0.0799,0
user_0102,5,59.71,105.13,4.23,3.25,0.38,40,0.99,0.0983,93.6,18.04,0.0792,0
user_0102,6,59.77,105.69,3.82,3.23,0.37,40,1.0,0.0969,93.79,18.16,0.0785,0
user_0102,7,59.74,106.02,3.95,3.21,0.38,39,1.0,0.0981,93.62,17.99,0.079,0
user_0102,8,59.34,105.8,3.9,3.22,0.36,39,1.0,0.0953,93.57,18.0,0.0797,0
user_0102,9,59.73,105.6,3.91,3.23,0.37,40,1.0,0.0967,93.63,17.73,0.0797,0
user_0102,10,59.69,106.15,4.1,3.24,0.38,39,1.0,0.0966,93.71,18.06,0.0793,0
user_0102,11,59.26,105.98,3.91,3.22,0.35,39,1.01,0.0979,93.72,18.19,0.0779,0
user_0102,12,59.64,106.06,4.07,3.25,0.38,40,1.0,0.0956,93.72,18.11,0.0779,0
user_0102,13,59.51,105.78,4.08,3.21,0.36,39,1.0,0.0986,93.63,17.89,0.0783,0
user_0102,14,59.55,105.97,3.91,3.19,0.38,40,0.99,0.0991,93.51,18.09,0.0797,0
user_0102,15,59.84,105.47,4.0,3.2,0.38,40,1.0,0.0962,93.69,18.0,0.0798,0
user_0102,16,59.72,105.68,3.94,3.24,0.37,40,1.0,0.0969,93.78,17.94,0.0789,0
user_0102,17,59.63,105.61,4.1,3.23,0.36,40,1.01,0.0975,93.63,17.86,0.0785,0
user_0102,18,59.98,105.9,3.95,3.23,0.36,40,0.99,0.0979,93.71,18.16,0.0791,0
user_0102,19,59.76,105.95,4.02,3.25,0.37,39,1.0,0.0971,93.87,17.92,0.0772,0
user_0102,20,59.73,105.17,4.07,3.26,0.36,39,0.99,0.0963,93.73,18.06,0.0783,0
user_0102,21,59.54,105.82,4.06,3.24,0.37,39,0.99,0.0987,93.48,17.9,0.0788,0
user_0102,22,59.51,105.78,4.1,3.19,0.37,39,1.0,0.0963,93.56,18.13,0.0789,0
user_0102,23,59.81,105.56,4.08,3.25,0.35,39,0.99,0.0978,93.73,18.15,0.0777,0
user_0102,24,59.68,105.82,3.94,3.25,0.36,40,1.0,0.0964,93.75,18.06,0.0797,0
user_0102,25,59.56,105.72,3.91,3.22,0.36,40,1.0,0.0989,93.83,18.06,0.0786,0
user_0102,26,59.38,105.88,3.93,3.23,0.36,39,1.0,0.0975,93.69,17.98,0.0779,0
user_0102,27,59.75,105.38,4.15,3.23,0.36,39,0.99,0.0977,93.66,17.86,0.0773,0
user_0102,28,59.51,105.65,4.06,3.22,0.39,40,1.0,0.0991,93.57,17.94,0.0783,0
user_0102,29,59.78,105.75,4.01,3.26,0.37,40,0.99,0.0965,93.67,17.92,0.079,0
user_0102,30,59.71,105.32,4.05,3.22,0.37,39,1.0,0.096,93.7,18.06,0.0789,0
user_0102,31,59.48,105.74,3.99,3.25,0.36,39,1.0,0.0953,93.8,18.12,0.0802,0
user_0102,32,59.67,105.46,3.85,3.24,0.36,39,1.0,0.0978,93.66,18.07,0.0779,0
user_0102,33,59.57,105.94,3.97,3.27,0.36,40,0.99,0.0967,93.79,18.17,0.0791,0
user_0102,34,59.72,105.9,3.99,3.17,0.36,39,1.0,0.0951,93.87,17.94,0.0772,0
user_0102,35,60.04,106.02,3.93,3.21,0.35,39,1.0,0.0981,93.85,18.12,0.0799,0
user_0102,36,59.59,105.92,4.03,3.23,0.38,40,1.0,0.0962,93.84,17.87,0.0772,0
user_0102,37,59.27,105.75,4.03,3.2,0.37,40,1.0,0.0965,93.79,18.1,0.0797,0
user_0102,38,59.71,105.39,4.12,3.24,0.36,40,1.0,0.0931,93.82,17.94,0.0784,0
user_0102,39,59.61,105.69,4.01,3.26,0.37,39,0.99,0.0968,93.63,17.92,0.0778,0
user_0102,40,59.81,105.89,3.98,3.24,0.37,39,1.0,0.094,93.71,18.06,0.0792,0
user_0102,41,59.62,105.45,4.03,3.26,0.38,39,1.0,0.097,93.77,17.95,0.0781,0
user_0102,42,59.59,105.74,3.89,3.23,0.35,39,1.01,0.0984,93.6,18.01,0.0791,0
user_0102,43,59.43,105.86,4.0,3.23,0.36,39,1.01,0.0968,93.81,18.0,0.0789,0
user_0102,44,59.82,105.74,4.0,3.25,0.36,40,1.0,0.0967,93.58,17.9,0.079,0
user_0102,45,59.77,105.57,4.04,3.23,0.35,39,1.0,0.0958,93.58,17.93,0.0779,0
user_0102,46,59.87,105.81,4.09,3.23,0.37,40,0.99,0.0959,93.76,18.01,0.0791,0
user_0102,47,59.48,105.73,4.1,3.22,0.37,40,1.0,0.0991,93.83,17.87,0.0794,0
user_0102,48,59.55,105.73,3.85,3.22,0.36,39,0.99,0.096,93.62,18.11,0.0784,0
user_0102,49,59.68,105.84,3.95,3.24,0.37,39,1.0,0.1,93.58,17.95,0.0791,0
user_0102,50,59.39,105.69,4.08,3.22,0.38,39,1.01,0.1006,93.53,18.14,0.0784,0
user_0102,51,59.55,105.52,3.92,3.25,0.36,39,1.0,0.0977,93.66,18.11,0.0792,0
user_0102,52,59.68,105.3,4.02,3.25,0.36,39,0.99,0.0941,93.79,17.96,0.0777,0
user_0102,53,59.53,106.02,4.13,3.26,0.36,40,1.0,0.0955,93.78,18.08,0.0789,0
user_0102,54,59.66,105.46,4.01,3.2,0.37,40,1.0,0.0963,93.71,17.98,0.0782,0
user_0102,55,59.56,105.47,4.02,3.23,0.38,40,1.01,0.0996,93.57,17.94,0.0773,0
user_0102,56,59.46,105.59,4.13,3.27,0.37,39,0.99,0.0964,93.71,17.92,0.0796,0
user_0102,57,59.88,105.56,3.99,3.23,0.36,39,1.0,0.0955,93.76,18.05,0.0799,0
user_0102,58,59.42,105.42,3.88,3.21,0.38,39,1.0,0.0999,93.74,17.96,0.076,0
user_0102,59,59.57,105.87,3.98,3.23,0.35,40,1.0,0.0985,93.71,17.96,0.0783,0
user_0103,0,68.82,109.57,4.02,4.38,0.33,40,1.01,0.0862,92.13,17.99,0.1324,0
user_0103,1,69.08,109.21,3.96,4.33,0.32,40,0.99,0.0833,92.28,17.94,0.1329,0
user_0103,2,69.04,109.04,4.01,4.33,0.31,39,1.01,0.0822,92.13,17.8,0.1318,0
user_0103,3,68.97,109.56,4.06,4.31,0.32,40,1.0,0.0815,92.17,18.13,0.1337,0
user_0103,4,69.03,109.4,3.93,4.33,0.33,39,1.0,0.0846,92.1,17.93,0.1314,0
user_0103,5,68.89,109.55,3.96,4.29,0.33,40,1.01,0.0862,92.16,17.91,0.1332,0
user_0103,6,68.84,109.27,4.14,4.35,0.34,39,1.0,0.0816,92.27,18.13,0.1318,0
user_0103,7,68.76,109.57,3.98,4.34,0.32,39,1.0,0.0835,92.13,17.96,0.1333,0
user_0103,8,69.0,109.45,3.95,4.35,0.33,40,0.99,0.0857,92.13,17.96,0.133,0
user_0103,9,68.55,109.41,3.98,4.35,0.33,39,1.0,0.0803,92.41,17.75,0.1321,0
user_0103,10,68.97,109.69,4.14,4.31,0.33,39,0.99,0.0824,91.99,18.03,0.1323,0
user_0103,11,68.83,109.49,4.02,4.33,0.35,39,0.99,0.0831,92.14,18.04,0.1333,0
user_0103,12,68.7,109.02,4.1,4.32,0.33,40,1.0,0.0836,92.09,17.95,0.1348,0
user_0103,13,69.13,109.55,3.99,4.33,0.31,40,1.0,0.084,92.18,17.98,0.1334,0
user_0103,14,61.09,129.54,8.5,5.79,1.23,57,0.85,0.203,84.58,23.03,0.2335,1
user_0103,15,60.88,129.56,8.4,5.83,1.22,58,0.86,0.2045,84.51,22.86,0.2345,1
user_0103,16,60.68,129.45,8.64,5.82,1.22,57,0.85,0.2023,84.67,22.89,0.232,1
user_0103,17,60.77,129.26,8.44,5.82,1.24,57,0.85,0.2025,84.51,23.04,0.2335,1
user_0103,18,60.57,129.3,8.53,5.82,1.22,58,0.85,0.2027,84.82,22.86,0.2335,1
user_0103,19,60.86,129.19,8.36,5.85,1.22,57,0.85,0.2075,84.63,23.01,0.233,1
user_0103,20,48.87,159.13,15.36,8.05,2.58,84,0.62,0.3855,73.44,30.28,0.3829,3
user_0103,21,48.76,158.93,15.32,8.05,2.58,85,0.62,0.3843,73.35,30.61,0.3824,3
user_0103,22,48.94,159.7,15.11,8.05,2.58,85,0.63,0.3858,73.34,30.48,0.3837,3
user_0103,23,48.91,158.9,15.12,8.05,2.58,85,0.62,0.3849,73.44,30.39,0.382,3
user_0103,24,48.56,159.03,15.11,8.03,2.6,84,0.62,0.3846,73.44,30.52,0.3817,3
user_0103,25,48.95,159.05,15.31,8.09,2.58,84,0.63,0.3831,73.44,30.57,0.3818,3
user_0103,26,49.18,159.31,15.2,8.09,2.59,84,0.62,0.3828,73.63,30.45,0.3841,3
user_0103,27,48.89,158.96,15.32,8.07,2.57,84,0.62,0.383,73.48,30.41,0.3827,3
user_0103,28,48.9,159.31,15.13,8.08,2.57,84,0.62,0.3839,73.43,30.57,0.3823,3
user_0103,29,48.67,159.59,15.22,8.06,2.57,84,0.63,0.3819,73.29,30.45,0.3829,3
user_0103,30,48.71,158.93,15.16,8.05,2.57,85,0.63,0.3857,73.45,30.54,0.3839,3
user_0103,31,48.87,159.12,15.41,8.08,2.59,85,0.62,0.3826,73.4,30.55,0.3835,3
user_0103,32,48.85,159.65,15.3,8.08,2.58,85,0.63,0.3854,73.28,30.57,0.381,3
user_0103,33,48.73,159.47,15.19,8.07,2.57,85,0.63,0.3839,73.53,30.54,0.3831,3
user_0103,34,49.02,159.63,15.18,8.08,2.58,85,0.62,0.3829,73.4,30.64,0.3823,3
user_0103,35,48.85,159.15,15.31,8.08,2.57,84,0.63,0.3847,73.35,30.57,0.3832,3
user_0103,36,49.04,159.53,15.22,8.05,2.6,84,0.62,0.3821,73.21,30.62,0.3844,3
user_0103,37,48.89,158.92,15.34,8.08,2.59,85,0.62,0.3849,73.26,30.42,0.3836,3
user_0103,38,49.0,159.09,15.16,8.07,2.6,85,0.64,0.3837,73.5,30.47,0.3818,3
user_0103,39,48.71,159.41,15.35,8.06,2.59,85,0.63,0.3844,73.35,30.63,0.3815,3
user_0103,40,43.35,173.0,18.32,9.11,3.22,97,0.52,0.4673,68.09,34.07,0.4533,4
user_0103,41,43.28,173.4,18.52,9.14,3.19,97,0.53,0.4667,68.26,34.3,0.4531,4
user_0103,42,43.22,173.3,18.41,9.08,3.19,97,0.52,0.4689,68.14,34.01,0.4536,4
user_0103,43,42.91,173.09,18.36,9.11,3.19,97,0.52,0.4686,67.89,33.98,0.4525,4
user_0103,44,43.12,173.29,18.43,9.13,3.21,97,0.52,0.4645,68.15,33.88,0.4527,4
user_0103,45,43.22,173.27,18.34,9.11,3.21,97,0.52,0.4653,68.19,33.87,0.4526,4
user_0103,46,43.36,173.64,18.38,9.13,3.21,97,0.51,0.4692,68.28,33.79,0.4529,4
user_0103,47,43.3,173.12,18.34,9.09,3.19,97,0.52,0.4674,68.24,33.8,0.453,4
user_0103,48,43.37,172.67,18.36,9.12,3.22,97,0.53,0.4686,68.07,34.1,0.4549,4
user_0103,49,43.2,173.22,18.33,9.16,3.2,97,0.52,0.467,68.11,33.92,0.4519,4
user_0103,50,43.28,173.66,18.33,9.08,3.21,97,0.53,0.4701,68.01,33.8,0.4532,4
user_0103,51,43.34,173.69,18.43,9.1,3.22,97,0.53,0.4684,68.09,33.91,0.4528,4
user_0103,52,43.24,173.29,18.3,9.11,3.22,97,0.52,0.4696,68.23,33.88,0.4529,4
user_0103,53,43.47,173.45,18.49,9.14,3.2,98,0.53,0.4675,68.3,33.99,0.4525,4
user_0103,54,43.12,173.06,18.41,9.11,3.19,97,0.52,0.4684,68.19,34.04,0.4528,4
user_0103,55,43.31,173.45,18.36,9.08,3.21,97,0.52,0.4696,68.16,33.99,0.4531,4
user_0103,56,43.1,173.33,18.39,9.14,3.2,97,0.52,0.4642,68.11,34.0,0.4517,4
user_0103,57,43.24,173.66,18.47,9.07,3.22,97,0.52,0.4644,68.24,33.96,0.4528,4
user_0103,58,43.11,173.14,18.47,9.16,3.2,97,0.52,0.4673,68.02,34.05,0.4524,4
user_0103,59,43.23,173.23,18.33,9.13,3.21,97,0.52,0.4683,68.38,33.93,0.4521,4
user_0104,0,56.02,104.45,4.0,5.3,0.07,39,1.0,0.0744,94.98,18.06,0.0984,0
user_0104,1,55.99,104.74,3.96,5.28,0.07,40,1.0,0.0754,94.75,18.06,0.0987,0
user_0104,2,56.03,104.89,3.93,5.35,0.07,39,1.0,0.0754,94.96,18.01,0.0967,0
user_0104,3,56.15,104.8,4.01,5.35,0.06,40,1.0,0.077,94.96,18.04,0.0994,0
user_0104,4,56.12,104.38,4.04,5.38,0.09,40,1.0,0.0744,94.98,17.99,0.0976,0
user_0104,5,56.0,104.39,4.18,5.32,0.08,40,0.99,0.0754,94.94,18.15,0.098,0
user_0104,6,55.88,104.29,4.08,5.31,0.07,39,1.01,0.0741,95.03,18.11,0.1002,0
user_0104,7,55.88,104.59,4.22,5.31,0.07,40,1.0,0.0784,94.88,17.95,0.0983,0
user_0104,8,56.28,104.43,3.98,5.31,0.07,39,1.0,0.0752,95.04,18.0,0.0963,0
user_0104,9,56.27,104.78,4.09,5.32,0.09,40,1.0,0.0723,94.92,18.06,0.0984,0
user_0104,10,55.95,103.89,4.01,5.33,0.08,40,1.0,0.0757,94.95,17.95,0.0977,0
user_0104,11,56.06,104.89,4.06,5.34,0.06,40,1.0,0.0793,94.95,18.07,0.0986,0
user_0104,12,56.03,104.58,3.97,5.34,0.06,40,1.0,0.0748,94.92,18.1,0.0988,0
user_0104,13,56.03,104.48,3.92,5.33,0.07,39,1.01,0.0764,94.91,18.01,0.0973,0
user_0104,14,48.05,124.07,8.58,6.82,0.95,58,0.85,0.1948,87.4,22.95,0.1987,1
user_0104,15,48.02,124.48,8.48,6.86,0.96,57,0.85,0.1975,87.37,23.16,0.2006,1
user_0104,16,48.14,124.42,8.43,6.86,0.97,58,0.85,0.1942,87.42,22.91,0.1985,1
user_0104,17,48.14,124.86,8.46,6.85,0.95,57,0.85,0.1964,87.48,22.85,0.1992,1
user_0104,18,48.08,124.63,8.56,6.82,0.98,58,0.85,0.1968,87.27,22.96,0.1978,1
user_0104,19,47.93,124.65,8.47,6.85,0.97,57,0.85,0.1941,87.32,22.98,0.1987,1
user_0104,20,36.12,154.74,15.21,9.06,2.3,84,0.63,0.3757,76.14,30.59,0.3486,3
user_0104,21,36.08,154.48,15.24,9.09,2.33,84,0.63,0.3731,76.11,30.47,0.347,3
user_0104,22,35.96,155.24,15.39,9.04,2.32,84,0.62,0.3735,76.17,30.42,0.3468,3
user_0104,23,35.93,154.86,15.21,9.06,2.32,85,0.62,0.3765,76.21,30.59,0.3487,3
user_0104,24,36.31,154.43,15.18,9.06,2.32,85,0.63,0.3747,76.36,30.52,0.348,3
user_0104,25,36.02,154.91,15.18,9.09,2.32,84,0.61,0.3757,76.06,30.47,0.348,3
user_0104,26,35.78,154.53,15.21,9.06,2.31,84,0.62,0.3814,76.02,30.54,0.3478,3
user_0104,27,35.91,154.72,15.33,9.08,2.32,85,0.62,0.3766,76.07,30.37,0.3492,3
user_0104,28,35.76,154.51,15.15,9.07,2.31,85,0.63,0.3739,76.1,30.45,0.3479,3
user_0104,29,36.16,154.32,15.23,9.07,2.32,85,0.62,0.3731,76.05,30.49,0.3499,3
user_0104,30,36.11,154.82,15.25,9.08,2.32,85,0.63,0.3772,76.19,30.49,0.3497,3
user_0104,31,36.11,154.13,15.19,9.04,2.32,85,0.63,0.3753,76.36,30.53,0.349,3
user_0104,32,36.09,154.3,15.22,9.09,2.32,84,0.62,0.3764,76.29,30.53,0.3497,3
user_0104,33,36.21,154.46,15.31,9.15,2.31,85,0.62,0.3767,76.28,30.49,0.3478,3
user_0104,34,36.03,154.28,15.23,9.07,2.33,84,0.63,0.3743,76.19,30.7,0.3476,3
user_0104,35,35.83,154.17,15.26,9.11,2.3,85,0.62,0.3755,76.32,30.47,0.3486,3
user_0104,36,35.94,154.5,15.24,9.07,2.3,85,0.63,0.3758,76.27,30.53,0.3467,3
user_0104,37,35.97,154.33,15.05,9.1,2.35,84,0.63,0.3742,76.21,30.62,0.3486,3
user_0104,38,36.18,154.94,15.38,9.08,2.31,84,0.62,0.3751,76.05,30.5,0.3482,3
user_0104,39,35.89,154.56,15.16,9.08,2.31,85,0.63,0.3768,76.36,30.55,0.3481,3
user_0104,40,30.57,168.18,18.37,10.11,2.94,97,0.53,0.4592,70.99,33.92,0.4173,4
user_0104,41,30.29,168.39,18.51,10.12,2.94,97,0.52,0.4621,70.97,34.14,0.4169,4
user_0104,42,30.41,168.76,18.35,10.13,2.94,97,0.51,0.4584,70.81,33.98,0.4186,4
user_0104,43,30.22,168.69,18.35,10.07,2.96,97,0.52,0.4608,71.15,34.01,0.4193,4
user_0104,44,30.18,168.67,18.44,10.14,2.94,97,0.52,0.4594,70.9,34.07,0.4174,4
user_0104,45,30.37,168.72,18.48,10.13,2.97,97,0.53,0.458,70.93,34.01,0.4171,4
user_0104,46,30.4,168.4,18.24,10.1,2.95,98,0.51,0.4614,70.94,33.99,0.4173,4
user_0104,47,30.36,168.51,18.45,10.12,2.97,97,0.53,0.4585,70.87,34.04,0.4169,4
user_0104,48,30.67,168.55,18.41,10.13,2.96,97,0.51,0.4598,70.92,33.96,0.419,4
user_0104,49,30.38,168.23,18.62,10.11,2.96,97,0.51,0.4584,70.92,33.75,0.417,4
user_0104,50,30.34,168.49,18.5,10.12,2.94,97,0.52,0.4622,70.86,33.96,0.4179,4
user_0104,51,30.52,168.79,18.42,10.11,2.94,97,0.52,0.4609,70.8,34.0,0.4169,4
user_0104,52,30.45,168.43,18.35,10.16,2.96,97,0.52,0.4606,71.03,34.0,0.4189,4
user_0104,53,30.43,168.44,18.42,10.1,2.94,97,0.53,0.4587,71.07,33.81,0.4206,4
user_0104,54,30.4,168.65,18.31,10.12,2.94,97,0.52,0.457,71.13,33.97,0.4193,4
user_0104,55,30.86,168.4,18.43,10.14,2.94,97,0.53,0.4589,70.98,34.01,0.4179,4
user_0104,56,30.58,168.4,18.37,10.09,2.94,97,0.52,0.4586,70.75,33.85,0.4167,4
user_0104,57,30.44,169.02,18.45,10.12,2.96,97,0.51,0.4606,71.03,33.88,0.4182,4
user_0104,58,30.59,168.23,18.49,10.15,2.96,98,0.52,0.4608,70.81,33.94,0.42,4
user_0104,59,30.54,168.42,18.33,10.13,2.94,97,0.52,0.4576,70.88,34.18,0.4176,4
user_0105,0,48.23,121.3,4.05,4.16,0.4,40,1.0,0.1002,94.01,17.9,0.1284,0
user_0105,1,48.34,121.51,3.91,4.11,0.39,40,1.0,0.1012,94.1,17.95,0.1291,0
user_0105,2,48.35,121.65,4.03,4.1,0.4,40,0.99,0.1008,93.98,17.97,0.1286,0
user_0105,3,48.48,121.87,3.99,4.11,0.4,39,1.01,0.1045,94.06,18.06,0.1284,0
user_0105,4,48.25,121.36,4.1,4.13,0.4,40,1.0,0.1018,94.12,18.01,0.1305,0
user_0105,5,48.2,121.13,4.09,4.1,0.41,40,1.01,0.0955,94.16,17.95,0.1286,0
user_0105,6,48.42,121.45,4.06,4.15,0.4,40,1.0,0.1007,94.22,18.04,0.1291,0
user_0105,7,48.56,121.51,3.97,4.1,0.39,39,1.0,0.1003,93.98,17.95,0.1273,0
user_0105,8,48.7,121.98,3.95,4.12,0.39,40,1.0,0.098,93.98,17.99,0.1306,0
user_0105,9,48.31,121.94,4.02,4.09,0.4,40,1.0,0.1014,94.1,18.04,0.1315,0
user_0105,10,48.73,121.62,3.87,4.12,0.4,39,1.0,0.0984,94.11,18.06,0.1298,0
user_0105,11,48.52,121.73,4.06,4.14,0.4,39,1.0,0.0989,94.05,18.08,0.13,0
user_0105,12,48.11,122.04,4.06,4.12,0.39,39,1.01,0.1015,94.19,17.99,0.1305,0
user_0105,13,48.16,121.3,4.08,4.09,0.4,39,0.99,0.0984,94.04,17.91,0.1298,0
user_0105,14,48.52,121.76,3.91,4.13,0.39,40,1.0,0.0987,94.08,18.02,0.1299,0
user_0105,15,48.08,121.44,4.04,4.13,0.43,40,1.0,0.1026,94.13,18.14,0.1297,0
user_0105,16,48.58,121.88,4.04,4.1,0.4,39,1.0,0.1016,94.13,17.92,0.1302,0
user_0105,17,48.19,121.69,4.1,4.08,0.4,39,1.01,0.1033,94.13,18.09,0.1306,0
user_0105,18,48.48,121.4,3.97,4.1,0.38,40,0.99,0.1012,94.0,17.98,0.1298,0
user_0105,19,48.6,121.83,3.99,4.11,0.39,40,1.0,0.0986,94.15,18.14,0.1291,0
user_0105,20,48.28,121.47,4.03,4.08,0.4,39,1.0,0.1008,93.96,18.07,0.1297,0
user_0105,21,48.34,121.5,3.97,4.11,0.39,39,1.0,0.0991,94.16,17.99,0.1288,0
user_0105,22,48.42,121.51,3.94,4.1,0.38,39,1.0,0.0982,94.14,18.13,0.1296,0
user_0105,23,48.08,121.26,4.03,4.11,0.38,39,0.99,0.1022,94.15,17.97,0.1295,0
user_0105,24,48.39,121.63,4.14,4.15,0.42,40,1.0,0.0981,93.98,18.1,0.128,0
user_0105,25,48.34,121.26,3.99,4.09,0.41,39,1.0,0.0985,94.09,18.01,0.1287,0
user_0105,26,48.32,121.49,3.84,4.11,0.39,39,1.0,0.0996,94.23,17.92,0.1288,0
user_0105,27,48.39,121.6,4.08,4.13,0.41,39,1.0,0.0985,94.12,17.98,0.1285,0
user_0105,28,48.54,121.19,4.14,4.13,0.4,39,1.0,0.1007,93.94,17.69,0.1293,0
user_0105,29,48.26,121.38,3.88,4.14,0.42,39,1.0,0.1006,94.11,17.95,0.1304,0
user_0105,30,48.54,121.8,4.13,4.13,0.39,40,1.0,0.0984,94.05,17.84,0.1312,0
user_0105,31,48.43,121.76,3.89,4.14,0.4,39,1.0,0.0985,94.08,18.08,0.1294,0
user_0105,32,48.09,121.68,4.06,4.11,0.41,40,0.99,0.1018,94.02,17.93,0.1285,0
user_0105,33,48.55,121.98,4.04,4.1,0.43,39,1.0,0.1015,94.06,18.21,0.1284,0
user_0105,34,48.34,121.99,4.04,4.1,0.39,39,0.99,0.1014,94.15,18.05,0.1281,0
user_0105,35,48.32,121.69,4.09,4.12,0.4,39,1.0,0.0996,93.93,17.91,0.1299,0
user_0105,36,48.48,120.94,3.99,4.08,0.4,40,0.99,0.1,94.16,18.1,0.1284,0
user_0105,37,48.53,121.67,3.96,4.11,0.41,40,1.0,0.099,94.1,17.98,0.1294,0
user_0105,38,48.29,122.01,4.0,4.11,0.41,40,1.0,0.0995,94.16,18.17,0.1307,0
user_0105,39,48.22,121.8,3.99,4.14,0.42,39,1.0,0.0993,94.0,17.91,0.1288,0
user_0105,40,48.32,121.52,3.85,4.12,0.41,39,0.99,0.1001,94.18,18.02,0.1285,0
user_0105,41,48.21,121.79,3.98,4.1,0.39,40,1.0,0.1001,93.98,17.9,0.1286,0
user_0105,42,48.41,121.75,4.11,4.09,0.41,39,1.0,0.0977,93.95,18.08,0.1294,0
user_0105,43,48.32,121.26,4.03,4.11,0.41,39,1.0,0.0992,94.1,17.99,0.1284,0
user_0105,44,48.31,121.39,3.96,4.09,0.4,39,1.0,0.1049,94.05,17.84,0.1313,0
user_0105,45,48.42,121.58,3.97,4.09,0.4,39,1.0,0.1008,94.17,17.98,0.1297,0
user_0105,46,48.68,121.4,3.88,4.13,0.39,39,1.0,0.1018,94.09,17.79,0.1296,0
user_0105,47,48.4,121.4,3.87,4.1,0.38,39,0.99,0.0981,94.16,17.98,0.1296,0
user_0105,48,48.4,121.23,3.96,4.11,0.4,40,1.0,0.1005,94.25,18.04,0.1287,0
user_0105,49,48.56,121.31,4.04,4.11,0.39,40,1.0,0.0972,94.09,17.9,0.1294,0
user_0105,50,48.35,121.72,3.83,4.09,0.4,40,1.0,0.0993,94.16,17.94,0.1297,0
user_0105,51,48.38,121.88,4.05,4.1,0.39,39,1.0,0.0999,94.08,18.03,0.1284,0
user_0105,52,48.35,121.61,3.89,4.1,0.4,40,1.0,0.1007,94.01,17.91,0.1311,0
user_0105,53,48.31,121.24,3.97,4.11,0.41,39,1.0,0.1016,94.02,18.03,0.1292,0
user_0105,54,48.4,121.64,4.01,4.1,0.4,39,1.01,0.1009,94.08,17.97,0.1302,0
user_0105,55,48.25,121.29,3.9,4.14,0.41,40,1.0,0.0991,94.28,17.99,0.1296,0
user_0105,56,48.3,121.63,4.03,4.16,0.4,40,1.0,0.1003,94.11,17.98,0.1295,0
user_0105,57,48.26,121.74,4.0,4.1,0.4,40,1.0,0.1006,94.12,18.06,0.1281,0
user_0105,58,48.21,121.42,4.05,4.12,0.4,39,0.99,0.0991,94.1,17.98,0.1294,0
user_0105,59,48.13,121.61,3.84,4.08,0.39,39,1.0,0.1004,94.19,17.95,0.1286,0
user_0106,0,59.39,112.3,4.08,3.18,0.35,39,1.01,0.0935,92.62,17.97,0.1027,0
user_0106,1,58.74,112.09,3.9,3.17,0.37,39,0.99,0.0949,92.6,18.1,0.1041,0
user_0106,2,58.76,111.99,4.14,3.2,0.34,39,1.0,0.094,92.71,17.94,0.1025,0
user_0106,3,59.2,112.52,3.89,3.18,0.36,39,0.99,0.0967,92.68,17.98,0.1037,0
user_0106,4,58.74,112.36,4.08,3.18,0.37,40,1.01,0.0946,92.67,17.95,0.1029,0
user_0106,5,59.19,111.99,4.02,3.21,0.35,39,1.0,0.0949,92.63,17.91,0.1018,0
user_0106,6,59.03,112.43,3.99,3.17,0.36,39,1.0,0.0924,92.65,17.96,0.1026,0
user_0106,7,59.27,112.42,4.02,3.18,0.36,39,1.01,0.0964,92.55,17.91,0.1045,0
user_0106,8,59.0,112.42,3.97,3.12,0.34,40,1.0,0.0937,92.68,17.88,0.1016,0
user_0106,9,58.75,112.34,4.07,3.21,0.37,39,1.0,0.0948,92.69,17.96,0.1038,0
user_0106,10,59.31,111.9,4.11,3.18,0.36,39,0.99,0.0944,92.73,17.94,0.1008,0
user_0106,11,59.06,112.62,3.99,3.18,0.36,39,1.0,0.0938,92.64,17.99,0.1033,0
user_0106,12,59.21,111.77,3.96,3.22,0.35,40,1.0,0.0962,92.71,18.12,0.1033,0
user_0106,13,59.21,112.76,4.05,3.21,0.35,40,0.99,0.0949,92.77,17.89,0.1047,0
user_0106,14,58.98,112.56,3.98,3.18,0.33,40,0.99,0.0953,92.6,17.94,0.1029,0
user_0106,15,59.17,112.36,3.97,3.2,0.36,39,0.99,0.0962,92.62,18.08,0.1035,0
user_0106,16,58.84,112.19,3.88,3.15,0.35,40,1.01,0.094,92.56,18.01,0.1029,0
user_0106,17,59.03,112.37,4.16,3.2,0.34,40,0.99,0.0949,92.68,17.87,0.1027,0
user_0106,18,59.03,112.78,3.88,3.19,0.36,39,1.0,0.0926,92.72,17.96,0.1024,0
user_0106,19,59.16,112.5,4.09,3.18,0.37,39,1.0,0.0912,92.55,18.13,0.102,0
user_0106,20,59.1,111.88,3.99,3.12,0.35,40,1.0,0.0949,92.87,17.97,0.1033,0
user_0106,21,59.05,112.6,4.03,3.19,0.37,39,1.0,0.0942,92.51,17.99,0.1038,0
user_0106,22,59.03,112.03,4.0,3.13,0.36,39,1.0,0.0944,92.48,17.98,0.1026,0
user_0106,23,58.91,112.51,3.84,3.16,0.35,40,1.01,0.0934,92.61,18.13,0.1039,0
user_0106,24,59.01,112.55,4.08,3.18,0.36,39,1.0,0.0944,92.64,17.89,0.1018,0
user_0106,25,59.25,112.61,4.2,3.16,0.36,39,0.99,0.0947,92.85,18.01,0.1036,0
user_0106,26,59.27,112.22,3.94,3.22,0.35,40,1.0,0.0944,92.75,17.95,0.1025,0
user_0106,27,58.9,112.09,3.93,3.2,0.35,39,1.0,0.0961,92.84,17.99,0.103,0
user_0106,28,59.21,112.64,4.06,3.21,0.34,39,1.01,0.0942,92.68,18.14,0.1023,0
user_0106,29,59.11,112.8,3.96,3.16,0.34,39,1.0,0.0947,92.69,18.18,0.1029,0
user_0106,30,59.09,112.34,4.05,3.17,0.35,40,1.0,0.0957,92.65,18.15,0.1024,0
user_0106,31,58.96,112.3,4.11,3.17,0.34,40,1.0,0.0959,92.62,17.98,0.1046,0
user_0106,32,59.24,112.7,3.97,3.2,0.36,40,1.0,0.0964,92.56,18.12,0.1032,0
user_0106,33,59.49,112.31,3.92,3.19,0.34,40,1.0,0.094,92.68,17.92,0.1022,0
user_0106,34,58.83,111.81,3.99,3.18,0.34,40,1.0,0.0947,92.7,18.18,0.1025,0
user_0106,35,59.19,113.0,4.08,3.17,0.35,39,1.0,0.0928,92.7,17.82,0.1048,0
user_0106,36,59.0,112.47,3.96,3.17,0.37,40,0.99,0.0948,92.76,17.99,0.1016,0
user_0106,37,59.26,112.56,3.94,3.18,0.35,40,1.0,0.096,92.65,18.11,0.104,0
user_0106,38,59.13,111.91,4.05,3.2,0.38,40,1.0,0.0952,92.63,18.0,0.1014,0
user_0106,39,59.16,111.98,4.02,3.18,0.35,40,0.99,0.0958,92.65,18.13,0.1019,0
user_0106,40,59.06,112.3,4.09,3.22,0.37,40,1.0,0.0942,92.81,17.95,0.1028,0
user_0106,41,58.68,112.05,3.98,3.19,0.36,39,1.01,0.0937,92.65,17.9,0.1015,0
user_0106,42,59.18,112.44,4.01,3.19,0.36,40,1.0,0.095,92.67,17.87,0.1035,0
user_0106,43,58.87,112.03,4.07,3.17,0.34,39,1.0,0.0977,92.68,18.06,0.1041,0
user_0106,44,59.07,112.63,4.06,3.2,0.36,40,0.99,0.094,92.66,18.0,0.1041,0
user_0106,45,59.02,112.11,3.83,3.19,0.36,39,1.0,0.094,92.75,18.03,0.1029,0
user_0106,46,58.82,112.11,4.01,3.22,0.35,40,1.0,0.0941,92.71,18.07,0.1012,0
user_0106,47,58.89,112.34,4.05,3.16,0.34,40,1.0,0.0941,92.67,17.84,0.1039,0
user_0106,48,59.22,112.5,3.91,3.18,0.33,40,1.01,0.0929,92.83,18.03,0.1023,0
user_0106,49,58.83,112.03,3.98,3.18,0.34,40,1.01,0.0921,92.74,18.06,0.1043,0
user_0106,50,58.78,112.15,3.9,3.19,0.35,39,1.02,0.0924,92.62,18.11,0.1028,0
user_0106,51,59.03,112.42,4.09,3.2,0.34,39,1.0,0.0934,92.74,18.05,0.1019,0
user_0106,52,59.08,112.23,3.89,3.17,0.35,39,1.0,0.0932,92.88,17.94,0.1038,0
user_0106,53,58.96,112.49,3.96,3.26,0.34,39,1.0,0.0925,92.78,18.26,0.1019,0
user_0106,54,59.06,112.36,3.91,3.17,0.33,39,1.0,0.0945,92.76,18.11,0.1028,0
user_0106,55,58.99,112.47,4.15,3.15,0.34,39,0.99,0.0913,92.66,17.83,0.1035,0
user_0106,56,59.23,112.05,3.97,3.19,0.37,39,1.0,0.0952,92.59,17.93,0.1034,0
user_0106,57,59.09,112.08,4.03,3.16,0.34,39,1.0,0.0945,92.64,18.08,0.1031,0
user_0106,58,59.06,112.43,4.08,3.2,0.37,40,1.0,0.0936,92.8,18.07,0.1024,0
user_0106,59,58.92,112.3,4.07,3.16,0.35,39,1.0,0.0903,92.61,17.95,0.102,0
user_0107,0,63.14,101.66,3.96,4.14,0.12,40,1.0,0.0889,91.87,18.06,0.1037,0
user_0107,1,62.95,101.62,4.03,4.17,0.13,40,0.99,0.0882,91.98,17.94,0.1053,0
user_0107,2,62.86,101.52,3.9,4.18,0.14,40,1.0,0.0894,92.09,18.03,0.104,0
user_0107,3,62.81,101.39,4.1,4.17,0.12,40,1.0,0.0892,92.05,17.98,0.1065,0
user_0107,4,62.61,101.43,4.06,4.2,0.12,39,1.0,0.0875,91.87,18.16,0.1041,0
user_0107,5,62.91,101.68,4.03,4.14,0.13,39,1.0,0.0872,92.02,18.03,0.1062,0
user_0107,6,62.86,101.31,3.93,4.18,0.13,39,1.0,0.0884,91.86,17.83,0.1037,0
user_0107,7,62.86,101.38,3.96,4.18,0.13,39,1.0,0.0875,91.87,18.1,0.1049,0
user_0107,8,62.98,101.03,4.01,4.2,0.14,40,1.0,0.0913,92.03,17.9,0.1064,0
user_0107,9,63.15,101.19,4.0,4.17,0.11,39,1.0,0.088,92.0,17.99,0.1056,0
user_0107,10,62.96,102.23,4.07,4.16,0.13,39,1.0,0.0871,91.99,17.91,0.1058,0
user_0107,11,62.87,101.43,3.98,4.21,0.17,39,1.0,0.0904,91.91,17.93,0.1057,0
user_0107,12,63.06,101.55,3.98,4.2,0.13,39,1.0,0.0915,91.7,18.08,0.1051,0
user_0107,13,63.21,101.7,3.84,4.2,0.13,39,1.0,0.089,91.79,17.85,0.1055,0
user_0107,14,54.76,121.36,8.6,5.65,1.02,57,0.85,0.2096,84.46,23.08,0.2055,1
user_0107,15,55.03,121.49,8.42,5.7,1.05,57,0.85,0.2124,84.3,23.02,0.2045,1
user_0107,16,54.88,121.43,8.34,5.67,1.04,57,0.86,0.2094,84.41,23.04,0.2046,1
user_0107,17,54.8,121.42,8.46,5.68,1.03,58,0.84,0.208,84.32,22.62,0.2047,1
user_0107,18,54.79,121.73,8.55,5.63,1.03,57,0.85,0.2079,84.34,22.98,0.2055,1
user_0107,19,54.95,121.71,8.55,5.66,1.03,57,0.85,0.2093,84.26,23.11,0.2041,1
user_0107,20,42.92,151.98,15.24,7.88,2.36,85,0.63,0.3898,73.15,30.45,0.3544,3
user_0107,21,42.95,151.86,15.03,7.93,2.38,84,0.63,0.3887,73.17,30.34,0.3549,3
user_0107,22,43.02,151.52,15.23,7.92,2.39,85,0.63,0.391,73.13,30.26,0.3547,3
user_0107,23,42.82,151.6,15.23,7.92,2.38,85,0.63,0.389,73.0,30.59,0.3558,3
user_0107,24,42.91,151.16,15.27,7.9,2.38,84,0.63,0.3892,73.13,30.45,0.3552,3
user_0107,25,42.94,151.76,15.21,7.89,2.38,84,0.62,0.3889,73.04,30.49,0.3558,3
user_0107,26,43.13,151.86,15.25,7.91,2.4,84,0.63,0.3889,72.9,30.57,0.3561,3
user_0107,27,42.89,151.32,15.36,7.91,2.38,85,0.64,0.3897,73.16,30.51,0.3568,3
user_0107,28,43.02,151.83,15.27,7.92,2.38,85,0.62,0.3882,73.19,30.43,0.3553,3
user_0107,29,42.89,151.33,15.27,7.93,2.37,85,0.62,0.391,73.2,30.37,0.356,3
user_0107,30,42.85,151.37,15.3,7.94,2.39,84,0.63,0.3881,73.13,30.54,0.3537,3
user_0107,31,43.01,151.26,15.15,7.93,2.38,84,0.62,0.388,73.17,30.52,0.3542,3
user_0107,32,42.69,151.56,15.33,7.91,2.38,85,0.63,0.3863,73.12,30.52,0.3541,3
user_0107,33,42.9,151.62,15.23,7.88,2.4,85,0.62,0.3902,73.14,30.6,0.3551,3
user_0107,34,42.72,151.35,15.34,7.94,2.37,85,0.63,0.388,73.14,30.28,0.3545,3
user_0107,35,42.91,151.69,15.24,7.91,2.38,85,0.63,0.3896,73.15,30.43,0.3548,3
user_0107,36,42.75,151.25,15.24,7.93,2.38,85,0.62,0.3888,73.24,30.47,0.3558,3
user_0107,37,43.03,151.44,15.2,7.94,2.4,85,0.62,0.3902,73.12,30.37,0.3545,3
user_0107,38,42.91,151.88,15.19,7.89,2.38,84,0.63,0.3898,72.92,30.46,0.3553,3
user_0107,39,42.81,151.42,15.3,7.93,2.38,85,0.63,0.3873,73.04,30.46,0.3545,3
user_0107,40,37.25,165.59,18.39,8.9,3.02,97,0.52,0.472,67.83,33.96,0.4262,4
user_0107,41,37.28,165.89,18.47,8.95,3.01,97,0.52,0.4721,67.97,33.94,0.426,4
user_0107,42,37.2,165.2,18.27,8.95,3.01,97,0.52,0.4718,67.7,34.06,0.4265,4
user_0107,43,37.41,165.45,18.41,8.94,3.01,97,0.52,0.4726,68.06,34.0,0.4261,4
user_0107,44,37.68,165.49,18.41,8.98,3.02,97,0.53,0.4747,67.68,34.14,0.4268,4
user_0107,45,37.52,165.8,18.52,8.98,3.02,97,0.51,0.4709,67.97,34.08,0.4251,4
user_0107,46,37.21,165.33,18.37,8.98,3.04,97,0.52,0.4746,67.89,34.04,0.426,4
user_0107,47,37.51,165.63,18.36,8.97,3.0,97,0.52,0.4755,67.99,33.74,0.4266,4
user_0107,48,37.56,165.38,18.37,9.0,3.02,97,0.52,0.4769,67.97,33.97,0.4266,4
user_0107,49,37.33,165.92,18.44,8.95,3.02,97,0.52,0.4754,68.11,34.04,0.4233,4
user_0107,50,37.47,165.55,18.27,8.98,3.02,97,0.51,0.475,67.94,33.92,0.4258,4
user_0107,51,37.28,165.75,18.42,8.9,3.02,97,0.52,0.471,67.87,33.96,0.4258,4
user_0107,52,37.32,165.64,18.42,8.95,3.01,98,0.52,0.4726,68.03,34.19,0.4266,4
user_0107,53,37.28,165.7,18.44,9.02,3.02,97,0.51,0.471,68.03,34.03,0.4256,4
user_0107,54,37.5,165.83,18.45,8.98,3.02,97,0.52,0.4715,67.79,34.01,0.4253,4
user_0107,55,37.45,165.56,18.34,8.98,3.03,97,0.51,0.4733,67.7,34.0,0.4232,4
user_0107,56,37.28,165.74,18.38,8.99,3.02,97,0.52,0.474,68.02,34.07,0.4256,4
user_0107,57,37.19,165.82,18.39,8.98,3.04,97,0.52,0.473,67.85,33.77,0.4252,4
user_0107,58,37.26,165.69,18.36,8.97,3.03,97,0.51,0.4717,67.96,34.08,0.4243,4
user_0107,59,37.34,165.84,18.53,8.97,3.01,97,0.52,0.475,67.91,34.05,0.4237,4
user_0108,0,72.68,128.14,3.98,3.78,0.3,39,1.0,0.1225,99.88,17.95,0.0687,0
user_0108,1,72.98,127.93,3.92,3.76,0.3,40,1.0,0.1244,99.7,17.91,0.0687,0
user_0108,2,72.9,128.47,4.0,3.76,0.29,40,1.0,0.1227,99.83,18.01,0.0686,0
user_0108,3,72.85,128.21,3.87,3.76,0.3,40,1.0,0.1225,99.96,18.03,0.0689,0
user_0108,4,72.59,128.49,3.88,3.71,0.3,39,1.0,0.1239,99.96,17.94,0.0696,0
user_0108,5,72.77,128.33,3.9,3.77,0.29,40,1.0,0.1242,99.95,18.08,0.0709,0
user_0108,6,72.81,128.48,3.95,3.73,0.3,40,1.01,0.1227,99.85,17.88,0.0678,0
user_0108,7,72.72,128.68,3.98,3.81,0.29,39,1.0,0.125,99.99,18.07,0.0678,0
user_0108,8,72.72,128.42,4.02,3.77,0.29,39,0.99,0.123,99.85,17.99,0.071,0
user_0108,9,72.73,128.17,4.11,3.72,0.28,40,0.99,0.1224,99.85,17.94,0.0686,0
user_0108,10,72.77,128.38,3.95,3.73,0.29,39,1.0,0.1228,99.86,18.08,0.0708,0
user_0108,11,72.79,128.04,3.91,3.79,0.29,39,1.0,0.1269,99.84,18.07,0.0702,0
user_0108,12,72.55,128.37,4.02,3.78,0.29,39,1.0,0.1227,99.86,18.01,0.0709,0
user_0108,13,73.01,128.73,3.93,3.82,0.29,39,1.0,0.1248,99.9,17.92,0.0694,0
user_0108,14,64.78,148.37,8.47,5.25,1.19,58,0.85,0.2462,92.46,23.03,0.1695,1
user_0108,15,64.75,148.28,8.53,5.21,1.2,57,0.85,0.243,92.32,23.25,0.1691,1
user_0108,16,64.78,148.16,8.57,5.23,1.2,58,0.85,0.2444,92.36,23.07,0.1691,1
user_0108,17,64.66,148.15,8.58,5.29,1.21,57,0.85,0.2427,92.24,23.03,0.1697,1
user_0108,18,64.7,148.68,8.43,5.24,1.2,58,0.85,0.2389,92.37,22.93,0.1716,1
user_0108,19,64.96,148.29,8.51,5.28,1.19,57,0.85,0.2455,92.54,23.07,0.1701,1
user_0108,20,52.85,178.35,15.28,7.5,2.53,85,0.63,0.423,81.19,30.41,0.3203,3
user_0108,21,52.71,178.71,15.2,7.56,2.55,84,0.62,0.4228,81.27,30.35,0.3198,3
user_0108,22,52.51,178.01,15.13,7.5,2.53,84,0.62,0.4234,81.06,30.41,0.3218,3
user_0108,23,52.68,177.86,15.32,7.5,2.53,84,0.63,0.424,81.08,30.53,0.3197,3
user_0108,24,52.8,178.13,15.31,7.49,2.54,84,0.63,0.4255,81.15,30.6,0.3197,3
user_0108,25,53.04,178.49,15.14,7.49,2.53,84,0.62,0.4214,81.13,30.29,0.3212,3
user_0108,26,52.74,178.77,15.18,7.51,2.55,85,0.63,0.4217,81.14,30.39,0.3204,3
user_0108,27,52.83,178.63,15.29,7.52,2.53,84,0.63,0.4223,81.02,30.58,0.3195,3
user_0108,28,52.92,178.3,15.26,7.51,2.54,85,0.63,0.4252,81.04,30.47,0.3196,3
user_0108,29,52.69,178.56,15.3,7.48,2.54,84,0.62,0.4245,81.24,30.29,0.3196,3
user_0108,30,52.92,177.94,15.25,7.46,2.54,85,0.63,0.4229,81.25,30.41,0.321,3
user_0108,31,52.78,178.26,15.28,7.52,2.55,85,0.63,0.4234,81.09,30.5,0.3203,3
user_0108,32,52.83,178.19,15.17,7.53,2.56,84,0.63,0.4218,81.23,30.48,0.3201,3
user_0108,33,53.09,178.56,15.19,7.49,2.52,85,0.62,0.421,81.26,30.52,0.3198,3
user_0108,34,52.61,178.59,15.22,7.49,2.54,84,0.63,0.4239,80.93,30.55,0.3221,3
user_0108,35,52.62,177.98,15.39,7.49,2.54,84,0.62,0.4231,81.17,30.41,0.3196,3
user_0108,36,52.6,178.45,15.23,7.51,2.53,85,0.63,0.4231,81.1,30.69,0.3199,3
user_0108,37,52.85,178.71,15.23,7.55,2.52,85,0.62,0.4244,81.21,30.45,0.3205,3
user_0108,38,52.89,178.36,15.18,7.55,2.54,85,0.61,0.4246,81.09,30.49,0.3203,3
user_0108,39,52.47,178.2,15.28,7.47,2.54,84,0.63,0.4244,81.21,30.4,0.3195,3
user_0108,40,47.1,192.49,18.45,8.56,3.17,97,0.53,0.5059,75.75,34.03,0.3888,4
user_0108,41,47.0,192.47,18.32,8.57,3.17,97,0.52,0.5062,75.86,34.16,0.3879,4
user_0108,42,47.22,192.08,18.41,8.56,3.17,98,0.52,0.5075,76.04,33.9,0.3883,4
user_0108,43,47.41,192.4,18.46,8.54,3.16,97,0.51,0.508,76.02,33.82,0.3895,4
user_0108,44,46.81,192.32,18.42,8.57,3.18,97,0.52,0.5082,75.86,34.0,0.3882,4
user_0108,45,47.69,192.48,18.35,8.6,3.19,97,0.52,0.5104,75.78,34.05,0.3892,4
user_0108,46,47.3,192.55,18.42,8.57,3.16,97,0.52,0.5067,75.83,33.92,0.3904,4
user_0108,47,47.17,192.11,18.46,8.59,3.17,97,0.53,0.5103,76.01,33.99,0.3887,4
user_0108,48,46.85,192.67,18.29,8.54,3.17,97,0.51,0.5077,76.06,33.94,0.3902,4
user_0108,49,47.08,192.44,18.39,8.54,3.17,97,0.52,0.5098,75.88,34.04,0.3887,4
user_0108,50,47.26,192.07,18.41,8.55,3.17,97,0.52,0.5076,76.02,33.82,0.3885,4
user_0108,51,47.07,192.43,18.43,8.58,3.17,97,0.52,0.5087,75.81,34.04,0.3896,4
user_0108,52,46.92,192.47,18.6,8.61,3.18,97,0.51,0.5082,76.1,33.95,0.3879,4
user_0108,53,47.29,192.18,18.32,8.57,3.18,97,0.52,0.5096,75.94,34.06,0.3892,4
user_0108,54,47.44,192.5,18.44,8.56,3.16,97,0.52,0.5077,75.93,33.82,0.3908,4
user_0108,55,47.13,192.76,18.44,8.57,3.18,97,0.52,0.5098,75.9,33.99,0.3893,4
user_0108,56,46.97,191.72,18.35,8.57,3.18,97,0.52,0.506,75.99,34.05,0.3883,4
user_0108,57,47.08,192.03,18.46,8.56,3.17,97,0.53,0.5077,75.97,34.0,0.3892,4
user_0108,58,47.49,192.06,18.33,8.57,3.15,97,0.52,0.5061,76.0,34.06,0.3899,4
user_0108,59,47.19,191.89,18.38,8.59,3.16,98,0.52,0.5089,75.91,34.09,0.389,4
user_0109,0,71.6,101.73,3.99,2.99,0.26,40,1.0,0.0779,91.59,18.05,0.1296,0
user_0109,1,72.01,102.1,4.07,3.01,0.29,39,1.0,0.0781,91.63,17.99,0.1289,0
user_0109,2,71.57,101.58,4.11,3.0,0.27,39,1.0,0.0751,91.37,17.84,0.1283,0
user_0109,3,71.69,101.35,4.01,3.04,0.27,39,1.0,0.077,91.48,18.1,0.1289,0
user_0109,4,71.88,101.35,3.89,3.0,0.26,40,1.0,0.0757,91.69,18.03,0.1282,0
user_0109,5,71.51,101.91,4.04,3.02,0.29,40,1.0,0.0795,91.72,18.17,0.1282,0
user_0109,6,71.52,101.8,4.02,3.03,0.28,40,1.0,0.0762,91.61,18.01,0.1278,0
user_0109,7,71.49,102.04,4.04,3.04,0.29,39,1.01,0.0767,91.53,18.26,0.1308,0
user_0109,8,71.72,101.56,3.96,2.99,0.29,40,1.0,0.0793,91.49,18.19,0.1296,0
user_0109,9,71.72,101.58,4.12,3.06,0.28,40,1.0,0.0784,91.44,18.1,0.1259,0
user_0109,10,71.45,101.51,4.0,2.98,0.27,39,1.0,0.0744,91.4,17.91,0.1295,0
user_0109,11,72.02,102.14,3.97,3.02,0.28,39,1.0,0.0766,91.36,17.94,0.1284,0
user_0109,12,71.98,101.93,4.08,3.0,0.29,40,1.0,0.0764,91.59,17.95,0.1303,0
user_0109,13,71.55,101.54,4.01,3.05,0.27,39,1.0,0.0742,91.4,18.11,0.1285,0
user_0109,14,61.86,125.69,9.36,4.81,1.36,61,0.83,0.2203,82.47,24.09,0.2474,1
user_0109,15,61.98,125.47,9.46,4.84,1.36,61,0.81,0.2195,82.56,23.94,0.248,1
user_0109,16,61.85,125.59,9.29,4.81,1.36,61,0.82,0.2193,82.51,23.96,0.2486,1
user_0109,17,62.3,125.73,9.36,4.8,1.35,61,0.82,0.2212,82.61,24.09,0.2496,1
user_0109,18,61.97,125.38,9.55,4.75,1.35,61,0.82,0.2187,82.65,24.02,0.25,1
user_0109,19,62.04,126.06,9.32,4.83,1.36,61,0.82,0.2208,82.46,23.95,0.2474,1
user_0109,20,62.13,125.69,9.37,4.81,1.36,61,0.82,0.2213,82.5,24.07,0.249,2
user_0109,21,61.84,125.71,9.39,4.84,1.35,61,0.83,0.2188,82.57,24.2,0.2469,2
user_0109,22,61.93,125.84,9.43,4.81,1.36,61,0.82,0.2201,82.6,24.2,0.2491,2
user_0109,23,62.18,125.38,9.39,4.78,1.36,61,0.81,0.2228,82.54,24.09,0.2495,2
user_0109,24,62.32,125.92,9.33,4.83,1.33,61,0.82,0.217,82.71,24.13,0.2489,2
user_0109,25,62.17,125.86,9.46,4.84,1.34,61,0.83,0.2193,82.51,23.92,0.2488,2
user_0109,26,62.08,125.82,9.34,4.84,1.35,61,0.82,0.2176,82.57,24.13,0.2484,2
user_0109,27,62.16,125.6,9.48,4.78,1.36,61,0.83,0.2182,82.52,23.94,0.2496,2
user_0109,28,62.01,125.81,9.44,4.78,1.36,61,0.82,0.2195,82.59,23.92,0.248,2
user_0109,29,62.07,126.12,9.43,4.84,1.34,61,0.82,0.2193,82.73,24.02,0.2477,2
user_0109,30,61.93,125.43,9.4,4.8,1.36,62,0.81,0.2211,82.38,24.04,0.2473,2
user_0109,31,61.82,126.41,9.56,4.79,1.38,61,0.81,0.2212,82.63,24.08,0.2468,2
user_0109,32,61.85,126.01,9.31,4.83,1.35,61,0.81,0.2209,82.59,24.16,0.2485,2
user_0109,33,61.99,126.22,9.34,4.8,1.36,61,0.82,0.2202,82.65,23.96,0.2478,2
user_0109,34,62.31,125.99,9.48,4.83,1.35,61,0.82,0.2193,82.66,24.0,0.2494,2
user_0109,35,62.15,126.17,9.46,4.81,1.35,62,0.83,0.2208,82.56,23.82,0.2489,2
user_0109,36,67.54,111.36,6.21,3.76,0.73,48,0.92,0.1357,87.84,20.42,0.178,1
user_0109,37,67.65,111.57,6.1,3.76,0.71,49,0.92,0.1358,87.68,20.47,0.1776,1
user_0109,38,68.05,111.57,6.33,3.74,0.73,49,0.92,0.1359,87.81,20.64,0.1773,1
user_0109,39,67.36,111.56,6.26,3.75,0.74,49,0.92,0.1385,87.83,20.43,0.1783,1
user_0109,40,67.59,111.59,6.2,3.77,0.72,48,0.92,0.1359,87.88,20.42,0.1787,1
user_0109,41,67.4,111.64,6.15,3.8,0.73,48,0.92,0.1342,87.87,20.54,0.177,1
user_0109,42,67.41,112.23,6.35,3.76,0.73,48,0.92,0.1375,87.77,20.57,0.1781,1
user_0109,43,67.68,111.65,6.26,3.78,0.72,49,0.92,0.1364,87.93,20.65,0.1789,1
user_0109,44,67.66,111.79,6.35,3.78,0.74,49,0.93,0.1356,87.82,20.51,0.1783,1
user_0109,45,67.56,111.91,6.3,3.74,0.73,49,0.92,0.1382,87.7,20.54,0.1767,1
user_0109,46,67.72,111.72,6.12,3.75,0.75,49,0.93,0.137,87.89,20.65,0.1782,1
user_0109,47,67.71,111.89,6.26,3.75,0.74,49,0.92,0.1318,87.88,20.46,0.1783,1
user_0109,48,67.68,112.39,6.35,3.75,0.74,48,0.93,0.1349,87.81,20.52,0.1774,1
user_0109,49,67.53,111.23,6.22,3.78,0.75,49,0.92,0.1362,87.78,20.48,0.1794,1
user_0109,50,67.54,112.14,6.26,3.73,0.73,49,0.93,0.1373,87.76,20.45,0.1802,1
user_0109,51,67.63,111.49,6.21,3.71,0.71,48,0.92,0.1351,87.86,20.59,0.1773,1
user_0109,52,67.91,111.8,6.25,3.74,0.73,49,0.92,0.1366,87.73,20.32,0.1769,1
user_0109,53,67.71,111.34,6.16,3.78,0.74,49,0.92,0.1344,87.66,20.49,0.1791,1
user_0109,54,67.56,111.99,6.37,3.77,0.72,49,0.93,0.1352,87.72,20.61,0.177,1
user_0109,55,67.65,111.62,6.22,3.8,0.72,49,0.93,0.1343,87.87,20.46,0.1772,1
user_0109,56,67.55,111.79,6.27,3.74,0.73,48,0.92,0.1341,87.78,20.42,0.1805,1
user_0109,57,67.68,111.37,6.19,3.77,0.73,48,0.92,0.1371,87.82,20.56,0.1782,1
user_0109,58,67.49,111.45,6.32,3.81,0.73,49,0.92,0.1361,87.78,20.54,0.1785,1
user_0109,59,68.04,111.97,6.35,3.76,0.71,49,0.93,0.1383,87.78,20.36,0.1782,1
user_0110,0,48.7,128.04,3.88,4.32,0.24,40,1.0,0.1115,96.92,18.17,0.1447,0
user_0110,1,48.18,127.87,3.97,4.36,0.25,39,1.01,0.1127,97.01,18.1,0.1432,0
user_0110,2,48.44,128.45,4.0,4.38,0.26,39,1.01,0.1145,96.92,18.06,0.1437,0
user_0110,3,48.35,128.04,3.9,4.4,0.25,40,1.0,0.114,96.82,18.08,0.1419,0
user_0110,4,48.43,127.74,4.02,4.34,0.26,39,0.99,0.1143,96.85,17.97,0.1427,0
user_0110,5,48.44,127.53,4.0,4.36,0.24,39,1.01,0.1129,96.86,18.12,0.1437,0
user_0110,6,48.44,127.66,3.98,4.41,0.26,39,1.0,0.1109,97.01,17.89,0.144,0
user_0110,7,48.4,127.77,3.98,4.36,0.24,40,1.0,0.1167,96.78,18.1,0.143,0
user_0110,8,48.33,128.13,4.08,4.4,0.25,39,1.01,0.1159,96.96,17.8,0.1432,0
user_0110,9,48.34,127.81,3.94,4.35,0.26,40,1.0,0.1154,96.84,18.05,0.1441,0
user_0110,10,48.4,127.55,4.11,4.36,0.25,40,0.99,0.1171,96.81,17.99,0.145,0
user_0110,11,48.22,127.79,4.06,4.39,0.24,39,1.0,0.1158,96.92,18.0,0.1434,0
user_0110,12,48.42,127.96,4.04,4.4,0.25,40,1.0,0.116,96.97,18.16,0.1416,0
user_0110,13,48.39,127.95,3.95,4.4,0.23,39,0.99,0.1142,96.86,18.03,0.1458,0
user_0110,14,39.0,151.53,9.44,6.15,1.34,61,0.83,0.2613,88.04,23.98,0.2633,1
user_0110,15,38.6,151.97,9.43,6.12,1.34,61,0.81,0.2591,87.8,23.93,0.2627,1
user_0110,16,38.67,151.61,9.38,6.18,1.32,61,0.81,0.2601,87.9,24.04,0.2631,1
user_0110,17,39.02,151.83,9.48,6.19,1.33,61,0.82,0.2584,88.08,24.1,0.2639,1
user_0110,18,38.72,151.66,9.29,6.15,1.32,61,0.82,0.2588,88.02,24.13,0.2634,1
user_0110,19,38.78,151.52,9.5,6.19,1.32,61,0.81,0.2581,87.94,24.03,0.2644,1
user_0110,20,38.67,152.01,9.46,6.16,1.32,61,0.82,0.2558,87.92,24.01,0.2632,2
user_0110,21,38.74,151.86,9.41,6.18,1.31,61,0.81,0.2581,88.04,24.02,0.2631,2
user_0110,22,38.69,151.75,9.36,6.17,1.32,61,0.82,0.2571,87.78,24.0,0.2622,2
user_0110,23,38.79,152.11,9.39,6.16,1.31,61,0.82,0.2579,87.94,24.06,0.2611,2
user_0110,24,38.98,151.56,9.54,6.15,1.33,61,0.82,0.2601,88.06,23.97,0.2626,2
user_0110,25,38.61,152.15,9.3,6.17,1.33,61,0.82,0.2587,87.91,23.86,0.2629,2
user_0110,26,38.69,152.05,9.42,6.14,1.31,61,0.82,0.2603,87.97,23.9,0.2629,2
user_0110,27,38.46,151.9,9.45,6.14,1.32,60,0.82,0.2606,87.93,23.93,0.2626,2
user_0110,28,38.72,152.06,9.36,6.14,1.35,61,0.81,0.2575,87.95,23.96,0.263,2
user_0110,29,38.79,151.58,9.42,6.18,1.32,61,0.82,0.2596,87.93,24.09,0.2659,2
user_0110,30,38.9,152.07,9.36,6.15,1.33,61,0.83,0.2599,87.88,24.05,0.2657,2
user_0110,31,38.83,152.04,9.42,6.17,1.33,62,0.81,0.2594,87.92,24.11,0.2646,2
user_0110,32,38.92,151.65,9.5,6.15,1.34,61,0.82,0.2582,87.73,24.19,0.2639,2
user_0110,33,38.74,152.0,9.37,6.14,1.32,61,0.82,0.2591,88.06,24.04,0.2634,2
user_0110,34,38.46,151.98,9.35,6.17,1.33,61,0.82,0.2593,87.82,24.23,0.2636,2
user_0110,35,38.89,151.84,9.34,6.21,1.32,61,0.82,0.2582,87.87,23.96,0.264,2
user_0110,36,44.43,137.96,6.22,5.13,0.68,48,0.92,0.1744,93.16,20.48,0.1941,1
user_0110,37,44.33,137.76,6.34,5.14,0.7,49,0.92,0.1745,93.25,20.56,0.1924,1
user_0110,38,44.19,138.04,6.33,5.13,0.72,49,0.92,0.1769,93.11,20.54,0.1923,1
user_0110,39,44.56,137.76,6.42,5.12,0.7,48,0.93,0.1754,93.13,20.66,0.1929,1
user_0110,40,44.18,137.84,6.25,5.11,0.71,49,0.93,0.1766,93.26,20.58,0.192,1
user_0110,41,44.52,138.06,6.37,5.1,0.69,48,0.93,0.1733,93.05,20.44,0.1921,1
user_0110,42,44.14,137.7,6.26,5.11,0.71,48,0.93,0.1745,93.35,20.51,0.1935,1
user_0110,43,44.37,137.94,6.33,5.13,0.7,48,0.93,0.1781,93.25,20.61,0.1942,1
user_0110,44,44.47,137.24,6.18,5.11,0.7,49,0.93,0.1729,93.21,20.51,0.194,1
user_0110,45,44.22,137.89,6.1,5.07,0.72,48,0.92,0.1721,93.16,20.66,0.1935,1
user_0110,46,44.48,137.68,6.19,5.12,0.7,48,0.93,0.1759,92.98,20.45,0.1942,1
user_0110,47,44.31,138.24,6.3,5.09,0.69,48,0.92,0.174,93.09,20.48,0.194,1
user_0110,48,44.48,137.92,6.1,5.12,0.69,49,0.92,0.1735,93.16,20.6,0.1903,1
user_0110,49,44.5,138.15,6.1,5.1,0.69,48,0.92,0.1751,93.14,20.34,0.1923,1
user_0110,50,44.37,137.86,6.21,5.08,0.69,49,0.92,0.1745,92.99,20.39,0.1946,1
user_0110,51,44.24,138.27,6.24,5.15,0.68,49,0.92,0.1746,93.1,20.48,0.1939,1
user_0110,52,44.25,137.64,6.27,5.11,0.67,49,0.93,0.1727,93.08,20.38,0.1949,1
user_0110,53,44.29,137.97,6.33,5.13,0.7,49,0.92,0.1756,93.16,20.47,0.1937,1
user_0110,54,44.58,138.11,6.23,5.12,0.69,48,0.93,0.1751,93.22,20.52,0.193,1
user_0110,55,44.3,137.79,6.27,5.12,0.7,49,0.92,0.1737,93.21,20.61,0.1924,1
user_0110,56,44.44,138.12,6.18,5.12,0.7,48,0.92,0.1753,93.26,20.51,0.1923,1
user_0110,57,44.58,137.62,6.16,5.13,0.71,48,0.92,0.1765,92.92,20.32,0.1938,1
user_0110,58,44.26,137.8,6.12,5.12,0.69,49,0.93,0.1774,93.28,20.51,0.1937,1
user_0110,59,44.19,137.92,6.21,5.13,0.7,49,0.92,0.1758,93.29,20.49,0.1934,1
user_0111,0,59.02,120.4,4.13,5.02,0.25,39,1.0,0.1146,92.79,18.09,0.1226,0
user_0111,1,59.01,120.11,4.04,5.04,0.25,40,1.0,0.1142,92.84,18.0,0.1209,0
user_0111,2,59.13,120.26,3.95,5.03,0.26,39,1.0,0.1143,92.83,18.0,0.1222,0
user_0111,3,59.12,120.58,4.09,4.98,0.27,39,1.0,0.116,92.82,18.15,0.123,0
user_0111,4,59.11,120.99,3.93,5.02,0.27,39,1.0,0.117,92.83,18.09,0.1216,0
user_0111,5,59.35,119.85,4.08,5.02,0.25,39,0.99,0.116,92.82,17.81,0.1224,0
user_0111,6,59.07,120.97,4.06,4.96,0.26,40,0.99,0.1143,92.88,17.95,0.1238,0
user_0111,7,59.07,120.45,3.93,4.99,0.26,39,0.99,0.1158,92.89,17.97,0.1234,0
user_0111,8,59.04,120.38,4.08,5.01,0.26,39,1.0,0.1169,92.84,17.87,0.1233,0
user_0111,9,59.2,120.59,4.01,5.03,0.25,39,1.0,0.116,92.97,18.15,0.121,0
user_0111,10,59.12,120.37,3.97,5.08,0.25,39,1.0,0.1156,92.68,17.9,0.1223,0
user_0111,11,58.84,120.68,4.04,4.98,0.26,40,0.99,0.1131,92.78,18.27,0.1233,0
user_0111,12,58.95,120.11,3.94,5.06,0.28,39,1.0,0.1151,93.01,17.89,0.1232,0
user_0111,13,58.84,120.68,3.94,5.01,0.25,40,1.0,0.1149,92.8,18.13,0.1189,0
user_0111,14,51.12,140.2,8.67,6.59,1.16,57,0.85,0.2345,85.3,23.02,0.2229,1
user_0111,15,51.07,140.51,8.45,6.49,1.15,58,0.85,0.2358,85.41,22.99,0.2224,1
user_0111,16,51.24,140.63,8.49,6.51,1.17,58,0.85,0.2335,85.55,22.89,0.2225,1
user_0111,17,51.32,140.35,8.5,6.54,1.15,57,0.85,0.2356,85.39,23.14,0.2213,1
user_0111,18,51.02,140.82,8.48,6.57,1.16,57,0.85,0.2359,85.34,23.04,0.2221,1
user_0111,19,51.24,140.57,8.5,6.51,1.17,58,0.85,0.2344,85.45,22.95,0.2219,1
user_0111,20,39.13,170.71,15.29,8.79,2.52,85,0.63,0.4182,74.11,30.39,0.3697,3
user_0111,21,39.34,170.93,15.18,8.8,2.52,85,0.63,0.4144,74.14,30.53,0.3723,3
user_0111,22,39.04,170.76,15.33,8.79,2.52,85,0.63,0.4137,74.14,30.57,0.3728,3
user_0111,23,39.1,170.67,15.36,8.74,2.51,84,0.63,0.4166,74.03,30.5,0.3707,3
user_0111,24,39.19,170.3,15.17,8.76,2.52,85,0.62,0.4153,74.1,30.41,0.3704,3
user_0111,25,39.04,170.59,15.25,8.82,2.51,84,0.63,0.4161,74.1,30.49,0.3722,3
user_0111,26,39.15,170.27,15.07,8.76,2.53,85,0.62,0.4165,74.15,30.46,0.3712,3
user_0111,27,38.92,170.3,15.39,8.78,2.5,84,0.62,0.4148,74.13,30.49,0.3723,3
user_0111,28,38.75,170.64,15.21,8.79,2.53,84,0.63,0.4149,74.17,30.29,0.3719,3
user_0111,29,38.92,170.85,15.39,8.76,2.5,84,0.63,0.4134,74.18,30.48,0.3726,3
user_0111,30,39.1,170.78,15.3,8.78,2.51,84,0.63,0.4164,74.12,30.67,0.3708,3
user_0111,31,38.93,170.28,15.25,8.75,2.5,84,0.63,0.4166,74.06,30.46,0.3715,3
user_0111,32,38.86,170.55,15.15,8.78,2.53,85,0.63,0.4164,74.08,30.54,0.3726,3
user_0111,33,38.95,169.81,15.17,8.74,2.52,84,0.63,0.4179,74.24,30.45,0.3702,3
user_0111,34,39.17,170.25,15.31,8.78,2.51,84,0.63,0.4131,74.16,30.55,0.3716,3
user_0111,35,38.82,170.85,15.21,8.76,2.52,84,0.62,0.4185,74.06,30.62,0.3724,3
user_0111,36,39.07,170.31,15.24,8.81,2.52,84,0.62,0.4161,74.19,30.58,0.3722,3
user_0111,37,38.92,170.24,15.08,8.81,2.48,84,0.62,0.4146,74.19,30.27,0.3726,3
user_0111,38,39.18,170.33,15.46,8.71,2.49,84,0.62,0.4157,74.22,30.37,0.3709,3
user_0111,39,38.94,170.7,15.31,8.77,2.51,84,0.63,0.4156,73.99,30.35,0.372,3
user_0111,40,33.55,184.17,18.43,9.77,3.14,97,0.51,0.4987,68.75,33.97,0.4427,4
user_0111,41,33.51,183.94,18.44,9.83,3.14,97,0.52,0.5019,68.94,34.1,0.4413,4
user_0111,42,33.37,184.11,18.35,9.85,3.14,97,0.52,0.4986,68.89,33.94,0.4424,4
user_0111,43,33.39,184.16,18.48,9.86,3.15,97,0.52,0.4998,68.71,33.95,0.4408,4
user_0111,44,33.29,184.52,18.4,9.79,3.14,97,0.52,0.4964,68.81,34.15,0.4411,4
user_0111,45,33.28,184.31,18.5,9.83,3.13,97,0.52,0.5002,68.88,34.02,0.4419,4
user_0111,46,33.64,184.43,18.35,9.84,3.15,97,0.5,0.5003,68.84,34.0,0.4434,4
user_0111,47,33.3,184.16,18.3,9.87,3.15,97,0.51,0.4973,68.95,34.04,0.442,4
user_0111,48,33.24,184.7,18.53,9.83,3.13,97,0.52,0.5019,68.84,34.21,0.4418,4
user_0111,49,33.35,184.65,18.39,9.83,3.13,97,0.52,0.5,68.8,34.11,0.4421,4
user_0111,50,33.7,184.18,18.43,9.83,3.14,97,0.52,0.4976,68.91,33.9,0.4417,4
user_0111,51,33.49,184.68,18.3,9.86,3.15,97,0.51,0.5018,68.93,34.05,0.4416,4
user_0111,52,33.47,184.28,18.49,9.85,3.14,97,0.52,0.5005,68.76,33.97,0.4444,4
user_0111,53,33.44,184.5,18.44,9.8,3.15,97,0.53,0.497,68.92,34.02,0.4408,4
user_0111,54,33.41,184.54,18.4,9.82,3.14,97,0.53,0.5,68.91,33.87,0.4419,4
user_0111,55,33.37,184.43,18.38,9.8,3.14,97,0.52,0.5007,68.93,34.09,0.443,4
user_0111,56,33.25,184.81,18.47,9.77,3.13,97,0.52,0.4987,68.88,34.17,0.4437,4
user_0111,57,33.3,184.55,18.54,9.8,3.15,97,0.52,0.5018,68.84,33.99,0.4419,4
user_0111,58,33.6,184.68,18.34,9.82,3.14,97,0.52,0.5016,68.96,33.91,0.4427,4
user_0111,59,33.52,184.26,18.43,9.82,3.13,96,0.53,0.4993,68.89,33.9,0.4417,4
user_0112,0,77.32,138.85,4.03,2.55,0.31,39,1.0,0.1389,94.3,18.04,0.1396,0
user_0112,1,77.45,139.21,4.03,2.5,0.3,39,1.0,0.1367,94.44,17.81,0.1422,0
user_0112,2,77.24,139.07,4.04,2.51,0.31,39,1.0,0.1369,94.34,18.02,0.1417,0
user_0112,3,76.99,139.46,4.02,2.55,0.31,40,0.99,0.1392,94.28,17.98,0.1425,0
user_0112,4,77.44,139.03,3.99,2.53,0.32,39,1.0,0.1372,94.29,18.08,0.1398,0
user_0112,5,77.18,139.2,4.02,2.51,0.29,40,1.0,0.1383,94.3,17.95,0.1391,0
user_0112,6,77.29,138.86,3.95,2.58,0.33,39,1.0,0.1388,94.37,18.12,0.1408,0
user_0112,7,77.56,139.53,3.95,2.51,0.31,40,1.01,0.1374,94.38,18.07,0.1408,0
user_0112,8,77.42,139.22,3.83,2.52,0.31,39,1.0,0.1354,94.46,17.94,0.1389,0
user_0112,9,77.45,139.32,3.87,2.48,0.29,39,1.0,0.1383,94.46,17.95,0.1388,0
user_0112,10,77.39,139.32,3.95,2.49,0.31,39,0.99,0.1354,94.31,18.12,0.1397,0
user_0112,11,77.25,139.23,4.02,2.48,0.3,40,1.0,0.1383,94.46,17.9,0.1416,0
user_0112,12,77.23,139.04,3.97,2.55,0.32,39,1.0,0.1338,94.48,17.91,0.141,0
user_0112,13,77.44,138.87,4.07,2.5,0.29,40,1.0,0.1388,94.26,17.78,0.14,0
user_0112,14,77.3,138.91,3.93,2.51,0.29,39,1.0,0.1392,94.25,17.99,0.1422,0
user_0112,15,77.45,139.27,3.9,2.55,0.3,39,1.0,0.1369,94.43,18.08,0.1412,0
user_0112,16,77.27,139.63,4.27,2.52,0.32,40,1.0,0.1377,94.34,17.93,0.1398,0
user_0112,17,77.39,139.38,4.01,2.51,0.31,39,1.0,0.1372,94.32,18.12,0.1393,0
user_0112,18,77.26,139.07,4.03,2.5,0.29,40,1.0,0.1366,94.44,18.13,0.1409,0
user_0112,19,77.3,139.29,3.89,2.52,0.31,39,1.01,0.1366,94.45,17.99,0.1393,0
user_0112,20,77.15,139.04,4.02,2.47,0.29,39,1.0,0.1374,94.37,17.94,0.1393,0
user_0112,21,77.39,139.23,4.1,2.52,0.3,39,1.0,0.1363,94.36,18.02,0.1409,0
user_0112,22,77.29,139.31,3.92,2.57,0.29,39,0.98,0.1348,94.36,17.98,0.1404,0
user_0112,23,77.41,139.34,4.02,2.5,0.29,39,1.0,0.1394,94.4,17.95,0.1393,0
user_0112,24,77.41,139.24,4.02,2.5,0.29,40,1.0,0.1364,94.48,18.06,0.1418,0
user_0112,25,77.43,139.19,4.08,2.52,0.31,39,1.0,0.1372,94.47,18.01,0.1407,0
user_0112,26,77.33,138.81,4.01,2.53,0.3,40,1.0,0.136,94.37,18.09,0.1399,0
user_0112,27,77.44,139.23,3.98,2.54,0.3,40,1.01,0.1399,94.33,18.07,0.1419,0
user_0112,28,77.58,139.12,3.95,2.53,0.31,39,1.0,0.1386,94.43,18.02,0.1398,0
user_0112,29,77.15,139.22,4.01,2.48,0.31,40,1.0,0.1386,94.4,17.97,0.1417,0
user_0112,30,77.43,138.94,3.92,2.55,0.3,39,1.0,0.14,94.2,18.03,0.1421,0
user_0112,31,77.47,139.26,3.94,2.51,0.31,39,1.0,0.1402,94.41,18.06,0.1405,0
user_0112,32,77.25,139.31,3.9,2.53,0.29,40,0.99,0.1384,94.56,17.96,0.14,0
user_0112,33,77.33,139.32,3.88,2.51,0.32,40,1.0,0.1367,94.48,18.11,0.141,0
user_0112,34,77.45,138.89,3.98,2.53,0.31,40,0.99,0.1377,94.19,17.99,0.1403,0
user_0112,35,77.17,139.17,3.91,2.51,0.29,40,0.99,0.138,94.21,17.99,0.1411,0
user_0112,36,77.35,139.14,3.92,2.5,0.31,39,1.01,0.1381,94.63,17.88,0.1378,0
user_0112,37,77.31,138.9,4.03,2.52,0.32,40,0.99,0.1374,94.49,18.11,0.1405,0
user_0112,38,77.31,139.62,3.97,2.54,0.32,40,1.01,0.1384,94.38,18.08,0.1403,0
user_0112,39,77.5,138.86,4.0,2.5,0.29,39,0.99,0.1365,94.41,18.1,0.1401,0
user_0112,40,77.06,139.12,4.08,2.47,0.3,39,0.99,0.1362,94.53,18.07,0.1394,0
user_0112,41,77.46,139.24,4.13,2.52,0.3,39,1.0,0.1372,94.44,17.93,0.1412,0
user_0112,42,77.52,139.23,4.07,2.52,0.31,39,1.01,0.1365,94.42,17.9,0.1414,0
user_0112,43,77.32,139.31,3.91,2.49,0.3,40,1.0,0.1369,94.32,17.87,0.1412,0
user_0112,44,77.19,139.28,3.89,2.52,0.32,40,1.0,0.1389,94.33,17.93,0.1409,0
user_0112,45,77.28,139.0,3.9,2.49,0.31,40,1.01,0.139,94.43,18.09,0.1395,0
user_0112,46,77.43,139.15,4.17,2.55,0.31,39,1.02,0.1371,94.33,18.09,0.1391,0
user_0112,47,77.21,138.99,4.02,2.52,0.3,39,0.98,0.1371,94.41,18.11,0.1405,0
user_0112,48,77.45,139.12,4.16,2.52,0.31,39,1.0,0.138,94.51,17.95,0.1407,0
user_0112,49,77.57,139.68,4.09,2.53,0.29,39,0.99,0.1382,94.38,18.07,0.1403,0
user_0112,50,77.23,139.06,4.12,2.55,0.31,40,1.01,0.1367,94.33,17.91,0.1403,0
user_0112,51,77.46,139.05,3.93,2.55,0.31,39,0.99,0.1386,94.27,18.02,0.1413,0
user_0112,52,77.51,138.94,4.08,2.52,0.31,39,0.99,0.1402,94.56,17.81,0.1414,0
user_0112,53,77.28,139.44,3.88,2.51,0.31,39,0.99,0.1369,94.27,17.99,0.1403,0
user_0112,54,77.42,139.32,3.96,2.54,0.29,39,0.99,0.1371,94.53,18.0,0.1396,0
user_0112,55,77.02,138.71,3.97,2.51,0.31,40,1.0,0.1365,94.46,18.05,0.1416,0
user_0112,56,77.21,139.31,4.05,2.51,0.29,40,1.0,0.1387,94.38,18.0,0.1402,0
user_0112,57,77.31,139.61,4.04,2.48,0.31,39,1.01,0.1394,94.56,17.82,0.1394,0
user_0112,58,77.22,138.92,3.93,2.49,0.3,40,1.0,0.1389,94.43,18.03,0.1418,0
user_0112,59,77.47,139.26,3.86,2.55,0.29,39,0.99,0.1401,94.33,18.01,0.1388,0
user_0113,0,61.32,125.97,4.07,3.3,0.29,40,1.0,0.1087,91.8,17.94,0.1429,0
user_0113,1,61.62,126.25,3.98,3.33,0.3,40,0.99,0.1057,91.71,18.01,0.1435,0
user_0113,2,61.56,126.16,4.11,3.25,0.3,39,0.99,0.1064,91.49,17.94,0.1434,0
user_0113,3,61.63,126.61,3.94,3.27,0.31,38,1.0,0.1061,91.56,17.99,0.1431,0
user_0113,4,61.37,126.29,4.05,3.28,0.29,40,1.0,0.1066,91.82,17.84,0.1417,0
user_0113,5,61.66,126.35,3.87,3.27,0.31,39,1.0,0.1069,91.75,17.97,0.1442,0
user_0113,6,61.45,126.29,3.93,3.27,0.32,40,1.0,0.1089,91.62,17.99,0.1435,0
user_0113,7,61.5,125.55,3.98,3.33,0.3,40,1.0,0.1053,91.68,17.97,0.1426,0
user_0113,8,61.77,125.81,3.95,3.36,0.31,40,0.99,0.1064,91.54,17.99,0.1435,0
user_0113,9,61.5,126.43,4.07,3.27,0.31,39,1.01,0.1063,91.61,18.15,0.1435,0
user_0113,10,61.8,125.81,4.0,3.31,0.31,40,1.0,0.1073,91.58,18.06,0.1442,0
user_0113,11,61.52,126.17,4.06,3.36,0.31,40,1.0,0.1064,91.67,18.08,0.1445,0
user_0113,12,61.62,125.86,3.98,3.28,0.29,40,1.0,0.1052,91.62,18.03,0.144,0
user_0113,13,61.7,125.95,4.03,3.3,0.31,40,1.02,0.1086,91.67,18.0,0.1428,0
user_0113,14,51.9,150.21,9.42,5.17,1.37,61,0.82,0.2499,82.69,23.95,0.2634,1
user_0113,15,52.1,150.0,9.37,5.11,1.38,61,0.82,0.2522,82.69,23.96,0.2646,1
user_0113,16,52.1,150.48,9.47,5.13,1.37,61,0.82,0.2518,82.64,23.9,0.264,1
user_0113,17,52.09,149.8,9.43,5.13,1.37,61,0.83,0.2527,82.47,24.11,0.2634,1
user_0113,18,51.97,150.77,9.42,5.09,1.39,62,0.82,0.2498,82.66,24.11,0.2634,1
user_0113,19,52.2,150.1,9.26,5.14,1.38,61,0.82,0.2507,82.73,23.98,0.2655,1
user_0113,20,52.03,150.59,9.45,5.04,1.37,61,0.82,0.2486,82.78,23.84,0.2645,2
user_0113,21,51.98,150.32,9.42,5.05,1.38,61,0.82,0.2511,82.63,23.89,0.2642,2
user_0113,22,52.16,150.22,9.38,5.09,1.37,61,0.82,0.2519,82.59,24.01,0.2624,2
user_0113,23,51.98,150.0,9.48,5.14,1.37,61,0.82,0.2498,82.58,23.92,0.2633,2
user_0113,24,51.98,150.1,9.36,5.12,1.38,61,0.82,0.2498,82.7,24.01,0.2639,2
user_0113,25,52.16,150.13,9.5,5.05,1.37,62,0.82,0.2511,82.78,24.03,0.2646,2
user_0113,26,52.13,150.39,9.44,5.12,1.37,61,0.82,0.2505,82.49,23.96,0.2636,2
user_0113,27,52.27,150.07,9.42,5.14,1.37,61,0.82,0.2543,82.46,23.99,0.2643,2
user_0113,28,52.16,150.7,9.35,5.1,1.36,61,0.82,0.2537,82.83,24.15,0.263,2
user_0113,29,52.1,150.24,9.44,5.1,1.39,61,0.82,0.2528,82.87,23.92,0.2643,2
user_0113,30,52.1,150.44,9.52,5.09,1.38,61,0.82,0.2518,82.62,24.19,0.2619,2
user_0113,31,51.85,150.29,9.39,5.09,1.39,61,0.83,0.2491,82.74,24.08,0.2627,2
user_0113,32,52.04,150.38,9.5,5.1,1.37,61,0.82,0.2478,82.63,24.11,0.2625,2
user_0113,33,52.05,150.06,9.4,5.09,1.38,61,0.82,0.2501,82.77,24.0,0.2625,2
user_0113,34,51.9,149.85,9.32,5.07,1.37,61,0.82,0.2486,82.57,24.08,0.2635,2
user_0113,35,51.78,150.15,9.43,5.11,1.4,61,0.83,0.2506,82.7,23.93,0.263,2
user_0113,36,57.45,135.77,6.3,4.04,0.77,48,0.93,0.1667,87.72,20.37,0.1922,1
user_0113,37,57.85,136.46,6.39,4.0,0.73,49,0.92,0.1676,87.86,20.45,0.1919,1
user_0113,38,57.55,136.23,6.18,4.05,0.74,48,0.92,0.1673,87.99,20.68,0.1945,1
user_0113,39,57.69,136.58,6.27,4.07,0.76,49,0.92,0.1664,87.85,20.45,0.1948,1
user_0113,40,57.47,136.17,6.25,4.02,0.76,48,0.92,0.1665,88.05,20.55,0.194,1
user_0113,41,57.84,136.07,6.4,4.06,0.75,48,0.93,0.1674,87.88,20.45,0.1957,1
user_0113,42,57.51,136.23,6.25,4.07,0.73,49,0.93,0.1638,87.81,20.56,0.1936,1
user_0113,43,57.74,136.33,6.27,4.1,0.76,48,0.93,0.1666,87.96,20.62,0.1953,1
user_0113,44,57.65,136.35,6.17,4.04,0.74,49,0.93,0.1714,87.99,20.61,0.192,1
user_0113,45,57.37,135.92,6.16,4.06,0.77,49,0.92,0.1671,87.83,20.45,0.1935,1
user_0113,46,57.69,135.72,6.1,4.03,0.75,48,0.93,0.1679,87.97,20.59,0.1941,1
user_0113,47,57.71,136.45,6.33,4.06,0.77,49,0.92,0.1644,87.83,20.62,0.1937,1
user_0113,48,57.71,136.16,6.16,4.04,0.74,48,0.92,0.1673,87.99,20.5,0.1917,1
user_0113,49,57.43,136.3,6.19,4.03,0.75,48,0.91,0.1652,87.86,20.44,0.1944,1
user_0113,50,57.65,136.14,6.34,4.01,0.76,49,0.92,0.166,88.04,20.47,0.1941,1
user_0113,51,57.68,136.26,6.17,4.06,0.74,48,0.93,0.1659,87.84,20.52,0.1951,1
user_0113,52,57.99,136.43,6.33,4.05,0.77,49,0.92,0.1672,87.93,20.37,0.193,1
user_0113,53,57.69,135.94,6.3,4.05,0.76,48,0.93,0.1639,87.74,20.42,0.194,1
user_0113,54,57.52,136.32,6.28,4.04,0.75,48,0.93,0.1658,87.94,20.64,0.1925,1
user_0113,55,57.53,135.98,6.27,4.07,0.73,48,0.93,0.1679,87.82,20.57,0.194,1
user_0113,56,57.9,136.69,6.31,4.04,0.75,49,0.93,0.1672,87.96,20.6,0.1959,1
user_0113,57,57.36,136.46,6.26,4.03,0.73,49,0.93,0.165,87.9,20.6,0.1953,1
user_0113,58,57.65,136.17,6.3,4.08,0.75,49,0.92,0.1664,87.84,20.4,0.1925,1
user_0113,59,57.5,135.91,6.27,4.06,0.74,48,0.94,0.1659,87.85,20.34,0.1942,1
user_0114,0,74.83,113.36,4.06,3.68,0.33,39,1.01,0.1079,88.85,18.1,0.1383,0
user_0114,1,74.53,112.82,4.04,3.76,0.33,39,1.0,0.1083,89.11,18.14,0.1394,0
user_0114,2,74.23,112.69,3.99,3.69,0.33,39,0.99,0.1067,88.93,17.98,0.1405,0
user_0114,3,74.74,113.46,4.05,3.77,0.32,39,1.0,0.1063,89.01,18.02,0.1394,0
user_0114,4,74.69,113.15,3.99,3.73,0.32,39,1.0,0.1071,89.01,17.97,0.1396,0
user_0114,5,74.73,112.86,4.01,3.69,0.32,40,1.0,0.1065,89.07,18.02,0.1408,0
user_0114,6,74.65,113.11,4.07,3.72,0.33,40,1.01,0.1088,89.2,18.1,0.1394,0
user_0114,7,74.61,112.97,3.97,3.73,0.33,39,1.0,0.1039,88.98,18.08,0.1393,0
user_0114,8,74.76,113.31,3.86,3.73,0.33,40,0.99,0.1076,89.16,18.15,0.1393,0
user_0114,9,74.69,113.23,4.14,3.74,0.33,40,0.99,0.1054,89.01,18.08,0.138,0
user_0114,10,74.62,112.96,3.9,3.7,0.33,40,1.0,0.1058,88.98,18.02,0.1378,0
user_0114,11,74.58,113.24,3.91,3.75,0.32,40,1.0,0.1073,89.01,17.97,0.1403,0
user_0114,12,74.34,113.32,4.04,3.72,0.33,39,1.0,0.106,89.18,17.93,0.1376,0
user_0114,13,74.58,113.12,3.97,3.69,0.32,39,1.0,0.1033,89.14,18.15,0.1384,0
user_0114,14,66.35,132.88,8.55,5.22,1.23,58,0.85,0.2277,81.6,23.03,0.2382,1
user_0114,15,66.56,132.99,8.53,5.25,1.22,57,0.86,0.2286,81.35,22.98,0.2397,1
user_0114,16,66.55,132.98,8.37,5.22,1.21,57,0.85,0.2278,81.56,23.21,0.2412,1
user_0114,17,66.39,133.15,8.6,5.24,1.24,58,0.84,0.228,81.55,22.92,0.2391,1
user_0114,18,66.61,132.79,8.62,5.21,1.22,58,0.84,0.2252,81.52,23.0,0.2393,1
user_0114,19,66.59,133.06,8.44,5.29,1.25,57,0.85,0.2271,81.53,22.74,0.2388,1
user_0114,20,54.22,162.98,15.3,7.48,2.56,84,0.63,0.4077,70.27,30.53,0.3888,3
user_0114,21,54.46,163.01,15.25,7.43,2.57,85,0.62,0.4047,70.26,30.43,0.3898,3
user_0114,22,54.58,163.08,15.17,7.45,2.57,84,0.63,0.4065,70.37,30.49,0.3895,3
user_0114,23,54.43,163.07,15.28,7.47,2.6,84,0.62,0.4049,70.41,30.64,0.3891,3
user_0114,24,54.56,163.4,15.34,7.42,2.58,85,0.63,0.4033,70.48,30.57,0.388,3
user_0114,25,54.47,163.32,15.22,7.51,2.59,85,0.62,0.4067,70.47,30.57,0.3902,3
user_0114,26,54.35,163.04,15.25,7.47,2.59,84,0.63,0.4064,70.4,30.53,0.3889,3
user_0114,27,54.24,163.1,15.25,7.47,2.59,85,0.62,0.4053,70.28,30.39,0.3892,3
user_0114,28,54.55,162.95,15.23,7.45,2.6,85,0.62,0.4046,69.96,30.36,0.3904,3
user_0114,29,54.53,163.2,15.29,7.46,2.59,85,0.62,0.406,70.37,30.58,0.388,3
user_0114,30,54.74,163.21,15.22,7.45,2.58,84,0.62,0.4066,70.14,30.26,0.3895,3
user_0114,31,54.63,163.35,15.34,7.43,2.58,85,0.63,0.4061,70.31,30.61,0.3894,3
user_0114,32,54.6,162.96,15.19,7.43,2.56,85,0.62,0.4059,70.33,30.68,0.3895,3
user_0114,33,54.37,163.15,15.31,7.43,2.59,84,0.63,0.4059,70.16,30.56,0.3887,3
user_0114,34,54.2,163.06,15.37,7.45,2.56,84,0.62,0.4084,70.08,30.47,0.3881,3
user_0114,35,54.62,163.4,15.28,7.48,2.57,84,0.63,0.4082,70.14,30.42,0.3897,3
user_0114,36,54.74,162.96,15.42,7.46,2.57,84,0.62,0.4064,70.34,30.58,0.3902,3
user_0114,37,54.5,163.16,15.13,7.45,2.59,84,0.62,0.4067,70.04,30.53,0.389,3
user_0114,38,54.67,163.11,15.18,7.47,2.57,85,0.63,0.4078,70.35,30.42,0.3896,3
user_0114,39,54.61,163.31,15.3,7.46,2.58,85,0.62,0.4052,70.32,30.49,0.3893,3
user_0114,40,48.85,177.4,18.5,8.51,3.22,97,0.52,0.4893,65.08,33.83,0.4573,4
user_0114,41,49.14,177.15,18.43,8.58,3.21,97,0.52,0.4895,64.89,34.06,0.4595,4
user_0114,42,48.81,177.38,18.36,8.53,3.21,97,0.52,0.4882,65.03,34.1,0.4583,4
user_0114,43,48.76,177.51,18.33,8.51,3.2,97,0.51,0.4897,64.89,34.21,0.4588,4
user_0114,44,48.81,176.96,18.39,8.53,3.21,97,0.52,0.4871,64.9,33.94,0.461,4
user_0114,45,48.96,177.05,18.52,8.52,3.2,97,0.51,0.4889,65.01,33.98,0.4605,4
user_0114,46,49.0,177.38,18.5,8.54,3.2,97,0.53,0.4924,65.03,34.2,0.459,4
user_0114,47,49.01,176.79,18.41,8.54,3.22,96,0.51,0.4895,64.78,34.02,0.4612,4
user_0114,48,48.91,177.35,18.4,8.5,3.2,97,0.52,0.4902,65.03,34.19,0.461,4
user_0114,49,48.76,176.74,18.45,8.48,3.21,97,0.52,0.4901,65.07,33.95,0.4603,4
user_0114,50,48.92,177.24,18.29,8.52,3.21,97,0.52,0.4917,65.08,34.02,0.46,4
user_0114,51,48.71,177.15,18.33,8.52,3.19,97,0.51,0.4941,65.0,33.95,0.4593,4
user_0114,52,48.7,177.1,18.47,8.53,3.2,97,0.52,0.4895,64.92,33.87,0.4604,4
user_0114,53,48.84,177.18,18.36,8.55,3.22,97,0.52,0.4902,65.1,34.02,0.4605,4
user_0114,54,49.07,177.25,18.47,8.51,3.2,97,0.53,0.4913,65.06,33.83,0.4599,4
user_0114,55,48.92,177.41,18.38,8.45,3.21,97,0.52,0.4902,65.14,34.22,0.4595,4
user_0114,56,48.82,176.54,18.54,8.58,3.19,97,0.52,0.4876,65.04,34.06,0.4591,4
user_0114,57,48.98,177.26,18.4,8.51,3.2,97,0.52,0.4916,65.04,34.08,0.4609,4
user_0114,58,48.75,177.22,18.42,8.5,3.22,97,0.52,0.4875,65.01,34.01,0.4605,4
user_0114,59,49.11,177.1,18.45,8.55,3.2,97,0.52,0.4904,64.96,33.95,0.4582,4
user_0115,0,70.34,116.56,4.07,3.27,0.43,40,0.99,0.1146,90.39,17.99,0.1202,0
user_0115,1,70.74,115.7,4.04,3.3,0.43,39,1.0,0.1121,90.56,17.92,0.1178,0
user_0115,2,70.53,116.17,4.06,3.33,0.44,39,1.0,0.1144,90.41,17.96,0.1187,0
user_0115,3,70.32,116.53,4.1,3.24,0.44,39,1.0,0.1127,90.3,17.99,0.1191,0
user_0115,4,70.4,116.04,4.04,3.31,0.43,39,1.0,0.1167,90.46,18.01,0.1181,0
user_0115,5,70.15,116.67,4.02,3.26,0.41,40,1.0,0.1134,90.41,18.01,0.1201,0
user_0115,6,70.44,115.83,4.17,3.27,0.43,39,1.0,0.1165,90.4,17.82,0.119,0
user_0115,7,70.76,115.93,4.19,3.27,0.42,39,0.99,0.1138,90.52,17.95,0.1205,0
user_0115,8,70.4,115.72,4.01,3.28,0.43,39,1.0,0.1169,90.35,17.81,0.1179,0
user_0115,9,70.48,115.69,4.02,3.3,0.44,40,0.99,0.1123,90.61,18.05,0.1206,0
user_0115,10,70.17,115.75,4.07,3.28,0.45,39,1.0,0.1183,90.38,18.07,0.1179,0
user_0115,11,70.35,116.28,3.89,3.31,0.43,39,1.0,0.114,90.41,17.95,0.118,0
user_0115,12,70.22,115.56,4.04,3.3,0.43,39,1.01,0.1139,90.46,18.19,0.1198,0
user_0115,13,70.62,116.27,4.04,3.27,0.43,40,1.0,0.1152,90.51,17.92,0.1182,0
user_0115,14,70.37,116.03,3.96,3.33,0.45,40,1.01,0.1129,90.56,18.0,0.119,0
user_0115,15,70.44,116.03,3.97,3.27,0.42,39,1.0,0.1106,90.68,17.94,0.1176,0
user_0115,16,70.56,116.06,3.93,3.27,0.43,40,0.99,0.1153,90.65,17.92,0.1202,0
user_0115,17,70.58,116.56,4.02,3.3,0.45,40,1.0,0.1138,90.51,18.09,0.1198,0
user_0115,18,70.32,116.03,3.9,3.3,0.45,40,0.99,0.115,90.48,17.95,0.1174,0
user_0115,19,70.55,116.33,3.93,3.26,0.43,40,1.0,0.1137,90.45,18.06,0.1174,0
user_0115,20,70.45,116.01,3.99,3.27,0.42,40,0.99,0.1172,90.52,18.07,0.1195,0
user_0115,21,70.66,116.23,4.1,3.31,0.45,39,1.0,0.1149,90.49,18.06,0.1187,0
user_0115,22,70.48,116.25,3.86,3.31,0.46,39,1.01,0.1152,90.4,18.08,0.1214,0
user_0115,23,70.42,115.83,3.83,3.28,0.44,40,1.01,0.1139,90.57,17.88,0.1195,0
user_0115,24,70.46,115.87,3.99,3.31,0.45,39,1.0,0.1121,90.51,17.97,0.1193,0
user_0115,25,70.41,115.86,3.93,3.27,0.42,40,1.0,0.1146,90.5,17.98,0.1206,0
user_0115,26,70.49,116.16,4.06,3.29,0.45,39,1.01,0.1145,90.42,17.84,0.1203,0
user_0115,27,70.43,116.13,4.02,3.27,0.45,40,1.0,0.1128,90.56,17.98,0.1201,0
user_0115,28,70.44,116.15,4.06,3.25,0.45,40,0.99,0.1169,90.58,17.98,0.1208,0
user_0115,29,70.38,116.06,4.18,3.3,0.45,40,0.99,0.1153,90.51,18.12,0.1209,0
user_0115,30,70.67,115.97,3.89,3.3,0.43,39,1.0,0.1148,90.51,17.94,0.1194,0
user_0115,31,70.47,116.16,3.93,3.27,0.45,39,1.0,0.113,90.6,18.12,0.1197,0
user_0115,32,70.39,115.73,4.17,3.28,0.42,39,1.0,0.113,90.43,17.86,0.1209,0
user_0115,33,70.47,115.73,3.93,3.27,0.44,39,1.0,0.1139,90.34,17.91,0.1187,0
user_0115,34,70.3,115.73,3.96,3.31,0.43,39,1.01,0.1138,90.63,18.08,0.1191,0
user_0115,35,70.45,115.81,4.05,3.33,0.43,39,1.01,0.115,90.33,17.86,0.1211,0
user_0115,36,70.55,115.83,4.03,3.27,0.42,39,1.0,0.1125,90.36,17.9,0.1192,0
user_0115,37,70.5,115.73,3.96,3.28,0.42,40,1.0,0.1153,90.35,18.06,0.1193,0
user_0115,38,70.63,116.21,4.02,3.28,0.44,39,0.99,0.119,90.29,17.88,0.1202,0
user_0115,39,70.24,116.28,4.09,3.32,0.44,39,1.0,0.1167,90.3,18.08,0.1178,0
user_0115,40,70.47,115.94,3.97,3.32,0.43,40,1.0,0.1152,90.47,17.86,0.1181,0
user_0115,41,70.44,115.99,4.05,3.24,0.43,40,1.0,0.1127,90.52,18.08,0.1184,0
user_0115,42,70.63,115.94,3.97,3.27,0.44,39,1.0,0.1141,90.52,17.89,0.1204,0
user_0115,43,70.43,116.41,4.0,3.29,0.46,40,1.0,0.113,90.41,18.08,0.1191,0
user_0115,44,70.45,115.82,4.03,3.29,0.44,40,1.0,0.1131,90.33,18.07,0.1195,0
user_0115,45,70.74,116.1,3.87,3.26,0.43,40,1.01,0.114,90.47,17.86,0.118,0
user_0115,46,70.65,116.33,3.98,3.33,0.44,40,1.0,0.1133,90.58,18.1,0.1197,0
user_0115,47,70.31,116.37,3.86,3.27,0.44,39,1.0,0.1169,90.6,18.11,0.1198,0
user_0115,48,70.49,116.53,4.11,3.28,0.46,39,1.0,0.1169,90.52,17.97,0.1198,0
user_0115,49,70.48,115.56,4.08,3.27,0.42,40,1.0,0.1159,90.47,18.02,0.1191,0
user_0115,50,70.35,116.26,4.02,3.33,0.41,40,1.0,0.1141,90.54,17.91,0.119,0
user_0115,51,70.57,115.96,3.95,3.27,0.44,39,1.0,0.118,90.49,18.04,0.1197,0
user_0115,52,70.34,116.17,4.02,3.33,0.44,40,1.0,0.1141,90.37,18.03,0.1202,0
user_0115,53,70.47,115.93,4.11,3.28,0.42,39,1.0,0.1137,90.48,17.83,0.1199,0
user_0115,54,70.32,116.0,3.95,3.32,0.43,39,1.01,0.1175,90.57,18.06,0.1186,0
user_0115,55,70.64,116.18,3.95,3.29,0.43,39,1.01,0.1121,90.7,17.98,0.1199,0
user_0115,56,70.56,115.85,3.98,3.28,0.43,40,0.99,0.1151,90.31,18.02,0.1196,0
user_0115,57,70.77,115.94,3.99,3.28,0.45,39,1.0,0.1144,90.47,18.0,0.1205,0
user_0115,58,70.7,115.75,4.06,3.32,0.44,40,0.99,0.1156,90.61,17.94,0.1181,0
user_0115,59,70.65,115.99,3.96,3.24,0.43,39,0.99,0.114,90.6,18.03,0.1178,0
user_0116,0,63.16,122.09,4.03,4.09,0.29,39,0.99,0.0835,94.65,17.82,0.1354,0
user_0116,1,63.06,122.47,3.91,4.11,0.31,39,0.99,0.0856,94.96,17.99,0.1376,0
user_0116,2,63.13,122.36,4.06,4.07,0.29,39,1.0,0.0849,94.93,18.07,0.1379,0
user_0116,3,63.04,121.8,4.06,4.13,0.29,40,0.99,0.0834,94.71,18.16,0.1369,0
user_0116,4,63.13,122.34,4.14,4.06,0.3,39,1.0,0.0875,94.85,18.09,0.1378,0
user_0116,5,63.15,122.45,3.93,4.09,0.28,39,1.01,0.0828,94.92,17.62,0.1369,0
user_0116,6,63.04,122.11,3.99,4.09,0.29,40,1.0,0.086,94.99,18.04,0.1386,0
user_0116,7,63.13,122.54,4.01,4.08,0.28,40,1.0,0.0824,94.78,17.84,0.1383,0
user_0116,8,63.02,122.45,3.96,4.06,0.31,39,1.01,0.083,94.82,18.13,0.1378,0
user_0116,9,63.25,122.8,3.99,4.11,0.3,40,1.0,0.0843,94.73,18.12,0.1402,0
user_0116,10,63.16,122.15,4.13,4.08,0.29,40,1.0,0.086,94.67,18.03,0.1391,0
user_0116,11,62.76,122.67,4.02,4.13,0.31,39,1.01,0.0826,94.88,17.76,0.1383,0
user_0116,12,63.2,122.69,4.05,4.05,0.3,39,1.01,0.0848,94.81,18.11,0.1376,0
user_0116,13,63.4,121.98,3.96,4.11,0.29,40,1.0,0.0829,94.87,17.99,0.137,0
user_0116,14,63.22,122.08,4.01,4.13,0.3,39,0.99,0.0818,94.73,17.97,0.1351,0
user_0116,15,63.1,121.92,3.99,4.08,0.3,40,1.0,0.0827,94.7,18.13,0.1386,0
user_0116,16,63.06,122.27,3.99,4.11,0.29,39,1.0,0.0819,94.94,17.9,0.1379,0
user_0116,17,63.08,122.21,4.04,4.09,0.29,39,0.99,0.0844,94.87,18.31,0.1377,0
user_0116,18,63.1,122.0,3.97,4.08,0.29,40,1.0,0.0851,94.75,18.03,0.1373,0
user_0116,19,63.31,122.28,3.91,4.08,0.28,40,1.01,0.0845,94.86,18.04,0.1367,0
user_0116,20,63.01,122.4,3.98,4.14,0.31,39,1.0,0.0821,94.76,17.97,0.1378,0
user_0116,21,63.1,122.78,4.07,4.1,0.3,39,0.99,0.0841,94.93,17.95,0.1379,0
user_0116,22,63.23,122.52,3.96,4.08,0.29,39,1.0,0.0825,94.97,17.99,0.1373,0
user_0116,23,62.87,121.95,4.08,4.18,0.3,39,1.0,0.0824,94.68,18.03,0.1376,0
user_0116,24,63.0,122.25,4.02,4.04,0.31,40,1.0,0.0871,94.9,18.17,0.1374,0
user_0116,25,63.27,122.34,3.94,4.1,0.31,40,1.0,0.0859,94.73,17.93,0.1372,0
user_0116,26,63.07,121.98,3.92,4.1,0.29,39,1.0,0.0851,94.91,18.19,0.1372,0
user_0116,27,63.06,122.43,4.0,4.08,0.3,40,1.0,0.0844,94.68,18.04,0.1355,0
user_0116,28,63.04,122.15,3.96,4.1,0.29,40,0.99,0.0856,95.05,17.88,0.1371,0
user_0116,29,63.12,122.37,4.0,4.09,0.3,39,1.0,0.0855,94.9,18.15,0.1368,0
user_0116,30,63.31,122.6,3.96,4.08,0.28,39,1.0,0.0844,94.73,17.91,0.137,0
user_0116,31,62.93,122.07,4.13,4.07,0.31,40,1.0,0.0837,94.71,18.17,0.1366,0
user_0116,32,63.16,122.37,3.86,4.05,0.3,40,1.0,0.0851,94.84,17.92,0.1383,0
user_0116,33,62.89,122.12,4.07,4.1,0.3,40,1.0,0.0841,94.98,18.06,0.1375,0
user_0116,34,63.21,122.43,3.97,4.06,0.29,40,1.01,0.0834,94.8,18.03,0.1373,0
user_0116,35,63.38,122.27,3.98,4.05,0.32,39,1.0,0.0853,94.84,17.97,0.1374,0
user_0116,36,63.23,122.48,3.81,4.09,0.3,40,1.0,0.0853,94.9,18.18,0.1399,0
user_0116,37,63.04,122.49,3.9,4.11,0.29,40,1.0,0.0832,94.76,18.09,0.1376,0
user_0116,38,63.19,122.05,4.01,4.1,0.32,39,1.0,0.083,94.84,18.04,0.1388,0
user_0116,39,63.08,122.48,4.1,4.06,0.28,39,0.99,0.084,94.88,17.87,0.139,0
user_0116,40,63.38,122.19,3.9,4.11,0.3,39,1.01,0.0831,94.94,17.96,0.1384,0
user_0116,41,63.02,122.49,3.95,4.12,0.3,39,1.0,0.0839,94.69,18.11,0.1382,0
user_0116,42,62.88,122.4,3.92,4.08,0.29,39,1.0,0.0858,94.91,18.04,0.1369,0
user_0116,43,63.19,122.27,4.0,4.09,0.3,40,1.0,0.086,94.78,18.18,0.1374,0
user_0116,44,63.31,122.45,4.03,4.09,0.32,40,1.0,0.0845,94.76,17.9,0.1372,0
user_0116,45,63.12,122.49,4.15,4.03,0.28,40,0.99,0.086,94.93,18.08,0.1362,0
user_0116,46,62.97,122.55,3.86,4.09,0.29,39,1.0,0.0882,94.87,18.07,0.1373,0
user_0116,47,63.28,122.58,4.0,4.07,0.3,40,1.0,0.0836,94.91,17.98,0.139,0
user_0116,48,63.13,121.89,4.06,4.09,0.29,39,0.99,0.0828,94.78,18.07,0.1382,0
user_0116,49,62.93,122.22,4.01,4.1,0.27,39,1.0,0.0805,94.97,18.03,0.1383,0
user_0116,50,63.03,122.34,4.02,4.07,0.31,40,1.0,0.0838,94.77,18.0,0.138,0
user_0116,51,63.11,122.63,3.97,4.1,0.28,39,0.99,0.0834,94.96,17.89,0.139,0
user_0116,52,63.06,121.98,4.0,4.08,0.3,39,1.0,0.0819,94.79,17.93,0.1367,0
user_0116,53,63.23,122.61,4.02,4.06,0.29,40,1.0,0.0876,94.7,17.9,0.1384,0
user_0116,54,63.15,122.01,3.95,4.09,0.3,40,1.01,0.087,94.73,18.06,0.137,0
user_0116,55,63.34,122.14,3.91,4.11,0.31,39,1.01,0.0826,94.77,17.81,0.1385,0
user_0116,56,63.18,122.16,3.97,4.09,0.3,40,0.99,0.0851,94.84,17.85,0.1395,0
user_0116,57,62.97,122.02,3.94,4.07,0.29,39,1.0,0.0844,94.74,18.06,0.1388,0
user_0116,58,63.07,122.23,3.97,4.06,0.27,39,1.01,0.0837,94.72,18.06,0.1374,0
user_0116,59,63.21,122.37,3.98,4.09,0.31,39,1.01,0.0849,94.93,18.07,0.1373,0
user_0117,0,70.62,119.65,4.01,3.58,0.18,39,1.0,0.1161,90.86,18.08,0.0947,0
user_0117,1,70.92,119.67,4.09,3.61,0.18,40,1.01,0.1177,90.91,17.93,0.097,0
user_0117,2,70.58,119.63,4.02,3.57,0.17,40,1.0,0.1154,90.86,17.96,0.0959,0
user_0117,3,70.62,119.84,3.96,3.62,0.18,39,1.0,0.1164,90.72,17.96,0.0954,0
user_0117,4,70.56,119.34,4.01,3.56,0.17,39,1.0,0.1143,90.96,17.99,0.0944,0
user_0117,5,70.56,120.04,4.03,3.62,0.15,39,1.0,0.1147,90.8,18.13,0.0959,0
user_0117,6,70.47,119.49,4.03,3.61,0.18,40,1.01,0.1162,90.83,17.92,0.0941,0
user_0117,7,70.4,119.78,4.12,3.59,0.19,40,1.0,0.1131,90.96,17.94,0.096,0
user_0117,8,70.77,119.68,4.03,3.59,0.18,40,1.0,0.1158,90.7,18.04,0.0944,0
user_0117,9,70.55,119.73,3.88,3.6,0.17,40,1.0,0.1172,90.91,17.93,0.0938,0
user_0117,10,70.5,119.82,4.03,3.53,0.17,40,1.01,0.1174,90.86,18.02,0.0938,0
user_0117,11,70.19,119.51,4.08,3.59,0.16,40,1.01,0.1133,90.87,17.95,0.0952,0
user_0117,12,70.51,120.31,3.99,3.6,0.17,39,1.0,0.1133,91.06,18.09,0.0946,0
user_0117,13,70.55,119.86,4.02,3.55,0.17,40,0.99,0.1157,90.8,18.13,0.0947,0
user_0117,14,62.5,139.81,8.43,5.09,1.07,57,0.84,0.2342,83.37,22.81,0.1952,1
user_0117,15,62.54,139.75,8.55,5.06,1.06,57,0.85,0.2351,83.49,22.94,0.196,1
user_0117,16,62.62,139.95,8.47,5.07,1.07,57,0.85,0.2364,83.49,23.04,0.195,1
user_0117,17,62.87,139.6,8.42,5.09,1.06,57,0.85,0.2335,83.32,22.88,0.1953,1
user_0117,18,62.47,139.74,8.53,5.06,1.08,57,0.84,0.2361,83.55,22.98,0.1935,1
user_0117,19,62.72,140.0,8.42,5.07,1.07,57,0.86,0.2354,83.38,23.04,0.1949,1
user_0117,20,50.5,169.37,15.16,7.35,2.43,85,0.62,0.4152,72.29,30.42,0.3435,3
user_0117,21,50.62,169.82,15.06,7.35,2.41,84,0.62,0.4138,71.95,30.51,0.3451,3
user_0117,22,50.32,169.26,15.28,7.35,2.39,84,0.62,0.4161,72.17,30.56,0.3444,3
user_0117,23,50.61,169.51,15.21,7.3,2.42,84,0.62,0.4165,72.11,30.61,0.3448,3
user_0117,24,50.5,169.89,15.22,7.35,2.42,85,0.62,0.4168,72.14,30.47,0.3454,3
user_0117,25,50.35,169.86,15.14,7.32,2.42,85,0.63,0.4171,71.98,30.41,0.3438,3
user_0117,26,50.38,169.46,15.35,7.33,2.42,85,0.62,0.4154,72.15,30.75,0.3461,3
user_0117,27,50.83,169.61,15.29,7.34,2.4,84,0.62,0.4174,72.09,30.58,0.3465,3
user_0117,28,50.39,169.98,15.16,7.33,2.41,85,0.62,0.4167,72.23,30.66,0.3459,3
user_0117,29,50.7,169.5,15.24,7.35,2.41,85,0.62,0.4158,71.98,30.46,0.346,3
user_0117,30,50.64,169.81,15.22,7.34,2.42,85,0.63,0.4149,71.87,30.52,0.3435,3
user_0117,31,50.68,169.82,15.08,7.35,2.42,85,0.62,0.4162,72.0,30.57,0.3456,3
user_0117,32,50.53,169.71,15.18,7.32,2.43,85,0.62,0.4146,72.07,30.51,0.345,3
user_0117,33,50.77,169.99,15.39,7.39,2.4,84,0.62,0.4142,72.27,30.54,0.3436,3
user_0117,34,50.97,169.15,15.22,7.34,2.41,85,0.62,0.4167,72.17,30.25,0.3436,3
user_0117,35,50.71,169.71,15.17,7.32,2.42,84,0.64,0.414,72.13,30.67,0.345,3
user_0117,36,50.63,169.37,15.21,7.32,2.43,84,0.62,0.4142,72.17,30.56,0.3432,3
user_0117,37,50.59,169.68,15.36,7.31,2.41,85,0.62,0.4176,72.24,30.53,0.3451,3
user_0117,38,50.56,169.6,15.25,7.37,2.4,84,0.63,0.4146,72.1,30.46,0.3465,3
user_0117,39,50.52,169.43,15.31,7.32,2.42,84,0.62,0.4155,72.0,30.49,0.3457,3
user_0117,40,44.68,183.44,18.59,8.38,3.06,97,0.52,0.5009,67.0,33.91,0.4141,4
user_0117,41,44.77,183.39,18.49,8.39,3.06,97,0.51,0.4989,66.91,33.99,0.4158,4
user_0117,42,45.04,183.73,18.45,8.42,3.03,97,0.52,0.5033,66.87,33.78,0.4166,4
user_0117,43,44.8,183.72,18.44,8.39,3.03,97,0.51,0.5002,66.79,33.79,0.4159,4
user_0117,44,44.79,183.64,18.34,8.41,3.06,97,0.52,0.4989,66.76,33.94,0.4156,4
user_0117,45,45.27,183.75,18.45,8.39,3.06,97,0.52,0.5006,66.95,33.95,0.4138,4
user_0117,46,44.97,183.5,18.47,8.41,3.07,97,0.52,0.5,67.08,33.96,0.4153,4
user_0117,47,44.98,183.61,18.33,8.42,3.04,98,0.53,0.4999,66.88,33.92,0.4152,4
user_0117,48,45.14,183.44,18.51,8.41,3.05,97,0.52,0.4994,67.1,34.12,0.4156,4
user_0117,49,44.99,183.59,18.4,8.37,3.06,97,0.52,0.5002,66.81,33.99,0.4143,4
user_0117,50,44.95,183.64,18.45,8.37,3.05,97,0.52,0.5028,66.84,33.87,0.416,4
user_0117,51,45.02,183.72,18.5,8.37,3.04,97,0.53,0.4999,66.87,34.03,0.4159,4
user_0117,52,44.76,183.36,18.39,8.41,3.07,97,0.52,0.4985,66.94,33.89,0.4151,4
user_0117,53,44.84,183.08,18.6,8.41,3.06,97,0.53,0.4998,66.97,33.95,0.415,4
user_0117,54,44.75,183.66,18.36,8.39,3.06,97,0.53,0.4986,66.92,33.94,0.415,4
user_0117,55,44.93,183.35,18.37,8.4,3.04,97,0.53,0.5016,66.96,34.17,0.4165,4
user_0117,56,44.97,184.1,18.52,8.39,3.05,97,0.52,0.4972,66.82,34.08,0.4141,4
user_0117,57,44.93,183.75,18.38,8.42,3.06,97,0.52,0.4996,66.81,34.16,0.4147,4
user_0117,58,45.12,183.23,18.34,8.36,3.04,97,0.52,0.5018,66.86,34.01,0.4155,4
user_0117,59,44.87,183.6,18.56,8.4,3.07,97,0.52,0.5011,67.01,33.95,0.4155,4
user_0118,0,59.32,100.98,3.9,2.92,0.25,40,1.0,0.1231,95.48,17.91,0.0925,0
user_0118,1,59.28,101.4,4.01,2.93,0.28,39,0.99,0.1232,95.56,18.0,0.0936,0
user_0118,2,59.47,101.22,3.92,2.9,0.29,40,1.01,0.1262,95.65,18.03,0.0936,0
user_0118,3,59.79,101.47,3.93,2.98,0.29,40,1.0,0.1253,95.98,17.98,0.0927,0
user_0118,4,59.57,100.93,4.0,2.96,0.3,39,1.0,0.122,95.79,17.99,0.0935,0
user_0118,5,59.39,100.8,3.94,2.98,0.28,39,1.0,0.1231,95.75,18.02,0.0957,0
user_0118,6,59.69,101.42,4.06,2.95,0.28,40,0.99,0.1212,95.67,18.04,0.0918,0
user_0118,7,59.57,100.84,3.98,2.9,0.28,40,1.0,0.1246,95.8,17.98,0.0932,0
user_0118,8,59.3,101.14,4.0,2.92,0.28,39,1.0,0.1211,95.62,18.0,0.0915,0
user_0118,9,59.75,100.62,3.94,2.95,0.3,39,0.99,0.1221,95.85,18.07,0.0917,0
user_0118,10,59.66,101.27,4.01,2.95,0.27,40,1.0,0.1271,95.87,17.98,0.0929,0
user_0118,11,59.34,101.28,3.91,2.93,0.29,39,1.0,0.1217,95.69,18.14,0.0937,0
user_0118,12,59.42,101.53,4.0,2.95,0.28,40,1.0,0.1223,95.81,17.96,0.0918,0
user_0118,13,59.26,101.32,3.92,2.98,0.28,39,1.0,0.122,95.77,17.97,0.0948,0
user_0118,14,59.83,101.06,3.99,2.96,0.27,39,0.99,0.1209,95.79,18.01,0.0918,0
user_0118,15,59.6,100.69,3.98,2.94,0.27,40,1.0,0.1232,95.64,17.92,0.0925,0
user_0118,16,59.38,101.23,4.08,2.96,0.28,40,1.0,0.1235,95.72,18.22,0.0929,0
user_0118,17,59.68,100.88,4.06,2.93,0.28,40,0.98,0.1259,95.56,17.89,0.0922,0
user_0118,18,59.37,101.0,4.01,2.95,0.28,39,1.0,0.1227,95.79,18.19,0.0931,0
user_0118,19,59.87,100.49,3.97,2.92,0.29,40,1.0,0.1244,95.86,17.91,0.0916,0
user_0118,20,59.45,101.27,4.05,2.94,0.28,40,1.0,0.1228,95.78,17.96,0.0925,0
user_0118,21,59.82,100.92,4.03,2.94,0.29,40,1.01,0.1234,95.75,17.94,0.093,0
user_0118,22,59.67,101.61,3.97,2.96,0.27,39,1.0,0.1253,95.45,18.18,0.0912,0
user_0118,23,59.47,101.68,3.82,2.91,0.29,39,1.01,0.1227,95.73,18.03,0.0921,0
user_0118,24,59.68,100.87,3.96,2.94,0.27,39,1.0,0.1225,95.64,18.22,0.0931,0
user_0118,25,59.37,101.12,3.93,2.92,0.27,40,1.0,0.1211,95.51,18.03,0.0929,0
user_0118,26,59.43,101.33,3.84,2.9,0.28,40,1.0,0.124,95.75,18.17,0.0917,0
user_0118,27,59.44,101.24,4.04,2.89,0.28,40,1.0,0.126,95.7,17.92,0.0938,0
user_0118,28,59.46,101.21,4.0,2.97,0.27,39,0.99,0.1227,95.71,17.97,0.0921,0
user_0118,29,59.38,101.57,3.92,2.89,0.28,40,1.0,0.1237,95.79,17.94,0.0917,0
user_0118,30,59.49,101.43,3.95,2.92,0.28,40,1.0,0.1232,95.59,17.94,0.0914,0
user_0118,31,59.29,100.93,4.06,2.95,0.28,39,1.0,0.1234,95.62,17.97,0.0924,0
user_0118,32,59.71,101.43,4.14,2.93,0.29,40,1.01,0.1255,95.59,17.94,0.0909,0
user_0118,33,59.61,100.98,3.94,2.95,0.26,39,1.0,0.123,95.67,18.02,0.0936,0
user_0118,34,59.58,101.04,3.95,2.95,0.28,40,1.0,0.1209,95.72,17.99,0.0927,0
user_0118,35,59.3,100.85,4.12,2.92,0.28,39,1.0,0.1204,95.69,18.02,0.092,0
user_0118,36,59.58,101.21,4.03,2.94,0.28,40,1.0,0.1215,95.68,18.09,0.0915,0
user_0118,37,59.17,100.56,4.0,2.93,0.29,39,1.01,0.1207,95.71,18.07,0.0926,0
user_0118,38,59.57,101.26,3.9,2.91,0.28,40,1.0,0.1238,95.7,18.05,0.0926,0
user_0118,39,59.37,101.34,4.02,2.98,0.28,39,1.0,0.1242,95.74,18.14,0.0906,0
user_0118,40,59.72,101.26,4.07,2.92,0.26,39,1.0,0.121,95.76,18.04,0.094,0
user_0118,41,59.5,101.52,4.0,2.95,0.29,40,1.0,0.121,95.61,18.04,0.0929,0
user_0118,42,59.68,101.18,4.03,2.96,0.27,39,1.01,0.1216,95.63,18.07,0.0912,0
user_0118,43,59.34,101.17,3.95,2.9,0.28,40,0.99,0.1227,95.82,18.04,0.0915,0
user_0118,44,59.66,101.31,3.98,2.96,0.27,39,1.0,0.1247,95.59,18.05,0.0923,0
user_0118,45,59.38,100.92,4.08,2.96,0.26,40,0.99,0.1236,95.45,17.76,0.0929,0
user_0118,46,59.73,101.55,3.98,2.96,0.28,40,1.0,0.1242,95.78,18.04,0.0911,0
user_0118,47,59.6,101.26,4.02,2.85,0.26,40,1.01,0.1217,95.69,17.73,0.0921,0
user_0118,48,59.46,101.03,4.1,2.95,0.27,40,1.01,0.1212,95.6,17.83,0.0922,0
user_0118,49,59.53,100.97,4.09,2.96,0.27,39,0.99,0.1223,95.85,17.91,0.093,0
user_0118,50,59.49,100.75,4.06,2.93,0.27,39,1.0,0.1244,95.64,18.02,0.093,0
user_0118,51,59.32,101.2,3.93,2.95,0.25,40,1.0,0.1232,95.72,17.95,0.0919,0
user_0118,52,59.52,101.5,4.03,2.93,0.29,40,1.0,0.1234,95.74,18.16,0.0932,0
user_0118,53,59.63,101.66,4.02,2.96,0.28,39,0.99,0.1214,95.55,18.04,0.0931,0
user_0118,54,59.33,101.03,3.99,2.98,0.28,40,0.98,0.1245,95.57,17.99,0.0916,0
user_0118,55,59.45,101.13,3.94,2.94,0.28,39,1.0,0.1251,95.69,18.01,0.0917,0
user_0118,56,59.51,101.05,4.04,2.93,0.28,40,1.0,0.1227,95.7,18.12,0.0914,0
user_0118,57,59.49,101.2,4.01,2.93,0.28,39,1.0,0.1218,95.89,18.0,0.0915,0
user_0118,58,59.27,101.12,4.03,2.95,0.27,40,1.0,0.1251,95.74,17.9,0.0926,0
user_0118,59,59.47,101.39,3.97,2.93,0.26,40,1.0,0.1228,95.67,17.86,0.092,0
user_0119,0,55.1,118.33,4.02,3.35,0.37,40,1.0,0.1109,92.96,18.25,0.1147,0
user_0119,1,55.2,118.95,4.02,3.31,0.37,39,1.0,0.1133,92.87,18.14,0.1148,0
user_0119,2,54.74,118.5,3.83,3.36,0.34,39,1.0,0.1113,93.02,18.1,0.115,0
user_0119,3,54.99,118.35,3.95,3.38,0.36,40,1.0,0.1114,93.07,17.8,0.1135,0
user_0119,4,54.94,118.24,4.1,3.37,0.36,40,1.01,0.1091,93.12,18.01,0.1145,0
user_0119,5,54.98,118.12,4.01,3.36,0.37,40,1.0,0.1087,93.07,18.09,0.1154,0
user_0119,6,54.79,118.08,4.01,3.34,0.35,40,1.0,0.1125,93.04,18.06,0.1161,0
user_0119,7,54.92,118.2,4.04,3.31,0.38,40,1.0,0.1123,93.01,17.93,0.1159,0
user_0119,8,54.67,118.38,4.1,3.34,0.35,40,1.0,0.114,92.95,17.98,0.1155,0
user_0119,9,54.75,118.29,4.08,3.36,0.35,39,0.99,0.1102,93.11,17.94,0.1157,0
user_0119,10,54.8,118.75,4.08,3.35,0.35,39,1.0,0.1123,92.79,18.12,0.1152,0
user_0119,11,54.85,117.64,4.01,3.36,0.35,40,1.01,0.11,92.92,18.17,0.1148,0
user_0119,12,55.12,118.13,4.09,3.33,0.36,40,1.0,0.1097,93.18,18.08,0.1141,0
user_0119,13,54.74,118.65,3.93,3.36,0.36,40,0.99,0.1101,93.0,17.99,0.1157,0
user_0119,14,55.05,118.39,3.96,3.4,0.36,40,1.0,0.1113,93.12,17.92,0.1158,0
user_0119,15,55.13,118.32,4.02,3.33,0.36,39,1.0,0.1106,92.86,18.03,0.1162,0
user_0119,16,55.05,118.28,3.96,3.37,0.35,39,1.01,0.1121,92.89,17.86,0.1151,0
user_0119,17,55.03,118.48,3.97,3.39,0.36,40,1.0,0.1093,92.96,18.07,0.1153,0
user_0119,18,55.03,118.02,4.0,3.34,0.35,40,1.0,0.1094,93.03,17.91,0.1144,0
user_0119,19,55.31,118.24,4.05,3.42,0.36,40,1.0,0.1102,93.01,17.98,0.1141,0
user_0119,20,55.15,117.83,4.0,3.35,0.35,40,0.99,0.11,93.07,17.81,0.1161,0
user_0119,21,55.02,118.2,3.9,3.36,0.36,40,1.0,0.1092,93.03,17.94,0.1155,0
user_0119,22,54.87,118.48,4.11,3.35,0.37,40,1.0,0.1106,92.94,18.12,0.116,0
user_0119,23,54.87,118.31,3.94,3.37,0.37,39,1.0,0.1113,93.01,18.18,0.1134,0
user_0119,24,55.23,118.06,3.84,3.37,0.36,40,1.0,0.1115,92.95,18.08,0.113,0
user_0119,25,55.01,118.56,4.02,3.36,0.36,40,1.0,0.1116,92.95,18.15,0.1155,0
user_0119,26,55.29,118.18,4.09,3.33,0.37,39,1.0,0.1117,93.07,18.08,0.1153,0
user_0119,27,55.1,118.22,3.95,3.36,0.34,40,1.0,0.1116,92.94,17.8,0.1156,0
user_0119,28,54.9,117.96,4.07,3.32,0.36,40,1.0,0.109,93.05,18.03,0.1133,0
user_0119,29,55.03,118.57,4.1,3.35,0.36,40,1.01,0.1105,93.13,17.93,0.1158,0
user_0119,30,54.87,117.83,4.05,3.43,0.36,39,1.01,0.11,92.82,18.09,0.1165,0
user_0119,31,55.04,118.36,3.95,3.35,0.36,40,1.0,0.1059,93.02,17.87,0.1155,0
user_0119,32,55.18,118.42,3.91,3.34,0.36,40,1.0,0.1112,92.9,18.12,0.115,0
user_0119,33,54.96,118.16,3.89,3.39,0.36,39,1.0,0.1118,92.83,18.16,0.1172,0
user_0119,34,55.04,118.34,4.18,3.33,0.35,40,1.01,0.1107,92.92,18.13,0.115,0
user_0119,35,55.02,118.51,4.11,3.36,0.36,40,1.0,0.1098,92.96,17.91,0.1139,0
user_0119,36,55.36,118.05,4.02,3.36,0.37,40,1.01,0.1105,93.02,18.08,0.1152,0
user_0119,37,55.1,118.35,3.89,3.38,0.37,39,1.0,0.1111,93.19,17.97,0.1156,0
user_0119,38,55.0,118.43,3.9,3.4,0.36,39,1.0,0.1111,93.2,18.15,0.1147,0
user_0119,39,55.04,118.31,3.85,3.35,0.36,39,1.01,0.109,92.9,18.07,0.1153,0
user_0119,40,54.95,118.53,4.02,3.4,0.34,39,1.01,0.1114,92.99,17.96,0.1153,0
user_0119,41,54.85,117.92,4.04,3.38,0.37,39,1.0,0.1106,92.9,18.07,0.1147,0
user_0119,42,55.01,118.23,4.04,3.36,0.38,39,1.01,0.1079,93.05,17.84,0.114,0
user_0119,43,54.88,118.01,3.95,3.41,0.35,39,1.0,0.111,93.22,18.0,0.1127,0
user_0119,44,54.96,118.17,3.91,3.34,0.36,39,0.99,0.1116,93.16,18.03,0.1161,0
user_0119,45,55.05,118.02,4.02,3.35,0.35,39,1.0,0.1101,93.19,18.1,0.1144,0
user_0119,46,54.94,118.81,3.97,3.37,0.36,39,0.99,0.1119,92.89,18.0,0.1135,0
user_0119,47,54.97,118.33,3.85,3.36,0.36,39,0.99,0.1101,92.96,18.19,0.1149,0
user_0119,48,54.95,118.25,4.03,3.37,0.36,40,0.99,0.1114,93.02,17.94,0.1151,0
user_0119,49,55.01,118.27,4.01,3.32,0.36,40,1.0,0.1096,92.91,18.02,0.1158,0
user_0119,50,55.22,118.47,4.04,3.29,0.35,40,1.0,0.1093,92.89,18.18,0.1137,0
user_0119,51,54.99,118.1,3.94,3.37,0.37,39,1.0,0.1105,92.95,17.91,0.1161,0
user_0119,52,54.87,117.95,4.08,3.36,0.35,39,1.0,0.1129,92.97,18.05,0.115,0
user_0119,53,55.24,118.33,4.09,3.37,0.35,40,1.0,0.1098,92.89,18.14,0.1129,0
user_0119,54,55.22,117.94,4.04,3.34,0.34,40,0.99,0.1118,93.01,18.11,0.1156,0
user_0119,55,55.11,118.5,4.06,3.37,0.36,39,1.0,0.1102,93.22,17.99,0.1138,0
user_0119,56,55.0,118.07,4.15,3.36,0.37,40,1.0,0.111,92.96,18.0,0.1138,0
user_0119,57,55.0,118.73,4.06,3.36,0.38,39,1.0,0.1102,92.98,18.04,0.1156,0
user_0119,58,54.99,118.07,4.14,3.36,0.35,39,1.01,0.1143,93.03,17.94,0.1153,0
user_0119,59,54.98,118.42,4.03,3.36,0.36,39,1.0,0.1104,93.2,18.21,0.1146,0
user_0120,0,57.08,114.19,3.93,3.46,0.38,40,1.0,0.1207,96.56,17.93,0.1141,0
user_0120,1,57.25,114.65,3.91,3.49,0.4,39,0.99,0.1248,96.44,18.14,0.1134,0
user_0120,2,57.27,114.26,3.97,3.5,0.4,40,1.0,0.1242,96.45,18.09,0.1114,0
user_0120,3,57.18,114.03,4.0,3.48,0.38,40,1.0,0.1244,96.63,17.72,0.1154,0
user_0120,4,56.94,114.6,4.07,3.5,0.39,39,1.0,0.1248,96.53,18.09,0.1141,0
user_0120,5,57.13,114.77,3.86,3.44,0.39,39,1.0,0.1234,96.69,17.95,0.114,0
user_0120,6,57.16,114.78,4.02,3.5,0.37,39,1.0,0.1233,96.49,17.99,0.1135,0
user_0120,7,56.79,114.41,3.94,3.51,0.39,40,1.01,0.1272,96.49,18.06,0.1134,0
user_0120,8,57.07,114.2,3.93,3.53,0.38,39,1.0,0.1233,96.45,18.07,0.1136,0
user_0120,9,57.17,114.08,3.91,3.46,0.39,39,1.0,0.1268,96.5,17.98,0.1135,0
user_0120,10,56.91,114.6,3.93,3.45,0.35,40,1.0,0.1247,96.71,17.99,0.1137,0
user_0120,11,56.85,115.02,3.77,3.48,0.4,39,0.99,0.1246,96.75,18.24,0.1127,0
user_0120,12,57.19,114.81,4.05,3.5,0.38,39,1.0,0.1216,96.46,17.91,0.1147,0
user_0120,13,57.2,114.44,3.95,3.43,0.38,40,1.01,0.1252,96.57,18.0,0.1126,0
user_0120,14,57.15,114.57,4.02,3.46,0.4,40,1.0,0.1249,96.4,17.87,0.1143,0
user_0120,15,57.2,114.65,4.0,3.51,0.37,39,1.01,0.1234,96.67,17.97,0.114,0
user_0120,16,57.28,114.2,4.1,3.48,0.39,39,1.0,0.1215,96.47,18.0,0.1138,0
user_0120,17,57.22,114.45,4.08,3.51,0.38,39,1.0,0.1236,96.45,18.15,0.1133,0
user_0120,18,56.96,115.08,3.97,3.49,0.39,39,1.0,0.1234,96.72,17.9,0.1147,0
user_0120,19,57.18,114.48,3.94,3.46,0.42,40,1.0,0.1235,96.51,17.85,0.1132,0
user_0120,20,57.05,114.87,4.0,3.47,0.4,39,1.0,0.1256,96.46,17.93,0.1132,0
user_0120,21,57.17,114.09,3.98,3.46,0.38,40,0.99,0.1218,96.52,17.94,0.1145,0
user_0120,22,56.83,114.46,3.93,3.45,0.37,39,0.99,0.1222,96.54,17.89,0.1137,0
user_0120,23,57.18,114.55,3.97,3.49,0.37,39,1.0,0.1231,96.54,17.94,0.1145,0
user_0120,24,57.33,114.35,4.0,3.5,0.39,39,0.99,0.1264,96.45,18.16,0.1157,0
user_0120,25,57.2,114.71,3.98,3.49,0.38,40,1.01,0.1256,96.53,17.89,0.1157,0
user_0120,26,56.93,114.57,4.07,3.51,0.4,39,1.0,0.1219,96.35,18.01,0.115,0
user_0120,27,57.01,114.59,4.04,3.48,0.39,40,1.0,0.1242,96.58,17.82,0.1116,0
user_0120,28,57.14,114.5,3.95,3.49,0.39,39,1.0,0.1195,96.64,18.11,0.114,0
user_0120,29,56.87,114.76,4.04,3.47,0.39,40,1.0,0.1218,96.5,18.01,0.1146,0
user_0120,30,57.01,114.37,3.93,3.51,0.39,39,0.99,0.1238,96.4,17.87,0.1146,0
user_0120,31,57.42,113.96,4.03,3.42,0.38,39,1.0,0.1243,96.65,17.87,0.1142,0
user_0120,32,57.15,114.47,4.07,3.52,0.39,39,1.01,0.1234,96.62,18.0,0.1121,0
user_0120,33,57.01,114.73,3.92,3.48,0.4,40,1.01,0.1236,96.63,18.02,0.112,0
user_0120,34,57.28,114.49,4.0,3.5,0.38,39,0.99,0.1234,96.51,17.97,0.1127,0
user_0120,35,56.99,114.28,3.96,3.48,0.39,40,1.01,0.1235,96.51,17.86,0.1141,0
user_0120,36,57.1,114.53,4.02,3.51,0.39,40,1.0,0.126,96.56,17.99,0.1142,0
user_0120,37,57.0,114.68,4.12,3.47,0.39,39,1.0,0.1246,96.61,18.08,0.1124,0
user_0120,38,57.21,114.55,4.15,3.48,0.4,40,1.0,0.1238,96.72,17.91,0.1144,0
user_0120,39,57.4,114.43,4.04,3.46,0.4,39,1.0,0.1228,96.53,17.97,0.1142,0
user_0120,40,57.08,113.95,4.04,3.53,0.37,40,1.01,0.1232,96.57,17.94,0.1149,0
user_0120,41,57.25,114.3,4.02,3.47,0.38,39,1.0,0.1227,96.58,18.16,0.1131,0
user_0120,42,57.0,114.63,3.96,3.47,0.39,39,1.0,0.1251,96.53,18.11,0.1141,0
user_0120,43,56.89,114.6,3.97,3.45,0.39,39,1.01,0.1231,96.59,17.92,0.1136,0
user_0120,44,57.2,115.14,4.02,3.45,0.4,40,0.99,0.1214,96.52,17.91,0.1137,0
user_0120,45,57.03,114.75,4.08,3.46,0.41,40,0.99,0.1223,96.45,17.9,0.1113,0
user_0120,46,57.14,114.31,4.04,3.55,0.4,39,1.0,0.1247,96.75,18.01,0.1126,0
user_0120,47,57.21,114.19,3.91,3.51,0.4,40,1.01,0.1247,96.52,17.86,0.1136,0
user_0120,48,57.07,114.46,3.99,3.48,0.39,39,1.0,0.1217,96.6,17.96,0.1142,0
user_0120,49,57.35,113.98,3.98,3.5,0.38,40,1.0,0.126,96.42,17.82,0.1141,0
user_0120,50,57.31,114.81,3.96,3.46,0.39,40,0.99,0.1226,96.6,18.0,0.115,0
user_0120,51,57.16,114.17,4.02,3.45,0.39,39,1.01,0.1243,96.69,17.98,0.1133,0
user_0120,52,57.2,114.36,4.02,3.47,0.4,40,1.0,0.123,96.67,18.02,0.1129,0
user_0120,53,57.3,114.53,4.02,3.47,0.38,39,1.0,0.1201,96.71,17.86,0.113,0
user_0120,54,57.03,114.94,3.97,3.49,0.39,40,1.0,0.1246,96.49,17.82,0.1136,0
user_0120,55,57.0,114.94,4.11,3.51,0.39,39,1.0,0.1236,96.5,17.95,0.1145,0
user_0120,56,57.43,114.55,4.0,3.47,0.37,40,1.0,0.121,96.72,18.11,0.1121,0
user_0120,57,57.49,114.12,3.88,3.44,0.38,40,0.99,0.1226,96.6,17.95,0.1138,0
user_0120,58,57.26,114.36,3.93,3.5,0.39,40,1.0,0.1208,96.49,17.95,0.1133,0
user_0120,59,57.37,113.81,3.96,3.46,0.4,39,1.01,0.1236,96.54,17.94,0.1134,0
user_0121,0,45.36,100.0,3.83,3.48,0.37,39,1.0,0.1164,90.59,17.99,0.1496,0
user_0121,1,45.25,99.97,3.92,3.48,0.37,40,0.99,0.1215,90.51,17.95,0.1475,0
user_0121,2,45.36,99.75,4.02,3.51,0.37,39,1.01,0.1185,90.42,18.13,0.1482,0
user_0121,3,45.29,100.3,4.11,3.5,0.38,39,0.99,0.1201,90.5,18.06,0.1489,0
user_0121,4,45.35,100.32,4.15,3.53,0.37,39,1.0,0.1192,90.6,18.1,0.1477,0
user_0121,5,45.22,99.48,3.99,3.51,0.36,39,0.99,0.1177,90.66,17.84,0.1485,0
user_0121,6,45.39,100.28,3.92,3.54,0.37,40,1.01,0.121,90.42,17.79,0.149,0
user_0121,7,45.3,99.72,4.01,3.48,0.38,39,1.01,0.1232,90.54,18.04,0.1489,0
user_0121,8,45.28,99.65,4.11,3.52,0.38,40,1.0,0.1219,90.56,17.91,0.1488,0
user_0121,9,45.24,99.7,4.11,3.51,0.38,39,1.0,0.1214,90.71,17.85,0.1484,0
user_0121,10,44.77,99.81,4.01,3.51,0.39,39,1.01,0.1204,90.46,18.02,0.1485,0
user_0121,11,45.27,99.75,3.95,3.54,0.38,39,1.0,0.1206,90.59,18.02,0.1495,0
user_0121,12,45.23,100.31,4.19,3.51,0.38,39,1.0,0.1203,90.58,17.98,0.1491,0
user_0121,13,45.19,100.17,4.03,3.52,0.37,39,1.0,0.1213,90.37,17.93,0.1495,0
user_0121,14,37.27,120.23,8.56,5.03,1.28,57,0.85,0.2382,82.99,22.95,0.2465,1
user_0121,15,37.31,120.0,8.59,4.98,1.28,57,0.85,0.243,83.01,22.93,0.2483,1
user_0121,16,37.37,119.85,8.53,5.02,1.28,58,0.86,0.2402,83.04,22.88,0.2493,1
user_0121,17,37.45,120.09,8.4,5.0,1.27,57,0.86,0.2407,83.1,23.09,0.2485,1
user_0121,18,37.06,120.12,8.65,5.0,1.27,58,0.85,0.2418,83.0,22.99,0.2457,1
user_0121,19,37.25,119.78,8.33,5.06,1.28,57,0.85,0.2428,83.13,23.1,0.2471,1
user_0121,20,25.16,149.7,15.25,7.28,2.63,84,0.62,0.4216,71.81,30.54,0.3975,3
user_0121,21,25.27,149.64,15.19,7.22,2.64,85,0.62,0.4189,71.73,30.62,0.399,3
user_0121,22,25.45,150.34,15.29,7.27,2.64,85,0.63,0.4208,71.86,30.47,0.3978,3
user_0121,23,25.19,150.49,15.17,7.28,2.64,85,0.62,0.4209,71.71,30.41,0.3997,3
user_0121,24,25.43,149.84,15.21,7.27,2.62,84,0.62,0.4179,71.64,30.4,0.3986,3
user_0121,25,25.12,149.73,15.16,7.23,2.61,84,0.63,0.4223,71.76,30.61,0.3976,3
user_0121,26,25.33,149.7,15.28,7.24,2.62,84,0.63,0.4213,71.69,30.39,0.3975,3
user_0121,27,25.34,149.98,15.3,7.25,2.63,85,0.63,0.4224,71.85,30.63,0.3983,3
user_0121,28,25.14,149.91,15.24,7.26,2.62,84,0.62,0.4198,71.84,30.41,0.3997,3
user_0121,29,25.4,149.94,15.07,7.21,2.62,85,0.63,0.4194,71.71,30.38,0.3989,3
user_0121,30,25.24,149.8,15.25,7.26,2.63,84,0.62,0.4213,71.73,30.43,0.3971,3
user_0121,31,25.09,149.76,15.32,7.24,2.62,84,0.63,0.4205,71.8,30.68,0.3983,3
user_0121,32,25.29,149.78,15.41,7.28,2.63,85,0.63,0.4217,71.74,30.73,0.3968,3
user_0121,33,25.2,150.35,15.24,7.28,2.62,85,0.62,0.4218,71.79,30.32,0.3975,3
user_0121,34,25.1,150.27,15.16,7.25,2.64,85,0.62,0.4187,71.66,30.52,0.3978,3
user_0121,35,25.28,150.0,15.25,7.26,2.62,84,0.62,0.4201,71.68,30.6,0.3971,3
user_0121,36,25.19,149.96,15.34,7.25,2.62,85,0.63,0.4206,71.94,30.46,0.4001,3
user_0121,37,25.35,149.98,15.27,7.28,2.62,85,0.62,0.4224,71.69,30.7,0.3979,3
user_0121,38,25.03,149.7,15.19,7.3,2.61,85,0.63,0.4242,71.75,30.51,0.3972,3
user_0121,39,25.19,150.47,15.32,7.29,2.63,85,0.63,0.4194,71.83,30.43,0.3963,3
user_0121,40,20.0,163.95,18.39,8.29,3.25,97,0.53,0.5048,66.57,33.93,0.4674,4
user_0121,41,20.0,163.85,18.4,8.32,3.24,97,0.52,0.5054,66.47,33.99,0.4667,4
user_0121,42,20.0,164.02,18.36,8.33,3.27,98,0.52,0.5045,66.39,34.06,0.4688,4
user_0121,43,20.0,163.99,18.39,8.28,3.25,98,0.52,0.5028,66.48,33.81,0.4673,4
user_0121,44,20.0,164.15,18.43,8.32,3.27,97,0.52,0.5039,66.48,33.97,0.47,4
user_0121,45,20.0,163.8,18.26,8.34,3.26,98,0.52,0.5029,66.39,34.05,0.468,4
user_0121,46,20.0,163.82,18.51,8.34,3.25,97,0.52,0.504,66.29,34.05,0.4684,4
user_0121,47,20.0,164.1,18.34,8.31,3.25,97,0.53,0.5052,66.71,34.05,0.4674,4
user_0121,48,20.0,163.69,18.37,8.29,3.25,97,0.52,0.5077,66.6,34.03,0.4694,4
user_0121,49,20.0,163.71,18.47,8.31,3.25,97,0.52,0.5034,66.46,34.21,0.4705,4
user_0121,50,20.0,163.95,18.36,8.28,3.26,97,0.52,0.5042,66.58,34.0,0.4681,4
user_0121,51,20.0,163.84,18.42,8.3,3.24,97,0.52,0.5035,66.51,33.75,0.4691,4
user_0121,52,20.0,164.28,18.38,8.33,3.26,97,0.52,0.5043,66.35,34.04,0.4674,4
user_0121,53,20.0,164.05,18.5,8.33,3.26,97,0.52,0.5066,66.45,33.95,0.4691,4
user_0121,54,20.0,163.9,18.42,8.3,3.23,97,0.52,0.5032,66.64,33.7,0.4699,4
user_0121,55,20.0,163.7,18.36,8.32,3.26,97,0.52,0.5053,66.85,33.84,0.4697,4
user_0121,56,20.0,163.65,18.34,8.32,3.24,97,0.52,0.503,66.49,33.91,0.4674,4
user_0121,57,20.0,163.9,18.41,8.33,3.25,97,0.52,0.5047,66.71,34.09,0.4668,4
user_0121,58,20.0,163.74,18.28,8.28,3.23,97,0.51,0.5023,66.44,33.94,0.4681,4
user_0121,59,20.0,164.17,18.42,8.32,3.25,97,0.52,0.5043,66.61,33.83,0.4685,4
user_0122,0,54.83,107.41,3.85,4.64,0.43,39,1.0,0.1249,93.97,18.01,0.1115,0
user_0122,1,54.28,107.65,3.92,4.65,0.43,40,1.0,0.1242,94.04,18.11,0.11,0
user_0122,2,54.64,107.57,3.98,4.65,0.44,40,1.0,0.1242,93.98,18.12,0.1117,0
user_0122,3,54.62,107.8,4.01,4.64,0.41,39,1.0,0.1257,94.11,17.99,0.1091,0
user_0122,4,54.62,107.99,4.02,4.6,0.43,39,0.99,0.1248,94.1,17.9,0.1111,0
user_0122,5,54.72,107.61,4.03,4.63,0.44,40,1.01,0.1221,93.98,17.95,0.1109,0
user_0122,6,54.79,107.92,4.03,4.61,0.45,39,0.99,0.1228,93.99,18.1,0.1093,0
user_0122,7,54.74,107.56,3.96,4.6,0.45,39,1.0,0.1254,93.99,18.0,0.1109,0
user_0122,8,54.79,107.52,3.93,4.69,0.44,40,1.0,0.1238,93.94,17.96,0.1105,0
user_0122,9,54.97,107.86,3.93,4.63,0.43,39,1.0,0.1236,94.08,17.97,0.1105,0
user_0122,10,54.57,107.92,4.11,4.61,0.44,40,1.01,0.1267,94.03,18.05,0.1095,0
user_0122,11,54.48,107.71,4.0,4.63,0.44,39,1.01,0.1264,93.85,17.95,0.1101,0
user_0122,12,54.88,107.62,4.06,4.6,0.43,40,1.0,0.1278,94.08,18.09,0.11,0
user_0122,13,54.68,107.88,4.08,4.63,0.44,40,1.0,0.1261,93.91,18.06,0.1122,0
user_0122,14,44.85,132.23,9.37,6.42,1.51,61,0.82,0.2696,84.84,24.06,0.2318,1
user_0122,15,44.8,131.79,9.32,6.41,1.53,62,0.82,0.2707,84.77,23.9,0.229,1
user_0122,16,45.22,132.04,9.48,6.45,1.5,61,0.83,0.2675,84.89,23.98,0.2314,1
user_0122,17,45.29,131.85,9.42,6.44,1.51,61,0.82,0.2725,84.88,23.87,0.2301,1
user_0122,18,44.86,132.06,9.43,6.46,1.51,61,0.82,0.2702,85.15,24.01,0.2307,1
user_0122,19,45.2,131.7,9.39,6.41,1.52,61,0.83,0.2702,84.89,23.93,0.2304,1
user_0122,20,44.85,131.88,9.37,6.42,1.54,61,0.83,0.2714,85.15,23.92,0.23,2
user_0122,21,45.2,131.69,9.36,6.47,1.52,61,0.82,0.269,84.73,23.97,0.231,2
user_0122,22,44.93,131.38,9.42,6.42,1.5,61,0.82,0.2705,84.93,23.98,0.231,2
user_0122,23,44.99,131.17,9.37,6.44,1.52,61,0.82,0.2684,85.12,24.11,0.2288,2
user_0122,24,45.13,131.39,9.47,6.45,1.53,61,0.81,0.2699,85.14,24.14,0.229,2
user_0122,25,44.96,132.04,9.41,6.46,1.52,61,0.82,0.2716,84.97,24.01,0.2281,2
user_0122,26,44.96,131.76,9.38,6.43,1.51,61,0.83,0.2707,85.06,23.95,0.2295,2
user_0122,27,45.04,131.4,9.41,6.43,1.52,61,0.82,0.2692,85.05,23.92,0.2294,2
user_0122,28,44.83,131.18,9.51,6.49,1.52,61,0.82,0.2689,85.01,23.95,0.231,2
user_0122,29,45.11,131.89,9.53,6.41,1.51,61,0.82,0.271,85.03,23.91,0.2284,2
user_0122,30,45.0,131.9,9.33,6.45,1.53,61,0.83,0.2718,84.88,24.14,0.2303,2
user_0122,31,45.1,131.23,9.36,6.43,1.53,61,0.82,0.2677,85.01,24.0,0.2311,2
user_0122,32,44.9,131.54,9.5,6.46,1.53,61,0.82,0.2698,85.02,23.94,0.231,2
user_0122,33,45.06,131.85,9.38,6.42,1.52,61,0.81,0.2696,84.98,23.92,0.2302,2
user_0122,34,44.97,131.68,9.51,6.45,1.53,61,0.82,0.2702,84.8,23.9,0.2308,2
user_0122,35,45.09,131.62,9.41,6.42,1.53,61,0.81,0.2678,85.2,23.97,0.2313,2
user_0122,36,50.54,117.61,6.22,5.4,0.89,48,0.92,0.1845,90.26,20.55,0.1602,1
user_0122,37,50.43,117.82,6.22,5.42,0.89,48,0.92,0.1864,90.14,20.41,0.16,1
user_0122,38,50.73,117.74,6.25,5.4,0.88,49,0.93,0.1877,90.56,20.55,0.1612,1
user_0122,39,50.55,117.89,6.39,5.35,0.9,49,0.93,0.1862,90.13,20.31,0.1604,1
user_0122,40,50.44,118.16,6.17,5.42,0.89,49,0.92,0.1883,90.26,20.71,0.1608,1
user_0122,41,50.53,117.89,6.32,5.38,0.89,49,0.92,0.1845,90.15,20.68,0.1599,1
user_0122,42,50.93,117.74,6.09,5.41,0.89,48,0.92,0.1874,90.26,20.47,0.1581,1
user_0122,43,50.77,117.77,6.26,5.41,0.89,48,0.92,0.1858,90.27,20.31,0.1596,1
user_0122,44,50.82,116.87,6.06,5.38,0.89,48,0.93,0.1888,90.35,20.31,0.1594,1
user_0122,45,50.66,117.32,6.29,5.4,0.87,49,0.93,0.1836,90.24,20.55,0.1597,1
user_0122,46,50.81,117.46,6.23,5.38,0.88,49,0.92,0.1844,90.16,20.51,0.1609,1
user_0122,47,50.6,117.53,6.19,5.4,0.87,48,0.92,0.1841,90.34,20.49,0.1595,1
user_0122,48,50.7,117.85,6.33,5.39,0.88,49,0.93,0.1891,90.38,20.57,0.1579,1
user_0122,49,50.89,117.74,6.24,5.4,0.88,49,0.92,0.1869,90.32,20.5,0.1616,1
user_0122,50,50.75,118.54,6.2,5.39,0.89,49,0.93,0.1834,90.0,20.42,0.1608,1
user_0122,51,50.69,117.5,6.23,5.36,0.88,49,0.92,0.1872,90.08,20.43,0.1622,1
user_0122,52,50.26,117.73,6.3,5.39,0.9,49,0.92,0.1865,90.23,20.53,0.1596,1
user_0122,53,51.01,117.63,6.18,5.41,0.89,49,0.92,0.1835,90.38,20.4,0.1593,1
user_0122,54,50.62,117.58,6.18,5.35,0.9,49,0.92,0.1873,90.3,20.57,0.1609,1
user_0122,55,50.56,117.55,6.24,5.39,0.9,49,0.93,0.1862,90.16,20.56,0.1605,1
user_0122,56,51.2,117.44,6.28,5.37,0.89,49,0.93,0.1844,90.24,20.29,0.162,1
user_0122,57,50.54,117.29,6.26,5.36,0.88,48,0.93,0.188,90.31,20.48,0.159,1
user_0122,58,50.58,117.82,6.3,5.41,0.89,49,0.93,0.1863,90.13,20.38,0.1613,1
user_0122,59,50.67,118.01,6.32,5.37,0.9,49,0.92,0.1876,90.22,20.56,0.1613,1
user_0123,0,55.62,113.95,3.99,3.54,0.28,39,1.0,0.1288,93.76,18.02,0.1221,0
user_0123,1,55.83,113.88,4.17,3.54,0.26,39,1.0,0.1311,93.62,18.05,0.1212,0
user_0123,2,55.76,113.66,3.97,3.54,0.29,40,1.01,0.1318,93.7,17.95,0.1226,0
user_0123,3,55.91,114.09,4.0,3.52,0.29,39,1.01,0.1322,93.63,17.97,0.124,0
user_0123,4,55.58,113.73,4.13,3.5,0.28,39,1.01,0.1296,93.52,18.02,0.1214,0
user_0123,5,55.82,113.9,3.91,3.58,0.28,39,1.0,0.1329,93.53,17.95,0.1229,0
user_0123,6,55.65,113.83,3.97,3.54,0.27,40,1.0,0.1314,93.61,18.14,0.1198,0
user_0123,7,55.63,114.41,4.0,3.56,0.28,40,1.0,0.1307,93.75,18.15,0.1201,0
user_0123,8,55.81,113.58,4.0,3.52,0.26,40,0.99,0.1303,93.65,17.92,0.1226,0
user_0123,9,55.68,113.62,3.89,3.51,0.29,39,1.01,0.1302,93.57,18.06,0.1215,0
user_0123,10,55.87,113.53,3.93,3.54,0.29,40,1.0,0.1291,93.61,17.93,0.1232,0
user_0123,11,55.94,113.93,4.15,3.55,0.29,39,1.0,0.1302,93.57,17.96,0.1223,0
user_0123,12,55.64,113.93,3.94,3.51,0.28,39,1.01,0.1315,93.74,18.07,0.1218,0
user_0123,13,55.77,113.89,3.89,3.53,0.28,40,1.0,0.1302,93.54,17.96,0.1198,0
user_0123,14,56.01,113.94,3.97,3.54,0.27,39,0.99,0.1281,93.74,17.99,0.1202,0
user_0123,15,55.61,114.12,3.95,3.55,0.27,40,1.0,0.1294,93.65,18.03,0.1214,0
user_0123,16,55.7,113.56,4.01,3.56,0.27,39,0.99,0.1312,93.5,18.05,0.1225,0
user_0123,17,55.87,113.89,3.89,3.53,0.28,40,1.0,0.1298,93.65,17.99,0.1207,0
user_0123,18,55.59,113.78,3.94,3.49,0.27,40,1.0,0.1306,93.63,17.94,0.1199,0
user_0123,19,55.82,113.69,4.05,3.51,0.3,40,1.0,0.1289,93.68,18.06,0.1197,0
user_0123,20,55.71,113.77,4.03,3.49,0.29,40,1.0,0.1294,93.77,17.92,0.1198,0
user_0123,21,55.78,113.78,4.09,3.5,0.28,39,1.0,0.1288,93.79,17.93,0.1215,0
user_0123,22,55.74,113.54,4.03,3.54,0.28,40,1.0,0.1313,93.77,18.04,0.1224,0
user_0123,23,55.57,113.41,3.96,3.54,0.29,39,1.0,0.1321,93.89,18.14,0.1214,0
user_0123,24,55.65,113.92,4.06,3.56,0.29,39,0.99,0.1326,93.64,17.9,0.1208,0
user_0123,25,55.65,114.19,3.98,3.55,0.28,39,0.99,0.1317,93.59,17.83,0.1201,0
user_0123,26,55.82,114.0,3.83,3.52,0.28,40,1.0,0.1303,93.76,18.04,0.1226,0
user_0123,27,55.67,113.48,4.02,3.55,0.27,40,1.0,0.1279,93.64,18.02,0.1215,0
user_0123,28,55.9,113.48,4.16,3.53,0.28,40,0.99,0.1338,93.59,18.09,0.1219,0
user_0123,29,55.58,114.05,4.04,3.61,0.29,39,0.99,0.1293,93.69,17.96,0.1227,0
user_0123,30,55.79,113.48,3.97,3.51,0.28,40,1.0,0.1279,93.94,18.03,0.1223,0
user_0123,31,55.45,113.98,4.08,3.54,0.28,40,1.0,0.1294,93.64,18.11,0.1222,0
user_0123,32,55.62,113.63,3.84,3.54,0.28,40,1.02,0.1297,93.68,17.94,0.1218,0
user_0123,33,55.59,113.52,3.86,3.5,0.28,39,1.0,0.1297,93.68,18.01,0.122,0
user_0123,34,55.68,113.98,3.85,3.51,0.27,40,1.0,0.1289,93.68,18.08,0.1227,0
user_0123,35,55.87,113.83,4.02,3.52,0.28,39,1.0,0.1277,93.53,18.19,0.1218,0
user_0123,36,55.75,113.49,4.04,3.56,0.3,39,1.01,0.1304,93.41,17.85,0.1201,0
user_0123,37,55.82,113.75,3.95,3.53,0.3,39,1.0,0.1313,93.54,18.06,0.1229,0
user_0123,38,55.88,113.76,4.07,3.54,0.28,40,1.01,0.1318,93.65,17.95,0.1225,0
user_0123,39,55.76,114.08,3.93,3.56,0.27,39,1.0,0.1302,93.7,18.14,0.1214,0
user_0123,40,55.52,113.51,3.99,3.56,0.28,40,0.99,0.1278,93.68,17.94,0.1212,0
user_0123,41,55.74,113.49,4.04,3.53,0.28,40,1.01,0.13,93.61,18.07,0.1213,0
user_0123,42,55.8,114.0,4.1,3.52,0.27,39,1.0,0.1295,93.67,18.17,0.1214,0
user_0123,43,55.61,114.03,3.91,3.53,0.28,39,1.0,0.1295,93.71,18.02,0.1221,0
user_0123,44,55.59,113.65,4.02,3.51,0.28,40,1.0,0.1296,93.62,18.02,0.1212,0
user_0123,45,55.52,113.88,3.98,3.54,0.28,40,0.99,0.1313,93.61,17.99,0.1218,0
user_0123,46,55.68,113.81,4.0,3.54,0.27,40,1.0,0.1309,93.65,17.89,0.1245,0
user_0123,47,55.75,113.4,3.99,3.52,0.28,39,1.0,0.1291,93.81,17.99,0.1227,0
user_0123,48,55.86,113.91,4.01,3.56,0.28,40,1.0,0.1305,93.54,17.87,0.1219,0
user_0123,49,55.89,113.74,4.13,3.54,0.28,40,1.01,0.1284,93.66,18.05,0.1227,0
user_0123,50,55.82,113.75,3.98,3.53,0.27,39,1.0,0.1313,93.84,17.94,0.1223,0
user_0123,51,55.69,113.76,3.95,3.53,0.3,39,1.0,0.1295,93.51,17.98,0.1238,0
user_0123,52,55.61,113.55,3.93,3.57,0.29,40,1.01,0.1318,93.65,17.95,0.123,0
user_0123,53,55.75,113.57,4.04,3.52,0.29,39,1.0,0.1306,93.68,18.03,0.1217,0
user_0123,54,55.81,113.87,4.01,3.56,0.27,40,1.0,0.1312,93.72,18.07,0.1215,0
user_0123,55,55.63,113.91,4.11,3.52,0.27,40,1.0,0.1309,93.56,17.97,0.1219,0
user_0123,56,55.69,113.85,4.02,3.52,0.28,40,1.0,0.1308,93.52,18.18,0.1224,0
user_0123,57,55.43,113.54,3.95,3.57,0.31,40,1.01,0.1323,93.55,17.99,0.1218,0
user_0123,58,55.94,114.32,4.17,3.54,0.29,39,1.0,0.132,93.76,18.06,0.1211,0
user_0123,59,56.02,113.91,4.02,3.55,0.27,39,1.0,0.1289,93.67,17.8,0.1215,0
user_0124,0,44.47,112.07,3.98,3.87,0.43,40,0.99,0.1052,92.41,18.04,0.1092,0
user_0124,1,44.25,112.15,3.95,3.84,0.43,40,1.0,0.1048,92.42,18.15,0.1078,0
user_0124,2,44.13,112.31,4.01,3.82,0.41,40,0.99,0.105,92.43,18.04,0.1078,0
user_0124,3,44.06,112.54,4.18,3.83,0.42,39,1.0,0.1066,92.42,17.9,0.1084,0
user_0124,4,44.06,112.65,4.06,3.86,0.41,39,1.01,0.1038,92.4,18.0,0.1079,0
user_0124,5,44.19,112.33,3.9,3.8,0.41,39,0.99,0.1058,92.39,17.9,0.1082,0
user_0124,6,44.21,112.57,4.01,3.82,0.41,39,0.99,0.1087,92.29,18.01,0.1079,0
user_0124,7,44.24,112.45,3.92,3.85,0.43,39,1.0,0.1083,92.49,18.04,0.1067,0
user_0124,8,44.38,112.34,4.06,3.83,0.4,39,1.01,0.1103,92.36,17.85,0.1083,0
user_0124,9,44.29,112.57,4.08,3.84,0.41,40,0.99,0.1035,92.57,18.1,0.1063,0
user_0124,10,44.43,112.46,4.08,3.79,0.41,39,1.0,0.1059,92.23,17.95,0.1079,0
user_0124,11,44.16,112.35,4.17,3.83,0.4,40,1.0,0.1068,92.37,18.11,0.109,0
user_0124,12,44.37,112.53,4.07,3.83,0.42,39,1.0,0.1083,92.39,17.97,0.108,0
user_0124,13,44.3,112.06,3.94,3.82,0.42,39,1.0,0.1048,92.45,18.11,0.1086,0
user_0124,14,34.74,136.14,9.28,5.65,1.51,61,0.81,0.2488,83.24,23.91,0.2282,1
user_0124,15,34.71,136.43,9.47,5.65,1.5,61,0.82,0.2513,83.57,24.03,0.2288,1
user_0124,16,34.72,136.35,9.49,5.59,1.5,61,0.82,0.249,83.56,23.87,0.2291,1
user_0124,17,34.6,136.08,9.42,5.6,1.49,61,0.83,0.2512,83.48,24.06,0.229,1
user_0124,18,34.49,136.87,9.35,5.59,1.48,61,0.82,0.2492,83.4,23.96,0.2275,1
user_0124,19,34.71,136.58,9.43,5.57,1.5,61,0.82,0.2517,83.5,23.84,0.2296,1
user_0124,20,34.5,136.3,9.39,5.59,1.49,61,0.82,0.2507,83.63,24.17,0.2274,2
user_0124,21,34.98,136.21,9.3,5.62,1.49,61,0.82,0.2513,83.44,23.92,0.2269,2
user_0124,22,34.5,136.31,9.4,5.64,1.5,61,0.82,0.2501,83.35,24.06,0.2288,2
user_0124,23,34.82,136.72,9.59,5.67,1.5,61,0.83,0.2489,83.34,23.84,0.2283,2
user_0124,24,34.49,136.88,9.24,5.62,1.51,61,0.82,0.2482,83.3,24.06,0.2289,2
user_0124,25,34.77,136.39,9.53,5.63,1.5,61,0.81,0.2505,83.51,24.1,0.2277,2
user_0124,26,34.8,136.11,9.43,5.61,1.48,61,0.83,0.2513,83.38,23.98,0.227,2
user_0124,27,34.81,136.67,9.29,5.58,1.52,61,0.82,0.2488,83.39,24.0,0.2296,2
user_0124,28,34.55,136.69,9.34,5.59,1.5,61,0.82,0.2481,83.6,23.9,0.2288,2
user_0124,29,34.48,136.5,9.39,5.62,1.51,61,0.82,0.2466,83.44,24.14,0.2279,2
user_0124,30,34.89,136.66,9.37,5.62,1.48,61,0.82,0.2474,83.6,23.92,0.2304,2
user_0124,31,34.39,135.99,9.43,5.65,1.52,61,0.82,0.2517,83.41,24.04,0.2266,2
user_0124,32,34.83,137.18,9.34,5.7,1.51,61,0.82,0.2499,83.5,24.03,0.226,2
user_0124,33,34.7,136.89,9.45,5.59,1.49,61,0.82,0.2517,83.5,24.12,0.229,2
user_0124,34,34.7,136.61,9.22,5.61,1.51,61,0.83,0.2499,83.35,24.01,0.2274,2
user_0124,35,34.77,136.77,9.4,5.67,1.51,61,0.82,0.2491,83.46,24.02,0.2285,2
user_0124,36,40.19,122.34,6.12,4.55,0.86,48,0.93,0.1679,88.65,20.62,0.1597,1
user_0124,37,40.05,122.42,6.15,4.52,0.87,48,0.91,0.166,88.65,20.46,0.1587,1
user_0124,38,40.44,122.41,6.29,4.58,0.86,49,0.92,0.1653,88.51,20.32,0.1587,1
user_0124,39,40.41,122.38,6.26,4.61,0.87,49,0.92,0.1654,88.51,20.69,0.1591,1
user_0124,40,40.01,122.41,6.38,4.57,0.88,49,0.92,0.1642,88.55,20.6,0.1584,1
user_0124,41,40.11,122.45,6.26,4.62,0.88,48,0.93,0.1649,88.61,20.56,0.158,1
user_0124,42,40.32,122.15,6.36,4.57,0.85,49,0.93,0.1658,88.75,20.44,0.1566,1
user_0124,43,40.32,122.43,6.31,4.56,0.86,48,0.93,0.1641,88.75,20.46,0.1571,1
user_0124,44,40.16,122.28,6.28,4.58,0.88,48,0.93,0.1648,88.64,20.46,0.1578,1
user_0124,45,40.33,122.59,6.18,4.54,0.87,49,0.93,0.165,88.71,20.5,0.1595,1
user_0124,46,40.39,122.39,6.26,4.58,0.84,48,0.92,0.1641,88.78,20.39,0.1583,1
user_0124,47,40.21,122.21,6.27,4.62,0.85,49,0.92,0.1696,88.66,20.49,0.1559,1
user_0124,48,40.47,122.32,6.2,4.6,0.89,49,0.92,0.165,88.5,20.58,0.1582,1
user_0124,49,40.23,122.58,6.31,4.56,0.87,48,0.93,0.1658,88.56,20.33,0.1586,1
user_0124,50,40.18,122.53,6.16,4.6,0.87,48,0.92,0.1649,88.58,20.38,0.1604,1
user_0124,51,40.56,122.25,6.24,4.62,0.87,49,0.94,0.1661,88.74,20.63,0.1582,1
user_0124,52,40.49,122.46,6.43,4.58,0.88,48,0.92,0.1675,88.83,20.3,0.1572,1
user_0124,53,40.32,122.37,6.31,4.53,0.89,48,0.93,0.1662,88.87,20.35,0.1585,1
user_0124,54,40.07,122.68,6.22,4.59,0.86,49,0.92,0.1666,88.47,20.56,0.1568,1
user_0124,55,40.53,122.25,6.18,4.59,0.85,48,0.93,0.1649,88.79,20.63,0.159,1
user_0124,56,40.06,122.23,6.17,4.57,0.87,49,0.93,0.1685,88.75,20.57,0.1571,1
user_0124,57,40.4,122.55,6.28,4.58,0.88,49,0.93,0.1666,88.64,20.53,0.1591,1
user_0124,58,40.0,122.18,6.3,4.59,0.87,49,0.93,0.1672,88.65,20.63,0.1584,1
user_0124,59,40.01,122.54,6.14,4.6,0.86,48,0.93,0.1681,88.64,20.54,0.1586,1
user_0125,0,42.4,117.14,4.04,4.51,0.25,40,1.0,0.0898,93.37,18.0,0.1368,0
user_0125,1,42.85,117.41,3.88,4.48,0.29,40,1.0,0.0921,93.28,18.16,0.1391,0
user_0125,2,42.76,117.2,4.03,4.46,0.26,39,1.01,0.0926,93.37,17.82,0.1396,0
user_0125,3,42.42,117.1,3.91,4.43,0.27,39,0.99,0.0907,93.44,17.96,0.1384,0
user_0125,4,42.73,117.41,4.01,4.5,0.24,39,1.0,0.0958,93.52,17.88,0.1385,0
user_0125,5,42.67,117.22,4.05,4.52,0.25,39,1.0,0.0923,93.4,18.02,0.1382,0
user_0125,6,42.49,117.29,3.97,4.49,0.26,39,1.01,0.0928,93.54,17.97,0.1376,0
user_0125,7,42.55,117.24,3.98,4.45,0.25,40,1.0,0.0962,93.43,17.99,0.1391,0
user_0125,8,42.52,117.53,4.1,4.48,0.25,40,1.0,0.0909,93.35,17.84,0.138,0
user_0125,9,42.65,117.65,3.95,4.44,0.26,40,1.0,0.0908,93.44,17.79,0.1386,0
user_0125,10,42.78,117.29,3.98,4.44,0.25,40,1.0,0.0937,93.25,17.97,0.1368,0
user_0125,11,42.59,117.17,4.1,4.45,0.25,40,1.0,0.0928,93.31,17.9,0.138,0
user_0125,12,42.61,116.97,3.92,4.5,0.26,40,1.0,0.0933,93.09,17.88,0.139,0
user_0125,13,42.5,117.21,4.03,4.45,0.25,39,1.0,0.0906,93.36,18.0,0.1385,0
user_0125,14,42.49,117.25,4.07,4.48,0.27,39,1.0,0.0921,93.1,18.09,0.1392,0
user_0125,15,42.82,116.9,4.01,4.46,0.27,39,1.0,0.0931,93.4,18.04,0.1384,0
user_0125,16,42.55,117.24,4.06,4.45,0.25,39,0.99,0.0901,93.18,17.98,0.1389,0
user_0125,17,42.5,116.86,4.07,4.47,0.25,40,0.99,0.0945,93.36,17.99,0.1381,0
user_0125,18,42.61,117.38,3.87,4.45,0.25,39,1.0,0.0942,93.26,17.89,0.1379,0
user_0125,19,42.82,117.27,3.96,4.46,0.24,39,1.0,0.0937,93.31,17.93,0.1393,0
user_0125,20,42.54,117.02,3.94,4.46,0.25,39,1.0,0.0929,93.42,18.01,0.1381,0
user_0125,21,42.52,117.16,3.92,4.46,0.26,40,1.0,0.0981,93.36,17.83,0.1388,0
user_0125,22,42.77,117.2,3.89,4.42,0.25,39,1.0,0.0924,93.48,18.08,0.1379,0
user_0125,23,42.53,117.5,4.01,4.47,0.27,39,1.0,0.0924,93.1,17.88,0.1375,0
user_0125,24,42.8,117.23,3.98,4.5,0.25,39,1.0,0.0929,93.36,18.05,0.1376,0
user_0125,25,42.32,117.36,3.86,4.47,0.26,40,1.0,0.096,93.19,18.15,0.1377,0
user_0125,26,42.6,117.3,4.1,4.44,0.28,39,1.0,0.0939,93.43,17.86,0.1364,0
user_0125,27,42.79,117.32,3.86,4.45,0.25,40,1.0,0.0927,93.3,18.17,0.1393,0
user_0125,28,42.7,117.31,4.01,4.44,0.26,39,0.99,0.0928,93.33,18.13,0.1393,0
user_0125,29,42.45,117.52,3.81,4.48,0.25,39,0.99,0.0952,93.37,18.04,0.1394,0
user_0125,30,42.56,117.61,3.98,4.39,0.27,39,1.0,0.0941,93.09,17.99,0.1383,0
user_0125,31,42.73,117.38,3.9,4.45,0.25,39,1.0,0.0952,93.37,18.04,0.1372,0
user_0125,32,42.3,117.41,4.08,4.47,0.26,39,1.0,0.0919,93.37,17.98,0.139,0
user_0125,33,42.71,117.17,4.04,4.45,0.27,40,1.0,0.0919,93.35,17.88,0.1388,0
user_0125,34,42.28,116.99,4.03,4.5,0.26,39,1.0,0.0922,93.15,17.96,0.1406,0
user_0125,35,42.62,117.37,3.86,4.5,0.27,40,1.0,0.092,93.3,18.27,0.138,0
user_0125,36,42.87,117.78,4.03,4.46,0.24,40,1.0,0.0928,93.28,18.03,0.1389,0
user_0125,37,42.59,117.56,4.0,4.46,0.24,39,1.0,0.0893,93.38,18.09,0.1406,0
user_0125,38,42.46,117.24,4.03,4.46,0.25,39,1.0,0.0948,93.33,17.99,0.1388,0
user_0125,39,42.71,117.35,3.91,4.48,0.25,39,0.99,0.0929,93.27,17.97,0.1374,0
user_0125,40,42.73,117.17,3.95,4.42,0.27,39,1.0,0.094,93.29,18.04,0.1389,0
user_0125,41,42.72,117.41,3.98,4.46,0.28,40,1.0,0.0935,93.37,18.0,0.1402,0
user_0125,42,42.58,117.24,4.06,4.44,0.25,40,1.0,0.0918,93.35,18.01,0.1398,0
user_0125,43,42.76,117.31,4.12,4.5,0.26,39,1.01,0.0949,93.21,17.94,0.1371,0
user_0125,44,42.44,117.58,4.01,4.45,0.26,40,1.01,0.0939,93.39,17.92,0.1385,0
user_0125,45,42.59,116.68,4.03,4.42,0.26,39,1.0,0.0922,93.27,17.98,0.1393,0
user_0125,46,42.43,117.27,4.16,4.45,0.26,40,1.01,0.0953,93.31,18.04,0.1382,0
user_0125,47,42.76,117.23,4.13,4.42,0.26,40,0.99,0.0905,93.46,18.05,0.1392,0
user_0125,48,42.85,117.18,4.13,4.54,0.27,40,1.0,0.0933,93.35,18.0,0.1373,0
user_0125,49,42.66,117.32,4.1,4.48,0.25,39,1.0,0.0917,93.34,17.93,0.1397,0
user_0125,50,42.68,117.51,3.99,4.47,0.26,40,1.0,0.092,93.41,17.94,0.1405,0
user_0125,51,42.63,117.54,3.97,4.46,0.25,39,0.99,0.0926,93.14,18.03,0.1383,0
user_0125,52,42.17,117.13,4.0,4.5,0.25,39,0.99,0.0922,93.23,17.98,0.1386,0
user_0125,53,42.68,117.4,3.95,4.48,0.24,40,1.0,0.0932,93.22,17.91,0.1391,0
user_0125,54,42.53,117.41,3.95,4.54,0.25,40,1.01,0.0947,93.29,17.99,0.1351,0
user_0125,55,42.25,117.26,3.96,4.44,0.26,39,1.0,0.0945,93.2,18.07,0.1387,0
user_0125,56,42.8,117.14,3.9,4.45,0.26,40,1.0,0.0927,93.32,18.07,0.1395,0
user_0125,57,42.65,117.33,4.02,4.47,0.26,39,0.99,0.0917,93.28,18.07,0.1381,0
user_0125,58,42.63,117.28,4.04,4.46,0.25,39,1.0,0.0885,93.34,18.09,0.1383,0
user_0125,59,42.65,117.16,4.0,4.46,0.26,39,0.99,0.0935,93.32,17.93,0.1391,0
user_0126,0,76.06,119.6,4.07,4.61,0.32,40,1.0,0.1278,95.26,18.07,0.1019,0
user_0126,1,75.83,119.05,4.11,4.63,0.31,40,1.0,0.1274,95.3,18.09,0.1032,0
user_0126,2,75.99,119.57,3.99,4.67,0.31,39,1.01,0.1288,95.15,18.21,0.1023,0
user_0126,3,75.57,119.56,3.92,4.66,0.33,39,1.0,0.1287,95.43,17.97,0.1017,0
user_0126,4,75.95,119.01,3.95,4.62,0.3,40,1.0,0.1293,95.28,18.02,0.1023,0
user_0126,5,75.96,120.1,3.91,4.68,0.33,39,1.0,0.1291,95.19,18.03,0.1032,0
user_0126,6,75.88,119.91,3.94,4.62,0.3,39,1.01,0.1275,95.39,17.98,0.1034,0
user_0126,7,75.71,119.94,3.96,4.64,0.32,40,1.0,0.1254,95.45,18.15,0.1023,0
user_0126,8,76.03,119.66,4.11,4.63,0.31,39,1.0,0.1285,95.51,17.83,0.1023,0
user_0126,9,75.79,119.32,3.92,4.66,0.29,39,1.01,0.1285,95.24,17.97,0.1029,0
user_0126,10,76.08,119.58,3.94,4.62,0.34,40,1.01,0.1314,95.32,18.03,0.1033,0
user_0126,11,76.11,119.86,4.04,4.64,0.3,39,1.0,0.1295,95.39,17.8,0.1029,0
user_0126,12,76.11,119.63,4.03,4.63,0.3,39,0.99,0.1306,95.28,18.04,0.1016,0
user_0126,13,75.9,119.56,3.97,4.62,0.32,40,1.0,0.1286,95.46,17.83,0.1034,0
user_0126,14,76.04,119.85,3.82,4.61,0.32,40,0.99,0.1277,95.39,18.09,0.104,0
user_0126,15,76.01,119.91,4.07,4.66,0.33,40,1.01,0.1283,95.3,18.17,0.1055,0
user_0126,16,76.01,119.88,3.85,4.63,0.32,39,1.0,0.1288,95.39,17.84,0.105,0
user_0126,17,76.12,119.78,4.0,4.61,0.32,39,1.01,0.1299,95.34,17.88,0.102,0
user_0126,18,75.81,119.66,4.11,4.66,0.32,39,1.0,0.1294,95.31,18.02,0.1019,0
user_0126,19,76.24,119.39,4.02,4.64,0.32,40,1.01,0.1276,95.42,18.01,0.104,0
user_0126,20,76.14,119.82,3.89,4.64,0.32,40,1.01,0.129,95.42,17.99,0.1045,0
user_0126,21,75.91,119.75,3.92,4.63,0.32,39,1.01,0.1289,95.37,18.0,0.1028,0
user_0126,22,75.67,119.88,4.09,4.64,0.3,40,1.01,0.1291,95.37,18.14,0.1039,0
user_0126,23,76.1,120.11,4.03,4.61,0.34,40,1.01,0.128,95.33,17.86,0.1029,0
user_0126,24,75.93,119.61,3.89,4.6,0.32,40,1.01,0.1273,95.35,17.99,0.1033,0
user_0126,25,75.87,119.26,4.01,4.62,0.31,39,1.0,0.1261,95.29,17.85,0.1042,0
user_0126,26,76.21,119.9,4.08,4.71,0.29,40,1.0,0.1292,95.25,18.03,0.1039,0
user_0126,27,76.05,119.33,4.07,4.62,0.31,39,1.0,0.1263,95.43,18.22,0.1032,0
user_0126,28,75.8,119.28,3.99,4.63,0.32,40,0.99,0.1283,95.22,18.03,0.1008,0
user_0126,29,75.75,119.58,4.05,4.62,0.32,39,1.0,0.1275,95.42,18.15,0.1042,0
user_0126,30,76.18,119.68,3.93,4.63,0.3,40,1.0,0.1271,95.31,17.79,0.1035,0
user_0126,31,75.72,119.72,4.02,4.61,0.31,40,0.99,0.1295,95.47,17.99,0.1043,0
user_0126,32,76.01,119.65,4.0,4.63,0.32,40,1.01,0.1278,95.25,18.1,0.1033,0
user_0126,33,75.95,119.11,4.12,4.62,0.32,39,1.0,0.13,95.21,18.16,0.1018,0
user_0126,34,75.96,119.46,4.05,4.68,0.32,39,1.0,0.1316,95.22,17.9,0.1028,0
user_0126,35,75.9,119.54,3.94,4.63,0.32,40,0.99,0.1274,95.27,18.0,0.1035,0
user_0126,36,75.79,119.68,4.14,4.62,0.3,40,1.0,0.1277,95.45,17.68,0.1028,0
user_0126,37,75.71,120.1,3.95,4.6,0.3,40,1.01,0.1283,95.31,17.94,0.1042,0
user_0126,38,75.87,119.48,3.96,4.65,0.32,39,1.0,0.1247,95.18,17.96,0.1023,0
user_0126,39,75.97,120.05,4.02,4.68,0.31,39,1.0,0.1307,95.36,18.09,0.1031,0
user_0126,40,75.79,119.91,3.97,4.64,0.3,40,1.0,0.1307,95.44,18.01,0.1011,0
user_0126,41,75.98,119.54,4.1,4.65,0.32,39,1.0,0.1261,95.2,17.99,0.1024,0
user_0126,42,76.02,119.89,4.03,4.69,0.31,40,1.01,0.1265,95.35,18.17,0.1028,0
user_0126,43,75.82,119.81,4.02,4.7,0.33,40,1.0,0.126,95.44,18.05,0.1032,0
user_0126,44,75.98,119.88,3.95,4.57,0.31,39,0.99,0.1285,95.53,17.99,0.1018,0
user_0126,45,76.0,119.77,4.0,4.6,0.32,40,1.01,0.1303,95.16,17.95,0.1023,0
user_0126,46,75.95,119.92,4.05,4.64,0.3,40,1.0,0.1238,95.34,17.88,0.103,0
user_0126,47,75.82,119.75,4.02,4.65,0.32,40,1.0,0.1288,95.38,18.0,0.1033,0
user_0126,48,75.83,119.86,4.08,4.66,0.31,40,1.0,0.1262,95.4,17.9,0.1026,0
user_0126,49,75.97,119.81,4.06,4.59,0.32,39,1.0,0.1285,95.09,18.22,0.1013,0
user_0126,50,76.0,119.64,3.98,4.59,0.32,40,1.0,0.129,95.3,18.09,0.1043,0
user_0126,51,75.77,119.46,3.94,4.64,0.32,39,1.0,0.1309,95.27,17.99,0.1043,0
user_0126,52,76.09,119.63,4.03,4.56,0.32,40,1.01,0.1311,95.29,18.13,0.1025,0
user_0126,53,75.97,120.03,4.02,4.65,0.32,39,1.0,0.1278,95.26,18.13,0.1025,0
user_0126,54,75.79,120.19,3.99,4.67,0.33,40,1.0,0.1279,95.2,18.03,0.1053,0
user_0126,55,75.72,119.88,3.97,4.59,0.31,39,1.0,0.1286,95.3,17.77,0.1051,0
user_0126,56,76.2,120.11,4.0,4.64,0.33,40,1.01,0.1287,95.33,18.1,0.1029,0
user_0126,57,76.03,119.42,3.88,4.63,0.31,39,1.0,0.1294,95.3,18.05,0.1034,0
user_0126,58,76.07,119.47,4.07,4.65,0.31,40,1.0,0.1307,95.13,17.94,0.1041,0
user_0126,59,76.05,119.98,3.9,4.61,0.33,40,1.0,0.1317,95.31,17.96,0.1019,0
user_0127,0,64.9,118.88,3.98,3.74,0.25,40,0.99,0.0876,90.89,17.74,0.1524,0
user_0127,1,64.89,118.66,4.02,3.72,0.25,40,1.0,0.0857,90.84,17.85,0.1502,0
user_0127,2,64.78,119.22,3.9,3.75,0.22,39,0.99,0.0855,91.07,17.93,0.1508,0
user_0127,3,64.58,119.16,3.93,3.78,0.26,40,1.0,0.0872,90.83,18.02,0.1509,0
user_0127,4,64.73,118.66,3.94,3.71,0.26,39,1.0,0.0896,90.94,17.94,0.1518,0
user_0127,5,64.61,118.59,3.86,3.75,0.24,40,1.0,0.0897,90.9,18.08,0.1521,0
user_0127,6,64.71,118.82,3.98,3.75,0.26,39,1.01,0.089,91.15,18.03,0.1493,0
user_0127,7,64.89,118.87,3.98,3.76,0.24,39,1.0,0.0897,90.96,18.01,0.1508,0
user_0127,8,64.86,118.75,4.09,3.77,0.27,39,1.0,0.0863,90.88,18.07,0.1505,0
user_0127,9,64.64,119.06,4.03,3.69,0.26,40,1.0,0.0867,91.04,17.95,0.1505,0
user_0127,10,64.79,119.0,4.02,3.79,0.23,39,1.01,0.0918,91.11,18.05,0.1515,0
user_0127,11,64.91,118.72,4.05,3.72,0.25,39,1.0,0.0879,91.0,17.9,0.1503,0
user_0127,12,64.96,118.4,4.0,3.78,0.26,40,1.0,0.0876,91.06,18.12,0.1509,0
user_0127,13,64.94,118.61,3.91,3.77,0.27,40,1.0,0.0843,91.05,17.95,0.1527,0
user_0127,14,64.9,118.89,3.96,3.78,0.26,39,1.01,0.0902,91.02,18.08,0.1512,0
user_0127,15,64.63,118.95,3.99,3.72,0.24,39,0.99,0.0878,91.1,17.87,0.1495,0
user_0127,16,65.07,118.63,4.0,3.76,0.25,39,1.0,0.0877,91.02,17.88,0.1521,0
user_0127,17,64.52,118.92,3.92,3.76,0.24,40,1.0,0.09,90.94,18.15,0.1507,0
user_0127,18,64.78,119.0,3.88,3.74,0.25,39,1.0,0.0912,90.91,18.08,0.15,0
user_0127,19,64.8,119.0,4.06,3.76,0.26,39,1.0,0.0902,90.81,17.96,0.1504,0
user_0127,20,64.81,119.09,4.02,3.74,0.26,40,1.0,0.0911,91.09,18.27,0.1487,0
user_0127,21,64.98,119.24,3.95,3.75,0.25,39,1.0,0.0936,90.99,18.06,0.151,0
user_0127,22,64.8,118.58,4.07,3.75,0.23,40,1.0,0.0904,90.86,17.99,0.15,0
user_0127,23,64.66,118.92,3.97,3.76,0.24,39,1.0,0.0893,91.01,18.0,0.1501,0
user_0127,24,65.02,118.92,3.91,3.7,0.26,39,1.0,0.0869,91.0,18.03,0.1515,0
user_0127,25,64.77,118.84,3.92,3.74,0.25,40,1.0,0.0871,90.86,18.15,0.1512,0
user_0127,26,65.14,118.97,4.05,3.73,0.26,39,1.0,0.0888,91.14,17.99,0.1507,0
user_0127,27,64.5,118.39,4.03,3.78,0.25,39,1.0,0.089,91.06,17.9,0.1509,0
user_0127,28,64.63,119.14,3.92,3.74,0.25,39,1.0,0.092,91.08,18.03,0.1513,0
user_0127,29,64.53,119.02,4.15,3.74,0.27,39,1.0,0.0867,91.03,18.01,0.1504,0
user_0127,30,64.66,118.92,3.95,3.78,0.25,39,1.01,0.088,91.09,18.01,0.1487,0
user_0127,31,64.87,118.85,4.04,3.75,0.25,40,1.01,0.0895,90.81,17.85,0.1511,0
user_0127,32,64.7,119.13,4.02,3.76,0.24,40,1.0,0.0873,90.9,18.17,0.1512,0
user_0127,33,64.73,118.73,4.0,3.76,0.24,39,0.99,0.0886,91.14,17.87,0.1505,0
user_0127,34,64.75,118.58,3.97,3.72,0.24,40,1.0,0.0882,91.12,18.07,0.1526,0
user_0127,35,64.77,118.6,3.99,3.8,0.24,40,0.99,0.0881,90.94,17.91,0.1514,0
user_0127,36,65.0,119.09,4.0,3.71,0.25,40,1.0,0.0907,90.97,17.94,0.1516,0
user_0127,37,64.92,119.24,4.04,3.73,0.22,39,1.0,0.0907,91.11,17.96,0.1515,0
user_0127,38,64.58,119.18,3.98,3.76,0.25,40,0.99,0.0878,91.1,18.05,0.1496,0
user_0127,39,64.84,118.6,3.91,3.73,0.25,39,1.0,0.0876,90.99,18.04,0.1525,0
user_0127,40,64.88,118.79,3.93,3.72,0.24,39,1.01,0.0885,90.93,18.01,0.1523,0
user_0127,41,64.67,118.98,3.97,3.75,0.26,40,1.0,0.0904,91.03,17.87,0.1505,0
user_0127,42,65.14,118.84,3.98,3.74,0.24,39,0.99,0.0875,90.96,18.06,0.1503,0
user_0127,43,64.81,118.57,3.87,3.76,0.26,40,1.01,0.0907,91.06,17.94,0.1509,0
user_0127,44,64.74,118.81,4.03,3.78,0.26,39,1.0,0.0892,91.11,18.19,0.1508,0
user_0127,45,64.76,118.9,4.08,3.76,0.24,40,1.0,0.0877,90.92,17.88,0.1505,0
user_0127,46,64.96,119.12,4.0,3.79,0.25,39,0.99,0.089,90.9,18.15,0.1494,0
user_0127,47,64.98,118.92,3.91,3.71,0.25,39,0.99,0.0916,91.08,17.89,0.1488,0
user_0127,48,64.96,118.53,4.01,3.76,0.24,39,0.99,0.0894,91.23,17.89,0.1497,0
user_0127,49,64.9,118.26,3.94,3.75,0.24,40,1.0,0.0889,90.91,17.96,0.1507,0
user_0127,50,64.82,119.22,4.05,3.74,0.25,40,1.0,0.0896,90.97,18.03,0.1517,0
user_0127,51,64.94,118.65,3.92,3.79,0.27,40,1.0,0.0882,90.89,18.02,0.1505,0
user_0127,52,64.77,118.58,4.07,3.76,0.25,39,0.99,0.087,91.07,17.95,0.1496,0
user_0127,53,64.88,118.78,4.03,3.72,0.25,40,1.01,0.0875,90.96,18.08,0.1507,0
user_0127,54,64.84,119.21,4.02,3.73,0.26,39,1.0,0.0878,90.87,17.99,0.1507,0
user_0127,55,64.75,119.12,3.94,3.76,0.24,40,1.0,0.0862,90.97,18.02,0.1515,0
user_0127,56,64.95,119.02,4.06,3.78,0.25,39,1.0,0.0876,91.1,18.12,0.1519,0
user_0127,57,64.61,119.13,3.96,3.76,0.26,39,1.0,0.0864,90.97,18.1,0.152,0
user_0127,58,64.91,118.72,3.95,3.74,0.25,40,1.0,0.088,90.95,18.11,0.1507,0
user_0127,59,65.02,119.1,3.96,3.74,0.25,39,1.01,0.0879,91.0,18.03,0.1514,0
user_0128,0,63.71,119.03,4.02,3.57,0.27,39,0.99,0.1049,93.79,18.05,0.0907,0
user_0128,1,64.11,118.71,4.08,3.65,0.26,39,1.0,0.1048,93.43,17.97,0.0907,0
user_0128,2,63.78,119.13,3.99,3.65,0.27,39,1.0,0.1068,93.6,18.28,0.0909,0
user_0128,3,63.95,118.52,3.76,3.63,0.24,40,1.01,0.1039,93.57,17.78,0.0904,0
user_0128,4,63.6,118.65,4.01,3.66,0.26,39,1.0,0.1033,93.63,17.93,0.0937,0
user_0128,5,63.71,119.04,3.99,3.61,0.27,39,1.0,0.1045,93.84,17.99,0.0927,0
user_0128,6,63.67,118.88,4.08,3.62,0.28,39,1.01,0.1049,93.61,18.04,0.0918,0
user_0128,7,63.91,118.92,3.96,3.62,0.24,39,1.0,0.1069,93.71,18.02,0.0921,0
user_0128,8,63.74,118.94,4.05,3.6,0.26,40,1.0,0.1055,93.53,18.1,0.09,0
user_0128,9,63.68,119.03,4.06,3.61,0.27,39,1.0,0.1066,93.62,18.15,0.0924,0
user_0128,10,63.89,119.02,3.84,3.65,0.27,40,0.99,0.1049,93.59,17.81,0.0941,0
user_0128,11,63.97,118.76,3.95,3.62,0.27,39,1.0,0.104,93.54,17.95,0.0915,0
user_0128,12,63.56,118.97,4.11,3.59,0.26,39,0.99,0.1005,93.55,17.93,0.093,0
user_0128,13,63.78,119.18,4.0,3.61,0.28,39,1.0,0.1042,93.57,18.11,0.0921,0
user_0128,14,55.63,139.02,8.58,5.1,1.16,57,0.85,0.2256,86.13,23.02,0.1934,1
user_0128,15,55.8,139.15,8.46,5.13,1.17,57,0.85,0.2227,86.17,22.87,0.1933,1
user_0128,16,55.75,138.77,8.56,5.13,1.16,57,0.85,0.2251,86.07,22.9,0.1933,1
user_0128,17,55.84,139.37,8.6,5.12,1.17,57,0.85,0.2252,86.12,22.96,0.1927,1
user_0128,18,55.7,138.69,8.43,5.09,1.17,57,0.85,0.227,86.03,22.89,0.1922,1
user_0128,19,55.7,139.21,8.49,5.1,1.16,58,0.85,0.2255,86.04,22.9,0.1911,1
user_0128,20,43.67,169.1,15.14,7.34,2.52,85,0.63,0.4032,74.87,30.34,0.3406,3
user_0128,21,43.72,169.02,15.33,7.36,2.52,84,0.63,0.4061,74.8,30.46,0.3423,3
user_0128,22,43.7,168.69,15.27,7.37,2.51,85,0.62,0.4055,74.89,30.41,0.3402,3
user_0128,23,43.86,168.76,15.29,7.39,2.53,84,0.63,0.4037,74.93,30.52,0.3436,3
user_0128,24,43.84,169.27,15.25,7.35,2.54,85,0.62,0.4041,74.97,30.29,0.3407,3
user_0128,25,43.77,168.43,15.19,7.37,2.52,85,0.63,0.4025,74.76,30.48,0.3431,3
user_0128,26,43.88,168.99,15.09,7.39,2.51,84,0.63,0.4038,74.89,30.52,0.3439,3
user_0128,27,43.7,169.15,15.16,7.37,2.51,85,0.63,0.4068,74.89,30.41,0.3404,3
user_0128,28,43.69,169.21,15.29,7.36,2.51,84,0.62,0.4054,74.91,30.65,0.3428,3
user_0128,29,43.46,169.23,15.27,7.36,2.51,85,0.63,0.4042,74.96,30.77,0.341,3
user_0128,30,43.68,168.95,15.14,7.36,2.52,84,0.62,0.4063,74.9,30.56,0.3427,3
user_0128,31,43.91,168.95,15.27,7.38,2.52,84,0.63,0.4027,74.94,30.51,0.3415,3
user_0128,32,43.54,168.99,15.16,7.34,2.49,85,0.62,0.4071,75.01,30.46,0.3418,3
user_0128,33,43.8,168.77,15.23,7.35,2.5,85,0.63,0.4059,74.84,30.43,0.3409,3
user_0128,34,43.85,168.8,15.31,7.35,2.52,85,0.64,0.404,74.83,30.49,0.3432,3
user_0128,35,43.79,168.65,15.35,7.34,2.51,84,0.62,0.4035,74.96,30.49,0.3416,3
user_0128,36,43.95,169.22,15.25,7.35,2.5,85,0.62,0.4046,74.72,30.45,0.3438,3
user_0128,37,43.76,169.28,15.23,7.39,2.5,84,0.63,0.4047,74.79,30.55,0.3419,3
user_0128,38,43.9,168.64,15.23,7.37,2.53,85,0.62,0.4058,74.59,30.38,0.3427,3
user_0128,39,43.87,168.77,15.16,7.39,2.52,85,0.62,0.4038,74.92,30.41,0.3412,3
user_0128,40,38.05,183.17,18.44,8.39,3.13,98,0.53,0.4872,69.69,33.75,0.4113,4
user_0128,41,37.92,182.72,18.41,8.43,3.13,97,0.52,0.4905,69.52,33.79,0.4128,4
user_0128,42,37.96,183.8,18.24,8.45,3.16,97,0.52,0.4881,69.68,34.0,0.4104,4
user_0128,43,37.98,182.82,18.43,8.48,3.14,97,0.52,0.4896,69.62,34.06,0.4131,4
user_0128,44,37.99,182.92,18.49,8.39,3.14,97,0.53,0.4869,69.69,34.09,0.4131,4
user_0128,45,38.15,182.85,18.41,8.46,3.14,97,0.53,0.4874,69.71,34.03,0.4128,4
user_0128,46,37.93,182.76,18.35,8.41,3.14,97,0.52,0.4863,69.68,33.89,0.4127,4
user_0128,47,37.92,183.03,18.4,8.42,3.13,97,0.52,0.487,69.73,33.9,0.4117,4
user_0128,48,38.34,182.98,18.29,8.38,3.13,97,0.52,0.4917,69.48,34.1,0.4131,4
user_0128,49,38.36,182.64,18.37,8.42,3.14,97,0.52,0.4908,69.71,33.85,0.4122,4
user_0128,50,37.99,182.55,18.4,8.39,3.16,97,0.53,0.4895,69.61,33.97,0.4107,4
user_0128,51,37.9,182.87,18.42,8.44,3.15,97,0.52,0.4883,69.81,34.22,0.4132,4
user_0128,52,38.09,182.49,18.32,8.42,3.15,97,0.52,0.4902,69.74,33.89,0.4121,4
user_0128,53,38.23,182.77,18.42,8.45,3.16,96,0.52,0.4894,69.7,34.07,0.4117,4
user_0128,54,38.15,183.06,18.32,8.41,3.14,97,0.51,0.4892,69.68,34.08,0.4123,4
user_0128,55,38.15,183.0,18.34,8.43,3.12,97,0.52,0.4879,69.6,33.99,0.4112,4
user_0128,56,38.05,183.1,18.45,8.41,3.13,97,0.51,0.4873,69.55,34.13,0.4113,4
user_0128,57,38.26,182.64,18.37,8.44,3.14,97,0.52,0.4917,69.78,33.95,0.4117,4
user_0128,58,38.25,183.22,18.56,8.38,3.14,97,0.52,0.4891,69.69,34.08,0.4129,4
user_0128,59,38.18,183.08,18.3,8.38,3.15,97,0.52,0.4883,69.59,33.99,0.4111,4
user_0129,0,63.17,113.75,4.04,4.17,0.33,40,1.0,0.0596,96.0,17.92,0.0925,0
user_0129,1,63.02,114.19,4.09,4.15,0.34,40,1.0,0.0611,96.0,17.99,0.0926,0
user_0129,2,63.04,113.88,4.03,4.21,0.34,40,1.0,0.0605,95.98,17.91,0.0922,0
user_0129,3,63.32,113.28,4.07,4.18,0.35,40,1.0,0.0613,96.0,18.1,0.094,0
user_0129,4,63.0,113.79,3.95,4.17,0.34,39,1.0,0.0618,95.91,17.88,0.0924,0
user_0129,5,63.01,114.32,3.99,4.18,0.34,39,0.99,0.0636,96.13,17.9,0.0921,0
user_0129,6,63.28,113.43,4.0,4.17,0.34,40,1.0,0.0624,95.78,18.07,0.0915,0
user_0129,7,63.41,113.91,3.98,4.23,0.34,40,0.99,0.0605,95.93,17.98,0.0903,0
user_0129,8,62.83,113.79,3.89,4.2,0.36,40,1.0,0.0582,96.06,17.99,0.092,0
user_0129,9,62.91,113.69,4.09,4.16,0.34,40,1.0,0.0631,95.93,17.98,0.0907,0
user_0129,10,62.94,113.52,4.0,4.22,0.35,40,1.0,0.06,95.97,18.04,0.0921,0
user_0129,11,63.12,113.74,4.02,4.17,0.33,39,1.0,0.0613,95.85,17.98,0.0909,0
user_0129,12,63.28,113.9,3.77,4.18,0.33,39,0.99,0.0628,96.1,17.85,0.0927,0
user_0129,13,63.4,113.71,3.93,4.18,0.35,40,1.0,0.0601,96.02,17.99,0.0917,0
user_0129,14,53.43,137.81,9.26,5.99,1.43,61,0.82,0.2031,87.05,24.09,0.2132,1
user_0129,15,53.13,137.89,9.27,5.99,1.42,61,0.82,0.2056,86.95,24.02,0.2125,1
user_0129,16,53.52,137.96,9.3,5.98,1.42,61,0.82,0.2047,87.01,23.99,0.2119,1
user_0129,17,53.54,137.78,9.3,6.02,1.43,61,0.82,0.2064,86.93,24.12,0.2095,1
user_0129,18,53.23,137.58,9.43,5.98,1.42,61,0.82,0.2036,86.86,23.87,0.2105,1
user_0129,19,53.27,137.4,9.38,6.01,1.43,61,0.82,0.2083,86.95,23.89,0.2113,1
user_0129,20,53.4,137.54,9.4,6.01,1.41,61,0.82,0.2062,87.1,24.05,0.2109,2
user_0129,21,53.75,137.89,9.57,5.93,1.45,61,0.82,0.2041,87.07,24.12,0.2098,2
user_0129,22,53.57,137.6,9.44,5.95,1.43,61,0.82,0.2069,87.03,23.91,0.2122,2
user_0129,23,53.47,137.81,9.37,5.93,1.42,61,0.82,0.2054,86.95,24.21,0.2112,2
user_0129,24,53.5,138.23,9.32,6.0,1.41,61,0.82,0.2072,86.9,24.03,0.2108,2
user_0129,25,53.58,138.0,9.45,5.96,1.41,61,0.81,0.2063,87.14,23.92,0.2121,2
user_0129,26,53.36,138.07,9.48,5.98,1.43,61,0.81,0.2062,86.94,24.01,0.2112,2
user_0129,27,53.49,137.99,9.31,5.94,1.42,61,0.82,0.2047,87.12,24.14,0.2122,2
user_0129,28,53.54,138.01,9.37,6.0,1.41,62,0.83,0.2065,86.97,24.07,0.2115,2
user_0129,29,53.4,137.9,9.26,6.0,1.41,61,0.81,0.2049,87.04,24.09,0.2109,2
user_0129,30,53.34,138.01,9.54,5.96,1.4,61,0.82,0.2041,87.01,24.19,0.2122,2
user_0129,31,53.6,137.8,9.44,6.02,1.41,61,0.82,0.2054,86.88,24.04,0.2121,2
user_0129,32,53.46,138.12,9.41,5.93,1.43,61,0.83,0.2083,87.1,24.0,0.2122,2
user_0129,33,53.37,137.91,9.34,6.03,1.41,61,0.82,0.2064,87.23,23.93,0.2116,2
user_0129,34,53.48,137.5,9.32,5.93,1.44,61,0.81,0.2049,87.12,24.05,0.2121,2
user_0129,35,53.73,138.02,9.2,5.97,1.43,61,0.82,0.2095,86.9,23.78,0.2091,2
user_0129,36,59.22,123.72,6.14,4.92,0.79,48,0.92,0.1224,92.32,20.51,0.1415,1
user_0129,37,59.11,123.77,6.12,4.91,0.79,48,0.93,0.1195,92.48,20.71,0.1413,1
user_0129,38,58.86,123.62,6.34,4.92,0.8,49,0.93,0.1222,92.22,20.65,0.1421,1
user_0129,39,59.26,123.7,6.24,5.0,0.79,49,0.92,0.122,92.21,20.65,0.1409,1
user_0129,40,59.02,123.9,6.17,4.93,0.79,49,0.92,0.1242,92.3,20.37,0.1406,1
user_0129,41,59.02,123.58,6.36,4.92,0.79,49,0.94,0.1213,92.42,20.46,0.1425,1
user_0129,42,58.96,123.96,6.22,4.95,0.8,49,0.93,0.1208,92.32,20.34,0.1441,1
user_0129,43,59.18,123.89,6.29,4.91,0.79,49,0.92,0.1197,92.24,20.54,0.1415,1
user_0129,44,59.24,123.8,6.37,4.99,0.79,48,0.92,0.1214,92.33,20.47,0.1416,1
user_0129,45,59.01,123.68,6.26,4.95,0.8,48,0.93,0.1225,92.24,20.47,0.1422,1
user_0129,46,59.1,123.7,6.41,4.94,0.79,49,0.93,0.1221,92.34,20.45,0.1418,1
user_0129,47,58.96,123.96,6.25,4.91,0.79,49,0.93,0.1233,92.34,20.55,0.1423,1
user_0129,48,59.04,123.49,6.2,4.93,0.79,48,0.93,0.123,92.28,20.45,0.1403,1
user_0129,49,59.06,123.25,6.33,4.93,0.81,49,0.93,0.1207,92.21,20.66,0.142,1
user_0129,50,58.89,123.68,6.36,4.96,0.8,49,0.92,0.1206,92.24,20.45,0.1423,1
user_0129,51,59.2,123.89,6.17,4.97,0.8,48,0.92,0.1204,92.41,20.41,0.1405,1
user_0129,52,59.25,123.98,6.21,4.94,0.79,49,0.92,0.1223,92.25,20.44,0.1425,1
user_0129,53,59.09,124.0,6.29,4.93,0.8,49,0.93,0.121,92.2,20.52,0.1407,1
user_0129,54,59.11,123.81,6.17,4.96,0.81,49,0.92,0.1218,92.22,20.57,0.1414,1
user_0129,55,59.12,123.85,6.17,4.93,0.8,49,0.92,0.1205,92.19,20.38,0.1435,1
user_0129,56,59.08,123.72,6.3,4.91,0.8,48,0.93,0.1217,92.39,20.56,0.1392,1
user_0129,57,58.9,124.17,6.23,4.88,0.79,48,0.93,0.1203,92.24,20.61,0.1411,1
user_0129,58,58.96,123.85,6.31,4.93,0.8,48,0.92,0.1228,92.15,20.44,0.1418,1
user_0129,59,59.23,123.74,6.21,4.97,0.79,48,0.92,0.1217,92.39,20.35,0.1408,1
user_0130,0,59.87,120.43,4.0,4.26,0.31,39,1.0,0.086,96.71,18.02,0.057,0
user_0130,1,59.62,120.52,4.05,4.3,0.32,40,1.0,0.0841,96.57,18.07,0.0567,0
user_0130,2,59.55,120.36,3.96,4.24,0.29,40,1.0,0.0882,96.71,18.01,0.0566,0
user_0130,3,59.61,119.9,4.09,4.26,0.3,40,0.99,0.087,96.73,18.11,0.0573,0
user_0130,4,59.52,120.55,4.06,4.26,0.3,40,1.0,0.087,96.65,18.22,0.0555,0
user_0130,5,59.6,120.78,3.96,4.24,0.3,40,1.0,0.0877,96.91,18.07,0.0572,0
user_0130,6,59.78,120.64,3.92,4.24,0.32,39,1.0,0.0876,96.69,17.89,0.0567,0
user_0130,7,59.92,120.3,3.94,4.25,0.28,39,1.0,0.0884,96.78,18.05,0.0563,0
user_0130,8,59.72,120.63,4.06,4.22,0.3,40,1.0,0.0874,96.76,17.98,0.0575,0
user_0130,9,59.5,120.36,3.91,4.24,0.3,40,1.0,0.0867,96.64,17.94,0.0566,0
user_0130,10,59.63,120.19,3.99,4.25,0.31,40,1.0,0.0885,96.71,18.23,0.0567,0
user_0130,11,59.66,120.27,3.92,4.29,0.31,40,1.0,0.0882,96.88,17.97,0.056,0
user_0130,12,59.79,120.53,4.03,4.24,0.3,40,1.0,0.0855,96.77,17.92,0.0576,0
user_0130,13,59.54,120.6,3.88,4.22,0.32,40,0.99,0.0869,96.61,18.07,0.057,0
user_0130,14,50.1,144.28,9.46,6.05,1.37,61,0.82,0.231,87.73,24.02,0.1773,1
user_0130,15,49.93,144.43,9.48,6.06,1.38,61,0.82,0.2318,87.67,23.85,0.1775,1
user_0130,16,50.39,144.65,9.5,6.02,1.39,61,0.82,0.2287,87.84,24.08,0.1767,1
user_0130,17,50.05,144.64,9.3,6.03,1.4,61,0.83,0.2302,87.68,24.1,0.1773,1
user_0130,18,50.41,144.32,9.36,6.05,1.38,61,0.82,0.2312,87.96,23.79,0.1764,1
user_0130,19,50.09,144.66,9.45,6.02,1.37,61,0.82,0.2329,87.8,23.89,0.1763,1
user_0130,20,50.29,144.36,9.48,6.05,1.39,62,0.82,0.2293,87.67,24.0,0.1767,2
user_0130,21,50.02,144.74,9.41,6.06,1.37,61,0.82,0.232,87.58,23.89,0.1749,2
user_0130,22,49.78,144.51,9.51,6.06,1.39,61,0.82,0.2306,87.8,23.96,0.1772,2
user_0130,23,49.83,143.87,9.49,6.02,1.4,61,0.82,0.2309,87.72,24.1,0.1758,2
user_0130,24,50.23,144.21,9.3,6.01,1.37,61,0.82,0.2305,87.67,23.96,0.1781,2
user_0130,25,50.03,144.3,9.36,6.06,1.36,61,0.82,0.2287,87.68,23.93,0.1767,2
user_0130,26,50.01,143.95,9.46,6.04,1.39,61,0.82,0.2328,87.75,23.9,0.1767,2
user_0130,27,50.25,144.02,9.41,6.07,1.4,61,0.82,0.2293,87.77,23.93,0.1776,2
user_0130,28,49.89,144.46,9.4,6.04,1.39,61,0.83,0.2293,87.83,23.87,0.1767,2
user_0130,29,49.95,144.18,9.36,6.03,1.4,61,0.82,0.2291,87.76,24.09,0.1761,2
user_0130,30,50.15,144.33,9.39,6.03,1.38,61,0.82,0.2347,87.76,24.02,0.1773,2
user_0130,31,50.05,144.74,9.41,6.05,1.38,61,0.81,0.234,87.75,23.96,0.1762,2
user_0130,32,50.12,144.23,9.33,6.06,1.37,61,0.82,0.2315,87.73,23.99,0.1766,2
user_0130,33,50.17,144.41,9.46,6.06,1.38,61,0.82,0.228,87.72,23.94,0.1773,2
user_0130,34,49.93,144.43,9.39,5.99,1.39,61,0.82,0.2311,87.76,23.89,0.176,2
user_0130,35,49.94,143.92,9.5,6.1,1.38,61,0.82,0.2318,87.84,24.08,0.1775,2
user_0130,36,55.83,130.27,6.13,5.01,0.75,49,0.92,0.1473,93.03,20.5,0.1087,1
user_0130,37,55.7,130.14,6.25,4.98,0.74,49,0.93,0.1457,93.03,20.6,0.105,1
user_0130,38,55.97,130.09,6.33,4.95,0.76,48,0.94,0.1456,92.9,20.42,0.1073,1
user_0130,39,55.86,130.16,6.29,4.99,0.74,49,0.94,0.1472,92.87,20.58,0.1074,1
user_0130,40,55.63,130.5,6.09,4.96,0.75,48,0.92,0.1472,92.96,20.55,0.1065,1
user_0130,41,55.75,130.27,6.31,5.0,0.74,49,0.93,0.1453,93.12,20.46,0.1056,1
user_0130,42,55.5,130.55,6.26,4.96,0.76,49,0.92,0.1477,92.84,20.44,0.1071,1
user_0130,43,56.12,130.56,6.24,4.97,0.75,49,0.93,0.1487,92.96,20.47,0.1055,1
user_0130,44,55.81,130.72,6.23,4.97,0.74,49,0.92,0.1453,92.83,20.56,0.1096,1
user_0130,45,55.81,130.02,6.2,4.94,0.77,48,0.93,0.1468,93.08,20.5,0.1077,1
user_0130,46,55.73,130.2,6.28,5.0,0.75,48,0.93,0.1496,92.9,20.36,0.107,1
user_0130,47,55.76,130.57,6.22,5.05,0.77,49,0.92,0.1435,92.88,20.55,0.1075,1
user_0130,48,55.64,130.48,6.35,5.03,0.74,48,0.92,0.142,93.01,20.32,0.1055,1
user_0130,49,55.42,130.65,6.29,5.06,0.77,48,0.93,0.1468,93.0,20.43,0.1074,1
user_0130,50,55.64,130.28,6.24,5.01,0.74,49,0.92,0.146,92.93,20.58,0.1071,1
user_0130,51,55.84,130.63,6.41,4.95,0.75,48,0.93,0.1473,92.91,20.54,0.1079,1
user_0130,52,55.46,130.39,6.26,4.96,0.74,48,0.93,0.1483,93.03,20.57,0.1077,1
user_0130,53,55.94,130.42,6.11,5.03,0.78,48,0.93,0.1478,93.05,20.52,0.1052,1
user_0130,54,55.72,130.81,6.3,4.99,0.74,49,0.93,0.1472,92.95,20.57,0.1078,1
user_0130,55,55.75,130.76,6.33,5.0,0.75,48,0.92,0.1453,92.97,20.53,0.1068,1
user_0130,56,55.84,130.47,6.2,4.97,0.76,48,0.92,0.1476,92.89,20.45,0.1067,1
user_0130,57,55.73,130.5,6.25,4.99,0.75,49,0.92,0.1483,92.99,20.48,0.1069,1
user_0130,58,55.58,130.62,6.3,4.98,0.76,48,0.92,0.1472,92.97,20.49,0.1078,1
user_0130,59,55.8,130.6,6.18,4.99,0.76,49,0.92,0.1449,93.05,20.57,0.1067,1
user_0131,0,63.43,101.9,3.97,4.68,0.34,40,1.0,0.0877,96.79,18.0,0.0732,0
user_0131,1,63.65,101.63,4.04,4.68,0.34,40,1.0,0.0844,96.64,18.05,0.0751,0
user_0131,2,63.94,101.06,3.99,4.72,0.33,40,0.99,0.087,96.7,18.02,0.0736,0
user_0131,3,63.65,101.67,3.98,4.71,0.34,39,1.0,0.085,96.85,18.03,0.0755,0
user_0131,4,63.76,101.6,3.98,4.69,0.35,40,1.01,0.0873,96.63,17.96,0.0741,0
user_0131,5,63.66,101.53,4.01,4.74,0.35,39,1.0,0.0877,96.96,17.96,0.0722,0
user_0131,6,63.84,101.66,4.04,4.68,0.35,40,1.0,0.0845,96.7,17.99,0.0742,0
user_0131,7,63.78,101.4,4.04,4.69,0.34,40,1.0,0.086,96.9,18.12,0.0741,0
user_0131,8,63.73,101.08,3.91,4.72,0.34,40,1.0,0.0858,96.69,18.08,0.0745,0
user_0131,9,63.54,101.87,3.98,4.72,0.36,39,1.01,0.0834,96.63,17.96,0.0725,0
user_0131,10,63.57,101.79,3.97,4.7,0.35,40,1.01,0.0848,96.89,18.02,0.0737,0
user_0131,11,63.74,101.61,4.12,4.71,0.36,39,1.0,0.0862,96.79,18.03,0.0754,0
user_0131,12,63.68,101.65,4.04,4.68,0.35,39,1.0,0.0841,96.91,17.98,0.0728,0
user_0131,13,63.52,101.44,3.98,4.7,0.35,40,0.99,0.087,96.78,17.87,0.0732,0
user_0131,14,56.14,121.4,8.65,6.19,1.25,57,0.85,0.2043,89.18,23.08,0.1741,1
user_0131,15,55.73,122.0,8.44,6.21,1.24,58,0.85,0.2058,89.24,22.95,0.1745,1
user_0131,16,55.91,121.64,8.55,6.21,1.24,58,0.85,0.2058,89.29,22.87,0.1724,1
user_0131,17,55.8,121.45,8.58,6.19,1.26,57,0.85,0.2055,89.22,22.93,0.1725,1
user_0131,18,55.92,121.8,8.57,6.22,1.25,57,0.85,0.2035,89.29,23.01,0.1739,1
user_0131,19,55.87,121.88,8.48,6.21,1.24,57,0.85,0.2083,89.22,22.91,0.1739,1
user_0131,20,43.92,151.66,15.35,8.42,2.61,84,0.61,0.3839,78.04,30.35,0.3229,3
user_0131,21,43.72,151.72,15.35,8.47,2.58,85,0.62,0.3859,77.98,30.45,0.3228,3
user_0131,22,43.72,151.36,15.33,8.44,2.61,85,0.63,0.3842,78.01,30.38,0.3254,3
user_0131,23,43.87,151.41,15.23,8.47,2.59,84,0.63,0.388,77.98,30.58,0.323,3
user_0131,24,43.8,151.56,15.22,8.42,2.59,84,0.62,0.3859,78.0,30.51,0.3235,3
user_0131,25,43.79,151.32,15.26,8.41,2.59,84,0.62,0.3865,78.0,30.53,0.3244,3
user_0131,26,43.81,151.28,15.25,8.42,2.59,85,0.62,0.3871,77.99,30.35,0.3232,3
user_0131,27,43.88,151.65,15.17,8.43,2.6,84,0.62,0.3865,78.17,30.53,0.3243,3
user_0131,28,43.65,151.22,15.18,8.44,2.6,85,0.63,0.388,77.78,30.4,0.3252,3
user_0131,29,43.84,151.51,15.08,8.41,2.61,84,0.63,0.3855,78.21,30.5,0.3221,3
user_0131,30,43.87,151.55,15.2,8.45,2.61,84,0.62,0.3864,77.92,30.53,0.3248,3
user_0131,31,43.61,151.07,15.42,8.45,2.59,84,0.62,0.3866,77.75,30.57,0.3229,3
user_0131,32,44.01,151.63,15.32,8.44,2.6,85,0.62,0.3868,78.04,30.64,0.3229,3
user_0131,33,43.66,151.83,15.23,8.42,2.59,84,0.62,0.3818,78.01,30.35,0.3248,3
user_0131,34,43.68,151.33,15.25,8.45,2.6,84,0.63,0.386,77.98,30.56,0.3228,3
user_0131,35,43.61,151.69,15.1,8.45,2.59,85,0.62,0.384,78.22,30.63,0.3228,3
user_0131,36,43.6,151.3,15.28,8.45,2.59,85,0.62,0.3833,78.25,30.59,0.3234,3
user_0131,37,43.81,151.56,15.13,8.44,2.6,85,0.61,0.3864,78.03,30.49,0.3223,3
user_0131,38,43.98,151.52,15.23,8.44,2.58,85,0.63,0.3851,77.79,30.55,0.3243,3
user_0131,39,43.79,151.45,15.13,8.46,2.58,85,0.63,0.3856,77.96,30.25,0.3226,3
user_0131,40,38.11,165.13,18.5,9.48,3.22,98,0.53,0.4727,72.86,34.07,0.3928,4
user_0131,41,37.96,165.73,18.36,9.44,3.23,97,0.51,0.4722,72.65,34.22,0.3949,4
user_0131,42,38.33,165.38,18.41,9.5,3.23,97,0.53,0.4691,72.78,33.94,0.392,4
user_0131,43,38.34,165.63,18.47,9.47,3.22,97,0.52,0.4719,72.73,34.05,0.3953,4
user_0131,44,38.13,165.6,18.39,9.5,3.24,97,0.52,0.4714,72.89,33.85,0.3932,4
user_0131,45,38.23,165.54,18.41,9.5,3.22,96,0.52,0.4698,72.59,33.93,0.3945,4
user_0131,46,38.15,165.58,18.32,9.51,3.25,97,0.52,0.4705,72.67,34.1,0.3934,4
user_0131,47,38.44,165.98,18.36,9.51,3.22,97,0.52,0.4705,72.79,34.08,0.3925,4
user_0131,48,38.25,165.59,18.31,9.52,3.24,97,0.52,0.4696,72.99,34.09,0.3928,4
user_0131,49,37.94,165.43,18.37,9.5,3.23,97,0.51,0.4709,72.83,33.82,0.3927,4
user_0131,50,38.11,165.66,18.37,9.49,3.22,97,0.52,0.4688,72.75,34.09,0.3938,4
user_0131,51,38.15,165.78,18.37,9.49,3.24,97,0.52,0.4712,72.64,34.12,0.3916,4
user_0131,52,38.19,165.37,18.43,9.53,3.22,97,0.53,0.4698,72.73,33.97,0.3932,4
user_0131,53,38.05,165.47,18.34,9.52,3.22,97,0.52,0.4686,72.63,33.98,0.3928,4
user_0131,54,38.07,165.74,18.42,9.53,3.22,97,0.52,0.4717,72.67,34.16,0.393,4
user_0131,55,38.27,165.53,18.25,9.48,3.23,97,0.52,0.4699,72.75,33.73,0.393,4
user_0131,56,38.06,165.71,18.46,9.5,3.23,97,0.52,0.4696,72.73,34.0,0.3916,4
user_0131,57,38.33,165.28,18.23,9.51,3.22,97,0.51,0.4695,72.64,34.04,0.3927,4
user_0131,58,38.24,165.43,18.35,9.52,3.25,97,0.52,0.4699,72.75,33.82,0.3925,4
user_0131,59,37.96,165.24,18.51,9.44,3.23,97,0.52,0.4684,72.69,34.12,0.3931,4
user_0132,0,71.31,87.84,3.91,4.48,0.31,39,1.0,0.0724,95.69,17.92,0.0983,0
user_0132,1,71.18,88.03,3.99,4.43,0.3,40,1.0,0.0708,95.92,17.88,0.097,0
user_0132,2,71.2,87.51,4.02,4.4,0.29,39,0.99,0.0722,95.98,18.06,0.0974,0
user_0132,3,71.12,87.61,3.93,4.46,0.31,39,1.0,0.0686,95.81,18.22,0.098,0
user_0132,4,70.99,87.64,3.99,4.45,0.29,40,1.0,0.0716,95.91,18.06,0.0979,0
user_0132,5,70.92,87.47,3.92,4.49,0.31,39,1.0,0.0701,95.84,18.1,0.0982,0
user_0132,6,71.58,87.81,4.01,4.48,0.3,40,1.0,0.0713,95.86,17.85,0.0973,0
user_0132,7,71.15,87.91,3.97,4.43,0.3,39,1.0,0.073,95.7,17.97,0.0975,0
user_0132,8,70.99,87.79,4.04,4.44,0.3,40,1.0,0.0689,95.92,18.03,0.0987,0
user_0132,9,71.24,88.22,4.04,4.46,0.3,40,1.0,0.072,95.92,17.97,0.0958,0
user_0132,10,71.47,87.64,3.98,4.43,0.3,40,0.99,0.0719,95.93,18.0,0.0982,0
user_0132,11,71.23,87.55,4.03,4.42,0.3,39,0.99,0.0721,95.84,18.15,0.0963,0
user_0132,12,71.32,87.73,4.08,4.46,0.3,40,1.0,0.0726,95.9,17.97,0.0965,0
user_0132,13,71.2,88.15,3.96,4.42,0.3,40,1.0,0.0724,95.86,18.02,0.0983,0
user_0132,14,71.25,88.09,3.99,4.4,0.3,39,1.01,0.0716,95.77,18.07,0.0977,0
user_0132,15,71.26,87.54,3.99,4.39,0.32,39,1.0,0.0701,95.83,18.09,0.0987,0
user_0132,16,71.59,88.07,3.96,4.42,0.31,40,1.0,0.0695,95.86,17.97,0.0987,0
user_0132,17,71.5,87.44,3.99,4.43,0.31,39,1.0,0.0705,95.93,17.98,0.0982,0
user_0132,18,71.1,87.71,4.04,4.44,0.29,40,0.99,0.0686,95.81,17.88,0.0976,0
user_0132,19,71.05,88.25,3.94,4.46,0.31,40,1.0,0.0727,95.9,18.0,0.0977,0
user_0132,20,71.48,87.75,4.0,4.41,0.31,40,1.01,0.0719,95.89,18.12,0.0965,0
user_0132,21,71.37,87.36,3.87,4.42,0.3,39,1.0,0.0706,95.75,18.1,0.0983,0
user_0132,22,71.24,87.89,4.02,4.39,0.32,40,1.0,0.0743,95.76,17.91,0.0984,0
user_0132,23,71.19,87.86,3.83,4.44,0.3,40,0.99,0.0723,95.82,18.05,0.0974,0
user_0132,24,71.24,87.72,3.99,4.38,0.3,39,1.0,0.0739,95.95,18.04,0.096,0
user_0132,25,71.15,87.63,4.07,4.44,0.32,40,1.0,0.0718,95.86,17.84,0.0971,0
user_0132,26,71.4,88.13,3.97,4.46,0.3,39,0.99,0.0731,95.87,17.93,0.0993,0
user_0132,27,71.26,88.1,3.9,4.46,0.31,39,1.0,0.07,95.94,17.93,0.0952,0
user_0132,28,71.46,87.82,3.98,4.42,0.33,39,1.0,0.0708,95.76,17.96,0.0979,0
user_0132,29,71.21,87.29,3.9,4.45,0.29,40,1.01,0.0721,95.84,18.01,0.0977,0
user_0132,30,71.27,87.45,3.99,4.45,0.31,39,1.0,0.0718,95.84,18.02,0.0977,0
user_0132,31,71.27,87.74,4.06,4.41,0.29,39,1.0,0.0713,95.85,17.94,0.0993,0
user_0132,32,71.36,87.66,3.97,4.43,0.31,40,1.01,0.0723,95.75,18.14,0.0974,0
user_0132,33,71.27,87.77,3.95,4.43,0.3,40,0.99,0.0735,95.89,18.02,0.0969,0
user_0132,34,71.55,88.19,4.02,4.41,0.3,39,1.0,0.0711,95.74,17.96,0.0979,0
user_0132,35,71.23,87.62,3.98,4.41,0.3,40,1.0,0.0718,95.74,17.82,0.0968,0
user_0132,36,71.27,87.56,3.87,4.42,0.3,40,1.0,0.07,95.95,18.19,0.0978,0
user_0132,37,71.49,87.93,4.14,4.43,0.31,40,1.0,0.0723,95.84,17.93,0.0961,0
user_0132,38,71.46,88.14,3.99,4.41,0.31,40,0.99,0.0734,95.77,17.97,0.0969,0
user_0132,39,71.13,87.26,4.01,4.4,0.31,39,1.0,0.0708,95.88,18.01,0.0988,0
user_0132,40,71.16,88.26,4.12,4.46,0.3,40,1.0,0.0702,95.75,17.98,0.0959,0
user_0132,41,71.17,87.64,4.03,4.44,0.29,40,0.99,0.0688,95.9,18.12,0.0976,0
user_0132,42,71.35,87.93,4.0,4.44,0.3,39,1.0,0.0731,95.81,17.91,0.1002,0
user_0132,43,71.32,87.31,3.96,4.37,0.31,40,1.0,0.0707,95.82,18.06,0.0985,0
user_0132,44,71.24,87.83,4.06,4.46,0.3,40,1.0,0.0712,95.83,18.02,0.0965,0
user_0132,45,71.16,87.45,4.04,4.43,0.31,40,1.0,0.0684,95.8,17.87,0.0969,0
user_0132,46,70.96,87.97,3.87,4.41,0.3,40,1.0,0.0703,95.72,18.04,0.0958,0
user_0132,47,71.15,88.19,4.07,4.4,0.32,39,1.0,0.0718,95.81,18.02,0.0988,0
user_0132,48,71.53,87.82,3.94,4.43,0.33,40,1.0,0.0716,95.91,17.97,0.0979,0
user_0132,49,71.14,87.42,3.93,4.46,0.29,40,1.0,0.0727,95.7,17.95,0.0979,0
user_0132,50,71.29,88.09,3.97,4.46,0.31,40,1.0,0.069,95.86,18.09,0.0969,0
user_0132,51,71.1,87.6,3.98,4.45,0.31,39,0.99,0.0734,95.68,17.97,0.0974,0
user_0132,52,71.0,87.36,3.83,4.45,0.3,39,1.0,0.0686,95.64,18.02,0.0972,0
user_0132,53,71.0,87.78,4.02,4.45,0.31,40,1.0,0.0726,95.9,17.96,0.0952,0
user_0132,54,71.17,87.45,4.2,4.4,0.31,39,0.99,0.0728,95.77,18.23,0.0991,0
user_0132,55,71.21,87.37,4.05,4.42,0.31,40,1.0,0.072,95.77,18.1,0.0966,0
user_0132,56,71.41,87.83,3.89,4.4,0.3,39,0.99,0.0686,95.7,18.06,0.0974,0
user_0132,57,71.13,87.61,4.07,4.47,0.29,39,1.0,0.0707,95.95,17.89,0.097,0
user_0132,58,71.31,87.74,3.97,4.44,0.31,39,1.0,0.0693,95.74,17.91,0.0976,0
user_0132,59,71.26,88.02,3.93,4.42,0.3,40,1.0,0.0699,95.74,17.87,0.0982,0
user_0133,0,73.92,119.45,4.03,3.88,0.21,40,1.0,0.1247,93.24,17.97,0.1434,0
user_0133,1,73.97,118.97,4.05,3.84,0.21,39,1.01,0.1199,93.05,17.8,0.1434,0
user_0133,2,73.97,119.22,4.05,3.86,0.22,39,1.0,0.1214,93.13,18.2,0.1443,0
user_0133,3,74.02,119.42,4.09,3.82,0.21,40,0.99,0.1208,93.16,18.1,0.1475,0
user_0133,4,73.88,119.13,4.03,3.79,0.18,39,1.0,0.1232,93.14,17.87,0.143,0
user_0133,5,74.12,119.07,3.97,3.82,0.2,40,1.01,0.1224,93.26,17.9,0.1444,0
user_0133,6,74.15,119.19,4.0,3.85,0.22,40,0.99,0.1221,93.11,17.97,0.1427,0
user_0133,7,73.9,119.04,3.99,3.84,0.21,40,1.0,0.119,93.33,18.05,0.1446,0
user_0133,8,74.03,119.31,4.07,3.81,0.21,40,1.0,0.1208,93.2,17.98,0.1449,0
user_0133,9,73.88,118.99,4.04,3.88,0.21,39,1.01,0.1222,93.16,18.17,0.1433,0
user_0133,10,73.89,119.33,4.21,3.81,0.19,40,1.01,0.1229,93.11,17.89,0.1434,0
user_0133,11,73.96,119.33,3.98,3.82,0.2,40,1.0,0.1225,93.21,17.81,0.144,0
user_0133,12,73.84,119.64,3.91,3.78,0.21,40,1.0,0.1222,93.16,17.95,0.1442,0
user_0133,13,73.79,119.62,3.95,3.8,0.21,39,1.01,0.1186,93.01,17.96,0.1442,0
user_0133,14,65.83,139.18,8.63,5.31,1.09,57,0.84,0.2424,85.72,22.99,0.2444,1
user_0133,15,65.78,139.48,8.46,5.37,1.1,57,0.85,0.2424,85.82,23.04,0.2462,1
user_0133,16,65.82,139.2,8.42,5.32,1.1,57,0.85,0.2424,85.63,23.03,0.2436,1
user_0133,17,65.91,139.37,8.5,5.33,1.08,58,0.86,0.2431,85.62,23.1,0.2445,1
user_0133,18,65.81,139.17,8.49,5.27,1.1,57,0.84,0.2418,85.64,22.9,0.2442,1
user_0133,19,65.82,139.03,8.59,5.33,1.11,58,0.85,0.2406,85.61,23.19,0.2439,1
user_0133,20,53.81,169.28,15.2,7.57,2.47,85,0.62,0.4209,74.24,30.42,0.395,3
user_0133,21,53.84,169.91,15.05,7.57,2.45,85,0.63,0.4211,74.55,30.38,0.3938,3
user_0133,22,53.78,169.12,15.23,7.6,2.44,84,0.63,0.4218,74.31,30.52,0.3952,3
user_0133,23,54.12,169.18,15.29,7.58,2.46,85,0.62,0.4213,74.36,30.49,0.3929,3
user_0133,24,53.93,169.21,15.24,7.59,2.44,85,0.63,0.4237,74.41,30.53,0.3951,3
user_0133,25,53.84,169.37,15.19,7.59,2.46,84,0.63,0.4209,74.41,30.58,0.3951,3
user_0133,26,54.01,169.25,15.3,7.57,2.46,84,0.62,0.4202,74.41,30.65,0.3955,3
user_0133,27,54.19,169.09,15.45,7.61,2.46,85,0.62,0.4206,74.38,30.49,0.3936,3
user_0133,28,53.94,169.37,15.26,7.58,2.45,85,0.62,0.4227,74.43,30.31,0.3963,3
user_0133,29,54.13,169.81,15.32,7.58,2.46,84,0.62,0.4247,74.39,30.51,0.3945,3
user_0133,30,53.91,169.49,15.24,7.67,2.43,84,0.63,0.4192,74.44,30.47,0.3939,3
user_0133,31,54.13,169.28,15.19,7.61,2.45,84,0.62,0.4214,74.5,30.49,0.395,3
user_0133,32,53.96,169.08,15.25,7.6,2.45,84,0.63,0.4202,74.57,30.61,0.3938,3
user_0133,33,54.01,169.23,15.36,7.54,2.45,84,0.63,0.4187,74.46,30.69,0.3935,3
user_0133,34,53.72,169.41,15.23,7.6,2.46,85,0.62,0.4243,74.5,30.43,0.3934,3
user_0133,35,54.14,169.42,15.2,7.57,2.45,85,0.62,0.4235,74.46,30.64,0.3929,3
user_0133,36,54.17,169.54,15.26,7.57,2.47,84,0.62,0.4223,74.31,30.48,0.3931,3
user_0133,37,53.71,169.77,15.2,7.6,2.47,84,0.62,0.4242,74.33,30.46,0.3935,3
user_0133,38,53.97,168.79,15.3,7.59,2.46,85,0.63,0.4211,74.43,30.43,0.3942,3
user_0133,39,53.83,169.28,15.22,7.56,2.46,85,0.63,0.4189,74.34,30.49,0.3945,3
user_0133,40,48.42,183.31,18.4,8.62,3.08,98,0.53,0.5064,69.06,33.88,0.464,4
user_0133,41,48.27,182.96,18.41,8.58,3.08,97,0.52,0.5029,68.99,33.98,0.4634,4
user_0133,42,48.16,182.71,18.33,8.63,3.08,97,0.51,0.505,69.09,34.03,0.4646,4
user_0133,43,48.41,182.98,18.43,8.64,3.1,98,0.53,0.5049,69.1,33.98,0.4635,4
user_0133,44,48.66,183.49,18.45,8.65,3.1,97,0.52,0.5067,69.25,33.89,0.4664,4
user_0133,45,48.25,183.63,18.39,8.66,3.08,97,0.53,0.5078,69.17,34.09,0.4633,4
user_0133,46,48.35,183.53,18.43,8.64,3.09,98,0.53,0.5061,69.17,34.02,0.4627,4
user_0133,47,48.38,182.96,18.37,8.65,3.08,97,0.52,0.5074,69.15,33.99,0.4652,4
user_0133,48,48.32,183.34,18.37,8.57,3.08,97,0.52,0.5069,69.27,34.08,0.4656,4
user_0133,49,48.3,183.62,18.45,8.64,3.06,97,0.52,0.5059,69.3,34.13,0.4637,4
user_0133,50,48.36,183.18,18.37,8.63,3.08,97,0.52,0.5062,69.19,33.99,0.463,4
user_0133,51,48.15,183.12,18.26,8.63,3.07,97,0.52,0.5026,69.08,34.02,0.4648,4
user_0133,52,48.3,183.31,18.39,8.62,3.07,97,0.52,0.5076,69.11,34.02,0.463,4
user_0133,53,48.31,183.0,18.36,8.65,3.08,97,0.52,0.5067,69.26,34.07,0.465,4
user_0133,54,48.42,183.14,18.29,8.61,3.09,97,0.52,0.5051,69.13,34.0,0.4646,4
user_0133,55,48.35,183.12,18.34,8.61,3.08,97,0.52,0.5047,69.24,34.06,0.4657,4
user_0133,56,48.4,182.9,18.28,8.63,3.08,97,0.51,0.5041,69.28,34.1,0.4643,4
user_0133,57,48.44,182.96,18.42,8.61,3.1,97,0.51,0.5037,69.17,33.91,0.4651,4
user_0133,58,48.07,183.23,18.28,8.62,3.07,97,0.52,0.5045,69.28,33.96,0.4613,4
user_0133,59,48.32,183.6,18.43,8.65,3.08,97,0.52,0.506,69.29,33.89,0.4622,4
user_0134,0,56.68,118.22,4.01,5.35,0.31,39,0.99,0.1113,92.57,17.91,0.0973,0
user_0134,1,56.5,118.31,4.09,5.35,0.32,40,1.01,0.1122,92.69,17.98,0.1002,0
user_0134,2,56.75,118.07,4.06,5.3,0.31,40,1.0,0.1123,92.49,18.13,0.1004,0
user_0134,3,56.45,118.96,4.07,5.35,0.31,40,0.99,0.1129,92.68,17.91,0.0998,0
user_0134,4,56.62,117.9,4.03,5.3,0.31,40,1.0,0.1113,92.59,17.95,0.0997,0
user_0134,5,56.58,118.18,3.95,5.28,0.31,39,1.0,0.1113,92.63,17.86,0.102,0
user_0134,6,56.71,118.17,3.9,5.34,0.3,39,1.0,0.1112,92.65,17.95,0.101,0
user_0134,7,56.59,118.34,3.91,5.31,0.31,39,1.0,0.1114,92.57,17.88,0.1005,0
user_0134,8,56.59,117.8,4.02,5.29,0.3,40,1.0,0.1117,92.63,17.97,0.1033,0
user_0134,9,56.68,118.43,3.88,5.31,0.3,40,1.01,0.111,92.51,17.9,0.1022,0
user_0134,10,56.53,118.21,4.04,5.27,0.32,40,0.99,0.1115,92.56,18.05,0.1014,0
user_0134,11,56.61,118.49,3.94,5.32,0.3,39,0.99,0.1099,92.66,17.97,0.0998,0
user_0134,12,56.61,118.53,3.84,5.38,0.3,39,1.01,0.1146,92.45,17.91,0.1005,0
user_0134,13,56.47,118.41,3.99,5.27,0.32,40,1.0,0.1152,92.68,17.91,0.0989,0
user_0134,14,46.68,142.03,9.42,7.11,1.38,61,0.82,0.2582,83.7,23.99,0.22,1
user_0134,15,47.17,142.34,9.36,7.08,1.4,61,0.82,0.2568,83.7,24.12,0.2202,1
user_0134,16,46.81,142.5,9.32,7.1,1.39,61,0.82,0.2596,83.64,23.9,0.2174,1
user_0134,17,47.0,142.34,9.55,7.06,1.4,61,0.83,0.2571,83.46,23.84,0.2194,1
user_0134,18,47.18,142.31,9.4,7.13,1.4,61,0.82,0.2559,83.58,23.94,0.2213,1
user_0134,19,47.2,142.48,9.29,7.11,1.38,61,0.82,0.2573,83.5,24.15,0.2189,1
user_0134,20,47.03,142.53,9.44,7.12,1.39,61,0.83,0.2559,83.46,23.95,0.2202,2
user_0134,21,47.05,142.44,9.46,7.08,1.38,61,0.82,0.2557,83.69,23.92,0.2206,2
user_0134,22,46.96,142.6,9.4,7.08,1.39,61,0.83,0.2564,83.63,23.83,0.2201,2
user_0134,23,46.78,142.39,9.38,7.12,1.39,61,0.82,0.2561,83.6,24.11,0.2212,2
user_0134,24,47.12,142.35,9.5,7.1,1.4,61,0.81,0.2599,83.74,23.98,0.2182,2
user_0134,25,46.79,142.43,9.45,7.12,1.39,60,0.82,0.2583,83.61,24.1,0.2222,2
user_0134,26,46.97,142.48,9.37,7.11,1.39,61,0.83,0.2547,83.66,24.01,0.2219,2
user_0134,27,47.05,142.26,9.42,7.15,1.39,61,0.81,0.256,83.63,23.77,0.2191,2
user_0134,28,47.06,141.91,9.44,7.11,1.38,61,0.82,0.2569,83.65,23.98,0.2188,2
user_0134,29,46.78,141.72,9.43,7.11,1.39,61,0.81,0.2546,83.5,23.97,0.2194,2
user_0134,30,47.24,142.46,9.55,7.12,1.37,62,0.82,0.2572,83.7,24.03,0.219,2
user_0134,31,46.99,141.98,9.39,7.09,1.39,61,0.83,0.2572,83.63,23.93,0.22,2
user_0134,32,46.85,142.47,9.43,7.03,1.4,61,0.83,0.2546,83.85,24.07,0.2207,2
user_0134,33,46.94,141.54,9.41,7.14,1.39,61,0.82,0.2556,83.62,23.96,0.2196,2
user_0134,34,46.75,142.3,9.47,7.07,1.4,61,0.82,0.255,83.61,24.01,0.2211,2
user_0134,35,46.89,142.33,9.42,7.15,1.38,61,0.82,0.257,83.74,24.01,0.2205,2
user_0134,36,52.43,127.82,6.2,6.07,0.76,48,0.93,0.173,88.91,20.48,0.1483,1
user_0134,37,52.77,128.26,6.17,6.12,0.77,49,0.92,0.17,88.9,20.39,0.1502,1
user_0134,38,52.66,128.46,6.31,6.05,0.77,49,0.92,0.1738,89.04,20.55,0.1504,1
user_0134,39,52.77,127.92,6.14,6.09,0.77,48,0.92,0.1714,88.97,20.45,0.1496,1
user_0134,40,52.51,128.37,6.16,6.07,0.74,48,0.92,0.1755,88.68,20.58,0.1504,1
user_0134,41,52.79,128.68,6.25,6.05,0.78,49,0.92,0.1749,88.79,20.54,0.1519,1
user_0134,42,52.56,128.27,6.3,6.04,0.78,49,0.94,0.1741,89.01,20.44,0.1507,1
user_0134,43,52.73,128.43,6.14,6.07,0.75,48,0.93,0.172,89.08,20.59,0.1507,1
user_0134,44,52.69,128.33,6.37,6.03,0.77,48,0.92,0.1727,88.81,20.55,0.1526,1
user_0134,45,52.73,128.24,6.15,6.04,0.74,48,0.93,0.172,88.82,20.53,0.1507,1
user_0134,46,52.67,128.26,6.2,6.1,0.76,49,0.92,0.1726,88.91,20.46,0.1492,1
user_0134,47,52.25,128.19,6.26,6.08,0.78,49,0.93,0.1723,88.91,20.58,0.1522,1
user_0134,48,52.66,128.14,6.23,6.04,0.79,48,0.92,0.1724,88.9,20.48,0.1498,1
user_0134,49,52.57,128.43,6.26,6.07,0.76,48,0.93,0.1732,88.95,20.67,0.1517,1
user_0134,50,52.58,128.19,6.21,6.05,0.77,49,0.92,0.1735,89.0,20.63,0.1515,1
user_0134,51,52.5,128.57,6.22,6.08,0.76,48,0.92,0.1745,89.0,20.5,0.1496,1
user_0134,52,52.58,128.56,6.33,6.11,0.76,49,0.92,0.1761,89.05,20.48,0.1509,1
user_0134,53,52.55,128.33,6.35,6.07,0.75,48,0.92,0.1728,89.01,20.45,0.1508,1
user_0134,54,52.93,127.91,6.29,6.05,0.75,49,0.93,0.1725,88.81,20.4,0.1505,1
user_0134,55,52.61,128.09,6.21,6.08,0.75,48,0.92,0.1737,88.92,20.49,0.1508,1
user_0134,56,52.67,128.51,6.13,6.12,0.76,48,0.92,0.1728,88.79,20.52,0.1505,1
user_0134,57,52.84,128.09,6.4,6.06,0.75,48,0.93,0.1731,88.95,20.4,0.1486,1
user_0134,58,52.7,128.38,6.28,6.07,0.75,48,0.93,0.1727,88.99,20.59,0.1498,1
user_0134,59,52.96,127.95,6.2,6.07,0.75,48,0.92,0.1736,88.51,20.54,0.1512,1
user_0135,0,63.53,108.86,3.94,3.0,0.45,40,1.01,0.1072,91.12,18.04,0.0983,0
user_0135,1,63.04,108.94,4.09,3.02,0.48,39,1.0,0.1067,91.03,17.87,0.0989,0
user_0135,2,63.36,108.94,3.87,3.01,0.48,40,1.0,0.1112,91.26,17.86,0.0983,0
user_0135,3,63.4,108.65,4.1,3.0,0.46,40,0.99,0.1084,91.06,18.08,0.0982,0
user_0135,4,63.43,108.53,3.85,3.01,0.45,40,1.0,0.1088,91.09,18.0,0.0962,0
user_0135,5,63.41,108.38,4.02,2.97,0.47,40,0.99,0.1097,91.1,17.91,0.0996,0
user_0135,6,63.27,108.63,4.11,3.01,0.47,39,1.0,0.1072,90.88,18.07,0.0992,0
user_0135,7,63.13,108.76,3.78,3.05,0.46,39,1.0,0.1084,90.97,18.0,0.099,0
user_0135,8,63.22,108.87,3.9,3.02,0.45,39,0.99,0.1089,91.25,18.17,0.0982,0
user_0135,9,63.23,108.92,4.0,2.98,0.46,40,1.01,0.1061,91.25,17.98,0.0998,0
user_0135,10,63.32,108.88,3.94,3.01,0.47,39,1.01,0.1055,91.23,17.95,0.0993,0
user_0135,11,63.41,108.58,3.93,2.99,0.46,40,1.0,0.1065,91.0,17.96,0.0985,0
user_0135,12,63.24,108.76,3.98,3.03,0.47,40,1.0,0.1096,91.15,18.13,0.0994,0
user_0135,13,63.32,108.52,4.01,2.99,0.46,39,1.01,0.1057,90.93,18.04,0.0978,0
user_0135,14,53.7,132.33,9.43,4.81,1.55,61,0.82,0.2493,82.04,23.92,0.2175,1
user_0135,15,53.94,133.02,9.36,4.82,1.55,61,0.82,0.2488,81.96,24.04,0.2195,1
user_0135,16,53.88,132.4,9.47,4.82,1.55,61,0.82,0.2528,82.2,23.98,0.219,1
user_0135,17,53.82,132.64,9.35,4.8,1.55,61,0.83,0.2506,82.3,24.08,0.2181,1
user_0135,18,53.55,132.53,9.38,4.79,1.54,61,0.82,0.2505,82.23,24.11,0.2186,1
user_0135,19,53.89,132.83,9.35,4.81,1.53,61,0.82,0.2525,82.17,24.01,0.2169,1
user_0135,20,53.52,132.76,9.46,4.78,1.56,61,0.83,0.2492,82.04,24.03,0.2183,2
user_0135,21,53.87,132.73,9.51,4.79,1.53,61,0.82,0.2507,82.03,23.86,0.2199,2
user_0135,22,53.53,132.65,9.41,4.81,1.54,61,0.82,0.2516,82.12,23.88,0.2192,2
user_0135,23,53.61,133.09,9.26,4.81,1.54,61,0.82,0.2506,82.09,23.89,0.2199,2
user_0135,24,53.67,132.52,9.5,4.76,1.56,61,0.83,0.2525,81.93,24.07,0.2175,2
user_0135,25,53.71,133.09,9.36,4.83,1.53,61,0.82,0.2524,82.11,24.0,0.2172,2
user_0135,26,53.67,132.49,9.3,4.8,1.56,61,0.83,0.2515,82.08,23.97,0.2208,2
user_0135,27,53.81,132.76,9.45,4.77,1.55,61,0.82,0.251,82.1,24.0,0.2183,2
user_0135,28,53.67,132.5,9.4,4.76,1.54,61,0.82,0.2528,82.26,24.06,0.218,2
user_0135,29,53.67,132.7,9.31,4.86,1.54,61,0.82,0.2518,82.12,24.13,0.2211,2
user_0135,30,53.53,132.61,9.43,4.76,1.54,61,0.82,0.2518,82.17,23.95,0.2176,2
user_0135,31,53.6,132.11,9.44,4.8,1.55,61,0.82,0.2523,81.95,24.04,0.2184,2
user_0135,32,53.64,132.56,9.45,4.79,1.54,61,0.82,0.252,82.11,24.11,0.2187,2
user_0135,33,53.5,132.87,9.35,4.79,1.54,62,0.82,0.2546,82.13,24.07,0.2204,2
user_0135,34,53.87,132.77,9.3,4.78,1.55,61,0.82,0.2527,82.04,23.94,0.2191,2
user_0135,35,53.76,132.57,9.36,4.76,1.54,61,0.82,0.2515,82.26,23.89,0.219,2
user_0135,36,59.37,118.4,6.25,3.72,0.91,48,0.93,0.1666,87.15,20.44,0.1492,1
user_0135,37,59.37,118.52,6.34,3.74,0.92,49,0.93,0.1689,87.51,20.42,0.1491,1
user_0135,38,59.16,118.81,6.12,3.8,0.92,49,0.92,0.1692,87.5,20.48,0.1481,1
user_0135,39,59.29,119.1,6.24,3.75,0.92,48,0.92,0.1673,87.39,20.58,0.1495,1
user_0135,40,59.31,118.63,6.25,3.77,0.92,48,0.93,0.1674,87.58,20.39,0.1474,1
user_0135,41,59.26,118.82,6.3,3.74,0.92,48,0.93,0.1656,87.27,20.46,0.1485,1
user_0135,42,59.22,118.45,6.28,3.77,0.91,48,0.93,0.1684,87.27,20.67,0.1477,1
user_0135,43,59.31,118.61,6.19,3.8,0.9,49,0.92,0.1673,87.31,20.57,0.1506,1
user_0135,44,59.26,118.59,6.36,3.72,0.91,49,0.93,0.1664,87.43,20.35,0.1497,1
user_0135,45,59.05,118.41,6.28,3.72,0.91,49,0.92,0.1675,87.46,20.54,0.1501,1
user_0135,46,59.22,118.42,6.35,3.76,0.91,48,0.93,0.1671,87.45,20.63,0.1487,1
user_0135,47,59.15,118.81,6.33,3.78,0.91,48,0.92,0.167,87.46,20.54,0.1495,1
user_0135,48,59.25,118.72,6.08,3.74,0.9,49,0.93,0.1684,87.25,20.49,0.1492,1
user_0135,49,59.22,118.55,6.33,3.72,0.91,48,0.93,0.1689,87.53,20.54,0.1498,1
user_0135,50,59.4,118.33,6.25,3.75,0.92,48,0.92,0.1664,87.35,20.49,0.1492,1
user_0135,51,59.23,119.25,6.18,3.72,0.92,48,0.93,0.1667,87.44,20.52,0.1497,1
user_0135,52,59.41,118.68,6.27,3.73,0.91,49,0.93,0.1672,87.35,20.46,0.1489,1
user_0135,53,59.35,118.82,6.2,3.75,0.93,49,0.92,0.1697,87.5,20.58,0.1468,1
user_0135,54,59.14,118.54,6.21,3.73,0.92,49,0.93,0.1668,87.31,20.52,0.1473,1
user_0135,55,59.63,118.58,6.24,3.75,0.91,48,0.94,0.1678,87.42,20.45,0.1492,1
user_0135,56,59.35,118.73,6.29,3.77,0.92,48,0.93,0.166,87.35,20.51,0.1495,1
user_0135,57,58.99,118.75,6.19,3.77,0.93,48,0.93,0.169,87.39,20.34,0.149,1
user_0135,58,59.22,117.95,6.17,3.78,0.91,49,0.93,0.1681,87.31,20.39,0.1485,1
user_0135,59,59.22,118.38,6.2,3.74,0.91,48,0.93,0.1674,87.45,20.57,0.1496,1
user_0136,0,59.09,102.46,4.03,3.82,0.21,39,0.98,0.1158,90.99,18.02,0.1314,0
user_0136,1,59.12,102.85,4.0,3.81,0.21,40,1.01,0.1163,90.97,17.99,0.1311,0
user_0136,2,59.19,102.5,3.96,3.82,0.19,39,1.0,0.1153,91.04,17.93,0.1302,0
user_0136,3,59.08,102.72,3.97,3.84,0.2,39,1.01,0.1133,91.11,18.01,0.1299,0
user_0136,4,59.35,102.37,4.1,3.81,0.21,39,1.0,0.1141,91.13,18.15,0.13,0
user_0136,5,59.11,102.87,3.95,3.81,0.21,40,1.0,0.1146,91.12,17.89,0.1318,0
user_0136,6,58.83,102.72,3.97,3.81,0.19,39,1.0,0.1163,91.14,18.0,0.1272,0
user_0136,7,59.18,102.8,4.14,3.81,0.19,39,1.0,0.1162,91.18,18.13,0.1291,0
user_0136,8,58.95,102.35,4.03,3.77,0.2,40,1.01,0.1161,90.95,17.84,0.131,0
user_0136,9,59.18,102.51,3.95,3.79,0.21,39,1.0,0.1166,91.05,18.14,0.1315,0
user_0136,10,59.09,102.93,4.02,3.85,0.21,39,1.0,0.1164,91.06,17.88,0.1305,0
user_0136,11,59.31,102.64,3.98,3.77,0.2,40,1.0,0.1146,90.98,17.97,0.1294,0
user_0136,12,59.16,102.67,3.94,3.81,0.21,40,0.99,0.1168,91.06,17.99,0.1304,0
user_0136,13,59.16,102.71,4.07,3.82,0.23,40,1.0,0.1147,91.13,17.98,0.1305,0
user_0136,14,59.05,102.57,3.87,3.82,0.21,39,1.01,0.1135,91.09,18.05,0.1303,0
user_0136,15,59.49,103.31,3.93,3.79,0.21,39,1.0,0.1201,91.06,18.06,0.1289,0
user_0136,16,58.95,102.1,3.98,3.84,0.19,40,1.0,0.1163,91.26,18.12,0.13,0
user_0136,17,59.01,102.42,4.14,3.83,0.21,39,1.0,0.1159,90.92,17.89,0.1289,0
user_0136,18,59.05,102.25,4.14,3.85,0.2,39,1.0,0.1162,91.02,18.08,0.1294,0
user_0136,19,59.08,102.39,3.93,3.82,0.2,40,0.99,0.1139,91.17,17.94,0.1303,0
user_0136,20,59.11,102.5,3.98,3.81,0.19,39,1.0,0.1157,90.93,18.06,0.1309,0
user_0136,21,58.99,101.99,4.02,3.87,0.21,39,0.99,0.1148,91.11,17.96,0.1313,0
user_0136,22,58.9,102.34,3.94,3.82,0.2,39,1.0,0.1178,90.88,18.1,0.13,0
user_0136,23,59.23,102.64,4.06,3.78,0.19,39,0.99,0.1142,91.15,17.85,0.1293,0
user_0136,24,59.03,102.61,3.89,3.79,0.2,40,0.99,0.1139,90.92,17.99,0.1297,0
user_0136,25,59.04,102.54,3.98,3.8,0.21,40,1.0,0.1167,90.93,18.14,0.1307,0
user_0136,26,59.29,102.54,3.98,3.77,0.21,39,1.0,0.1175,91.02,17.99,0.1322,0
user_0136,27,58.7,102.56,3.92,3.82,0.22,39,1.0,0.1164,91.13,17.96,0.1314,0
user_0136,28,59.17,102.6,3.99,3.83,0.21,39,0.99,0.1131,91.16,17.92,0.1291,0
user_0136,29,59.05,102.66,3.94,3.76,0.2,39,0.99,0.1171,90.91,18.07,0.1307,0
user_0136,30,59.05,102.91,4.07,3.77,0.2,39,1.01,0.113,91.05,18.01,0.1314,0
user_0136,31,59.09,102.7,4.12,3.8,0.2,40,0.99,0.1137,91.08,18.01,0.1321,0
user_0136,32,59.02,102.71,3.91,3.79,0.22,39,1.0,0.1179,91.03,17.89,0.1314,0
user_0136,33,59.21,102.59,4.04,3.79,0.2,40,1.0,0.1139,90.98,17.88,0.1311,0
user_0136,34,59.13,102.71,3.78,3.78,0.21,40,1.0,0.1169,91.1,18.05,0.1302,0
user_0136,35,58.92,102.82,4.05,3.82,0.21,39,1.01,0.1133,91.02,18.11,0.1301,0
user_0136,36,59.05,102.42,4.13,3.83,0.22,39,0.99,0.1121,91.17,18.03,0.1302,0
user_0136,37,58.93,102.8,4.0,3.81,0.19,40,1.0,0.1156,91.05,18.07,0.1301,0
user_0136,38,59.12,102.23,3.99,3.81,0.2,40,1.0,0.1171,91.03,18.06,0.1313,0
user_0136,39,59.16,102.35,4.04,3.83,0.2,39,1.0,0.1148,90.99,18.03,0.1309,0
user_0136,40,59.02,102.95,3.75,3.79,0.2,39,1.0,0.1184,90.87,18.04,0.1311,0
user_0136,41,59.16,102.4,4.01,3.81,0.2,40,1.01,0.1152,91.06,17.87,0.1301,0
user_0136,42,58.97,102.96,4.11,3.79,0.2,39,1.0,0.117,90.98,17.95,0.1316,0
user_0136,43,59.04,102.37,4.03,3.79,0.2,39,1.0,0.1175,91.13,18.04,0.1298,0
user_0136,44,58.98,102.74,4.0,3.84,0.2,40,1.0,0.1161,91.05,18.02,0.1297,0
user_0136,45,58.9,102.39,4.08,3.8,0.2,40,1.0,0.1157,90.97,18.05,0.1294,0
user_0136,46,58.82,102.93,3.97,3.79,0.2,39,1.0,0.1143,90.98,17.97,0.1297,0
user_0136,47,59.02,102.79,4.09,3.85,0.2,39,1.0,0.1146,90.97,17.79,0.1313,0
user_0136,48,58.8,102.94,3.99,3.78,0.18,40,0.99,0.115,91.13,17.98,0.1297,0
user_0136,49,59.05,102.86,3.96,3.81,0.21,39,1.0,0.1164,91.06,18.13,0.1296,0
user_0136,50,58.99,102.53,3.91,3.8,0.21,39,1.0,0.1157,90.98,17.96,0.1298,0
user_0136,51,59.04,102.58,4.01,3.84,0.19,39,1.0,0.1173,91.05,17.93,0.1282,0
user_0136,52,59.1,102.88,4.1,3.79,0.21,40,0.99,0.1163,90.85,17.97,0.131,0
user_0136,53,59.23,102.57,4.14,3.8,0.19,40,1.0,0.1142,91.04,17.96,0.1317,0
user_0136,54,59.17,102.42,4.0,3.79,0.22,39,1.0,0.1143,91.1,18.02,0.1295,0
user_0136,55,58.95,103.11,4.1,3.81,0.21,39,1.0,0.1176,91.05,17.89,0.1296,0
user_0136,56,59.1,102.76,4.11,3.78,0.21,39,0.99,0.1163,90.93,17.98,0.13,0
user_0136,57,58.94,102.79,3.97,3.8,0.19,40,1.0,0.115,91.08,18.02,0.1293,0
user_0136,58,58.64,102.75,3.93,3.82,0.2,40,1.0,0.117,90.91,17.94,0.1288,0
user_0136,59,58.93,102.34,4.03,3.75,0.21,40,1.0,0.1141,91.09,18.1,0.13,0
user_0137,0,71.27,117.16,4.16,4.55,0.24,40,0.99,0.1079,93.46,17.96,0.1216,0
user_0137,1,70.94,117.03,3.95,4.57,0.24,40,1.01,0.1074,93.45,17.95,0.1229,0
user_0137,2,71.11,116.54,3.99,4.59,0.23,40,1.0,0.1067,93.39,18.03,0.1214,0
user_0137,3,71.2,116.76,4.01,4.56,0.24,39,0.99,0.1058,93.38,17.83,0.1219,0
user_0137,4,71.28,116.61,4.06,4.54,0.23,39,1.0,0.106,93.36,18.14,0.1225,0
user_0137,5,70.9,116.34,4.11,4.58,0.24,40,1.0,0.1068,93.43,18.1,0.1234,0
user_0137,6,71.14,116.92,4.06,4.57,0.24,39,1.0,0.1083,93.38,17.89,0.1234,0
user_0137,7,71.26,116.65,4.04,4.54,0.24,40,1.0,0.1057,93.36,18.2,0.1237,0
user_0137,8,71.05,116.84,3.97,4.56,0.25,40,1.0,0.1056,93.42,18.08,0.1239,0
user_0137,9,70.79,116.98,4.09,4.51,0.25,40,1.0,0.1075,93.31,18.2,0.1227,0
user_0137,10,70.73,117.11,3.93,4.54,0.24,40,1.0,0.1073,93.55,17.86,0.123,0
user_0137,11,71.14,116.81,3.91,4.57,0.23,39,1.0,0.1075,93.34,17.81,0.1224,0
user_0137,12,71.29,116.69,3.9,4.52,0.23,40,1.0,0.107,93.42,18.1,0.1223,0
user_0137,13,71.21,116.88,4.01,4.56,0.23,39,1.0,0.1054,93.45,18.05,0.1218,0
user_0137,14,71.22,116.75,4.07,4.61,0.24,39,1.0,0.1069,93.31,17.98,0.1215,0
user_0137,15,71.24,116.73,4.0,4.51,0.24,39,1.0,0.1062,93.16,17.88,0.1208,0
user_0137,16,71.23,116.86,3.81,4.58,0.24,39,1.0,0.1065,93.38,18.01,0.1225,0
user_0137,17,70.99,117.05,3.94,4.55,0.25,40,1.0,0.1041,93.39,17.88,0.1214,0
user_0137,18,71.02,116.79,3.96,4.49,0.24,39,1.01,0.1065,93.22,17.86,0.1207,0
user_0137,19,71.07,117.26,4.04,4.56,0.23,40,1.0,0.107,93.46,17.95,0.1227,0
user_0137,20,71.39,117.18,4.07,4.61,0.26,40,0.99,0.1049,93.28,18.09,0.1232,0
user_0137,21,71.18,116.6,4.07,4.55,0.24,40,1.0,0.1065,93.27,17.85,0.1234,0
user_0137,22,71.16,116.64,4.03,4.56,0.23,39,1.0,0.1041,93.5,18.02,0.1241,0
user_0137,23,71.31,117.27,3.95,4.57,0.24,40,1.01,0.1092,93.39,17.88,0.1215,0
user_0137,24,71.18,116.56,4.02,4.55,0.22,40,1.0,0.1085,93.36,17.89,0.122,0
user_0137,25,70.93,117.0,4.01,4.53,0.23,40,1.0,0.1056,93.36,18.02,0.1242,0
user_0137,26,70.96,117.22,3.98,4.59,0.23,40,1.01,0.1094,93.41,18.0,0.1217,0
user_0137,27,70.97,117.09,4.0,4.57,0.24,39,0.99,0.1078,93.45,17.99,0.1228,0
user_0137,28,71.33,117.1,4.02,4.57,0.25,39,1.0,0.1066,93.35,17.98,0.1214,0
user_0137,29,71.27,116.76,4.02,4.58,0.25,40,1.0,0.1077,93.45,17.89,0.1241,0
user_0137,30,71.15,117.07,4.03,4.57,0.24,40,1.0,0.1079,93.27,17.88,0.1225,0
user_0137,31,71.06,117.18,3.93,4.58,0.22,39,1.0,0.1072,93.48,18.1,0.1227,0
user_0137,32,71.1,116.67,3.87,4.57,0.23,40,1.0,0.1112,93.4,17.89,0.1226,0
user_0137,33,70.84,116.83,4.0,4.56,0.25,40,1.0,0.1087,93.54,17.92,0.1208,0
user_0137,34,70.78,117.02,4.08,4.55,0.24,40,1.0,0.1072,93.62,17.98,0.1226,0
user_0137,35,71.03,117.14,4.11,4.56,0.24,40,1.0,0.1071,93.25,18.01,0.1222,0
user_0137,36,71.3,116.82,3.98,4.6,0.24,40,1.01,0.1058,93.5,17.93,0.1231,0
user_0137,37,71.25,116.73,3.83,4.53,0.24,39,1.0,0.1074,93.38,18.01,0.1218,0
user_0137,38,71.4,116.69,4.0,4.57,0.23,40,1.0,0.1078,93.41,17.94,0.1227,0
user_0137,39,71.28,116.79,4.0,4.55,0.24,39,1.01,0.1087,93.38,18.21,0.12,0
user_0137,40,71.25,117.79,3.98,4.58,0.25,39,1.0,0.1092,93.33,18.05,0.1234,0
user_0137,41,71.01,116.9,4.04,4.54,0.25,40,1.0,0.105,93.39,17.97,0.1229,0
user_0137,42,70.94,116.72,4.12,4.52,0.23,39,1.0,0.1078,93.77,18.1,0.1212,0
user_0137,43,71.2,116.85,3.97,4.56,0.25,40,0.99,0.1067,93.31,18.02,0.122,0
user_0137,44,71.24,116.8,3.95,4.56,0.24,39,1.0,0.103,93.61,17.87,0.1227,0
user_0137,45,71.17,117.41,4.17,4.57,0.23,39,1.0,0.1066,93.36,17.9,0.1225,0
user_0137,46,70.99,117.21,3.94,4.54,0.24,39,1.0,0.1044,93.4,17.92,0.1219,0
user_0137,47,71.14,116.77,4.06,4.53,0.23,39,1.0,0.1082,93.31,17.96,0.1205,0
user_0137,48,71.11,116.88,4.11,4.55,0.24,39,1.0,0.107,93.45,18.21,0.1209,0
user_0137,49,70.7,117.04,4.0,4.54,0.25,40,1.0,0.108,93.49,18.07,0.1212,0
user_0137,50,70.99,116.94,4.04,4.59,0.23,39,1.01,0.1064,93.43,18.0,0.123,0
user_0137,51,71.19,116.46,4.05,4.6,0.22,40,1.0,0.1047,93.33,17.93,0.1226,0
user_0137,52,70.91,116.7,4.03,4.58,0.24,39,1.0,0.1069,93.56,18.04,0.1245,0
user_0137,53,71.24,117.17,3.95,4.57,0.24,40,1.0,0.1093,93.58,17.94,0.1227,0
user_0137,54,70.9,117.32,3.84,4.51,0.24,39,1.0,0.1061,93.51,18.1,0.1229,0
user_0137,55,71.19,116.88,4.08,4.56,0.23,39,1.0,0.1079,93.44,17.88,0.1233,0
user_0137,56,71.06,117.0,3.88,4.57,0.25,39,1.0,0.1069,93.34,18.1,0.1222,0
user_0137,57,71.06,117.02,4.02,4.57,0.24,40,1.0,0.1057,93.34,17.93,0.1219,0
user_0137,58,71.58,117.0,3.95,4.58,0.26,39,1.0,0.1039,93.38,18.08,0.1221,0
user_0137,59,70.96,116.49,4.02,4.54,0.26,40,1.0,0.108,93.61,18.18,0.1215,0
user_0138,0,50.03,102.08,3.91,4.57,0.28,40,0.99,0.0873,95.87,17.96,0.0941,0
user_0138,1,49.79,101.82,3.98,4.56,0.27,40,1.01,0.0864,95.56,18.01,0.0927,0
user_0138,2,50.29,101.79,4.1,4.57,0.27,40,1.0,0.0852,95.58,18.11,0.0936,0
user_0138,3,50.1,102.09,4.12,4.56,0.28,39,1.0,0.0873,95.71,18.04,0.0931,0
user_0138,4,49.98,102.06,3.97,4.57,0.27,40,1.0,0.0858,95.69,17.87,0.0937,0
user_0138,5,49.67,102.19,4.04,4.51,0.27,39,1.0,0.0836,95.46,18.13,0.094,0
user_0138,6,50.02,102.13,4.1,4.52,0.26,40,1.0,0.0869,95.69,18.15,0.0942,0
user_0138,7,49.88,102.26,3.93,4.51,0.27,40,1.0,0.0841,95.66,18.23,0.0935,0
user_0138,8,49.85,101.8,3.98,4.53,0.27,40,0.99,0.087,95.85,18.04,0.0948,0
user_0138,9,49.77,101.84,4.01,4.54,0.26,40,1.01,0.0861,95.72,18.19,0.0914,0
user_0138,10,49.95,101.62,3.96,4.59,0.28,39,1.0,0.0865,95.84,18.05,0.0948,0
user_0138,11,49.94,101.65,4.06,4.54,0.27,39,1.0,0.0861,95.51,17.83,0.0946,0
user_0138,12,49.82,102.02,4.0,4.54,0.29,40,1.01,0.0876,95.76,18.1,0.0935,0
user_0138,13,49.81,101.8,3.95,4.58,0.26,40,1.0,0.0864,95.63,17.78,0.0928,0
user_0138,14,49.85,102.02,4.04,4.57,0.26,39,1.0,0.0852,95.77,17.98,0.0947,0
user_0138,15,49.83,102.03,4.06,4.53,0.26,40,1.0,0.0861,95.65,18.07,0.0943,0
user_0138,16,49.83,102.16,3.94,4.57,0.27,40,1.01,0.0835,95.84,17.98,0.0946,0
user_0138,17,50.02,101.63,3.98,4.52,0.26,40,1.0,0.0837,95.5,18.1,0.0946,0
user_0138,18,49.94,102.07,3.94,4.55,0.28,39,1.0,0.0898,95.61,17.87,0.0938,0
user_0138,19,49.87,101.96,3.96,4.53,0.27,40,1.0,0.0857,95.59,17.99,0.0942,0
user_0138,20,49.93,102.11,3.91,4.6,0.27,40,1.0,0.0832,95.49,18.05,0.0927,0
user_0138,21,49.82,101.95,3.76,4.56,0.27,40,1.0,0.0861,95.62,18.26,0.0938,0
user_0138,22,49.81,102.06,3.98,4.55,0.26,40,1.0,0.0858,95.65,18.01,0.0949,0
user_0138,23,49.83,102.06,3.95,4.56,0.27,39,1.0,0.0826,95.54,17.9,0.0944,0
user_0138,24,49.8,102.43,4.0,4.57,0.27,39,1.0,0.0841,95.75,17.93,0.0943,0
user_0138,25,49.78,102.11,3.95,4.58,0.27,40,1.0,0.0857,95.65,18.02,0.0924,0
user_0138,26,50.05,102.15,3.89,4.55,0.25,39,1.0,0.0865,95.53,18.03,0.0929,0
user_0138,27,49.66,102.18,3.94,4.54,0.27,40,1.0,0.086,95.62,18.01,0.0925,0
user_0138,28,49.88,102.01,3.92,4.55,0.28,39,1.0,0.0849,95.63,18.04,0.0927,0
user_0138,29,49.82,102.2,4.03,4.57,0.28,40,1.0,0.0863,95.83,18.14,0.0959,0
user_0138,30,49.86,102.02,3.89,4.52,0.27,40,1.0,0.0858,95.69,17.9,0.0942,0
user_0138,31,49.89,102.38,4.01,4.48,0.27,39,1.0,0.0834,95.86,18.01,0.0934,0
user_0138,32,49.8,101.92,3.89,4.59,0.27,40,1.01,0.0856,95.78,17.96,0.0928,0
user_0138,33,49.83,102.02,4.09,4.57,0.27,39,1.0,0.0839,95.58,18.0,0.0923,0
user_0138,34,50.23,101.93,4.09,4.58,0.28,40,1.0,0.0872,95.64,17.82,0.0943,0
user_0138,35,49.86,101.63,4.17,4.6,0.28,40,1.0,0.083,95.7,18.04,0.0941,0
user_0138,36,49.78,102.01,4.02,4.56,0.27,40,1.0,0.0866,95.69,17.9,0.0931,0
user_0138,37,49.71,101.88,3.99,4.53,0.29,40,0.99,0.0863,95.82,17.93,0.0943,0
user_0138,38,50.11,102.15,4.08,4.53,0.27,39,1.0,0.0879,95.68,18.01,0.0916,0
user_0138,39,49.85,101.76,3.94,4.55,0.28,39,1.01,0.0874,95.61,17.86,0.0934,0
user_0138,40,50.04,101.84,3.96,4.54,0.27,39,1.0,0.0861,95.65,18.05,0.0936,0
user_0138,41,50.08,102.01,3.86,4.55,0.26,40,1.0,0.0868,95.72,18.06,0.0947,0
user_0138,42,49.97,102.07,4.08,4.57,0.28,39,1.0,0.0859,95.75,17.99,0.0931,0
user_0138,43,49.8,102.36,3.89,4.53,0.26,39,1.0,0.0854,95.5,18.07,0.0941,0
user_0138,44,50.08,102.64,3.97,4.59,0.26,40,0.99,0.0864,95.77,18.22,0.0937,0
user_0138,45,49.73,102.37,4.07,4.57,0.27,39,1.0,0.087,95.63,18.03,0.0937,0
user_0138,46,50.14,102.27,4.14,4.54,0.28,40,1.0,0.0856,95.56,17.9,0.0947,0
user_0138,47,49.81,102.14,3.86,4.54,0.27,39,1.0,0.0874,95.63,18.02,0.0935,0
user_0138,48,50.0,101.73,4.08,4.57,0.28,40,1.0,0.0867,95.69,17.94,0.0943,0
user_0138,49,49.89,102.38,4.05,4.58,0.27,40,1.0,0.0861,95.74,17.95,0.0951,0
user_0138,50,50.24,101.7,4.14,4.56,0.26,39,0.99,0.0847,95.68,17.92,0.0926,0
user_0138,51,49.76,101.99,3.96,4.54,0.28,40,0.99,0.0862,95.65,17.81,0.0932,0
user_0138,52,49.83,102.2,3.95,4.53,0.29,39,1.0,0.0839,95.61,18.04,0.0935,0
user_0138,53,49.72,101.97,3.98,4.56,0.29,40,1.01,0.083,95.62,18.03,0.0931,0
user_0138,54,49.77,102.16,3.98,4.56,0.28,40,1.0,0.0874,95.74,18.12,0.0931,0
user_0138,55,49.96,102.14,3.97,4.55,0.27,39,1.0,0.0865,95.56,17.97,0.0944,0
user_0138,56,49.71,102.34,4.08,4.57,0.28,40,1.0,0.0853,95.63,18.08,0.0926,0
user_0138,57,50.07,101.72,4.01,4.58,0.27,40,0.99,0.0867,95.55,17.81,0.0929,0
user_0138,58,50.17,102.25,4.08,4.59,0.26,40,1.01,0.0863,95.51,17.96,0.0936,0
user_0138,59,50.05,101.58,4.0,4.55,0.27,40,1.0,0.0862,95.58,17.96,0.0937,0
user_0139,0,50.46,121.74,4.05,4.33,0.21,40,0.99,0.1023,94.56,18.11,0.1256,0
user_0139,1,50.41,122.1,3.95,4.35,0.2,40,1.0,0.1068,94.52,17.96,0.1266,0
user_0139,2,50.72,121.75,4.05,4.32,0.19,39,1.0,0.1062,94.4,18.07,0.1271,0
user_0139,3,50.7,122.33,4.0,4.31,0.21,39,1.0,0.1056,94.62,17.99,0.1267,0
user_0139,4,50.77,122.27,4.03,4.31,0.21,40,1.01,0.1023,94.55,18.15,0.1254,0
user_0139,5,51.05,122.18,3.99,4.33,0.21,40,0.99,0.1056,94.3,17.96,0.1259,0
user_0139,6,50.73,122.12,4.02,4.29,0.21,39,1.0,0.1075,94.48,18.16,0.1265,0
user_0139,7,50.63,122.19,3.85,4.33,0.22,39,1.01,0.1035,94.45,17.89,0.1263,0
user_0139,8,51.17,121.99,3.99,4.33,0.21,40,1.0,0.1054,94.43,18.16,0.1265,0
user_0139,9,50.74,122.32,4.11,4.35,0.22,40,1.0,0.108,94.55,18.06,0.1262,0
user_0139,10,50.5,122.15,3.94,4.31,0.21,40,1.0,0.1034,94.32,17.89,0.1284,0
user_0139,11,50.64,121.69,4.02,4.31,0.21,40,1.01,0.1048,94.5,18.13,0.1255,0
user_0139,12,50.53,122.26,3.92,4.31,0.21,40,1.0,0.1064,94.46,17.84,0.1265,0
user_0139,13,50.74,122.06,3.98,4.31,0.2,40,1.0,0.1059,94.44,17.91,0.1232,0
user_0139,14,41.29,146.65,9.3,6.08,1.3,62,0.82,0.2518,85.52,23.75,0.2474,1
user_0139,15,41.09,146.1,9.38,6.13,1.28,61,0.82,0.2471,85.36,23.8,0.2472,1
user_0139,16,41.48,145.8,9.35,6.12,1.3,61,0.83,0.2478,85.47,24.0,0.2445,1
user_0139,17,41.1,146.21,9.29,6.11,1.31,61,0.82,0.2484,85.4,23.88,0.2466,1
user_0139,18,40.98,146.03,9.49,6.1,1.3,61,0.82,0.2496,85.32,24.07,0.2453,1
user_0139,19,41.15,145.84,9.43,6.09,1.28,61,0.82,0.2511,85.42,23.96,0.2455,1
user_0139,20,41.36,146.06,9.43,6.13,1.28,61,0.83,0.2482,85.56,24.03,0.2451,2
user_0139,21,41.35,146.32,9.3,6.1,1.3,61,0.81,0.2465,85.4,24.07,0.2465,2
user_0139,22,40.93,146.06,9.45,6.1,1.29,62,0.82,0.2513,85.39,23.96,0.2475,2
user_0139,23,41.13,145.83,9.55,6.13,1.31,61,0.82,0.2499,85.61,24.1,0.2439,2
user_0139,24,41.02,146.17,9.46,6.12,1.29,61,0.82,0.2479,85.48,24.0,0.2451,2
user_0139,25,41.16,146.24,9.5,6.12,1.3,61,0.82,0.2481,85.42,24.04,0.2444,2
user_0139,26,40.87,146.28,9.41,6.11,1.3,61,0.82,0.2468,85.6,23.81,0.2452,2
user_0139,27,41.24,145.76,9.5,6.17,1.3,61,0.81,0.2466,85.5,24.01,0.2465,2
user_0139,28,41.33,146.33,9.42,6.13,1.28,61,0.82,0.2505,85.49,24.24,0.2475,2
user_0139,29,40.85,146.19,9.5,6.11,1.28,62,0.82,0.2498,85.46,24.07,0.2457,2
user_0139,30,41.02,146.41,9.52,6.12,1.29,61,0.82,0.2499,85.64,23.87,0.2473,2
user_0139,31,41.44,146.4,9.31,6.17,1.29,61,0.83,0.2511,85.38,24.01,0.2466,2
user_0139,32,40.99,146.33,9.38,6.13,1.28,61,0.82,0.2488,85.47,23.95,0.2444,2
user_0139,33,41.23,146.13,9.37,6.12,1.3,62,0.81,0.2495,85.42,24.14,0.245,2
user_0139,34,41.14,146.1,9.32,6.11,1.29,61,0.81,0.2485,85.54,24.13,0.2466,2
user_0139,35,41.2,145.82,9.37,6.09,1.29,62,0.83,0.2501,85.5,23.97,0.2469,2
user_0139,36,46.63,132.68,6.31,5.1,0.65,48,0.92,0.163,90.85,20.57,0.1759,1
user_0139,37,46.63,132.5,6.29,5.06,0.67,49,0.92,0.1643,90.69,20.53,0.1762,1
user_0139,38,46.5,131.91,6.26,5.11,0.66,49,0.93,0.1647,90.63,20.54,0.1775,1
user_0139,39,46.53,132.28,6.21,5.08,0.65,49,0.92,0.1663,90.72,20.68,0.1766,1
user_0139,40,46.57,131.74,6.36,5.06,0.65,49,0.92,0.1663,90.75,20.31,0.1769,1
user_0139,41,46.58,131.83,6.08,5.05,0.66,49,0.93,0.1662,90.55,20.29,0.1787,1
user_0139,42,46.71,132.27,6.14,5.09,0.67,48,0.93,0.1656,90.47,20.52,0.1756,1
user_0139,43,46.79,132.31,6.29,5.07,0.66,49,0.92,0.1627,90.74,20.48,0.1761,1
user_0139,44,46.67,132.08,6.2,5.1,0.66,49,0.92,0.1633,90.7,20.57,0.1773,1
user_0139,45,46.83,131.9,6.25,5.07,0.67,49,0.92,0.1654,90.77,20.53,0.1762,1
user_0139,46,46.62,132.03,6.41,5.05,0.68,49,0.92,0.164,90.69,20.44,0.1757,1
user_0139,47,46.83,132.2,6.29,5.07,0.66,48,0.93,0.1664,90.6,20.58,0.1765,1
user_0139,48,46.55,131.77,6.23,5.06,0.67,48,0.92,0.1642,90.69,20.53,0.1773,1
user_0139,49,46.54,132.23,6.15,5.1,0.64,49,0.93,0.1637,90.66,20.31,0.1745,1
user_0139,50,46.68,132.18,6.33,5.07,0.66,48,0.92,0.165,90.77,20.5,0.1772,1
user_0139,51,46.73,132.1,6.31,5.1,0.66,49,0.93,0.1651,90.68,20.54,0.1771,1
user_0139,52,46.74,132.19,6.17,5.05,0.65,49,0.92,0.1619,90.58,20.55,0.1779,1
user_0139,53,46.86,131.86,6.19,5.06,0.64,48,0.93,0.1634,90.6,20.58,0.1754,1
user_0139,54,46.6,131.54,6.32,5.11,0.66,48,0.93,0.1659,90.71,20.44,0.1761,1
user_0139,55,46.66,132.19,6.17,5.1,0.68,48,0.92,0.1636,90.67,20.67,0.1757,1
user_0139,56,46.74,132.02,6.1,5.06,0.66,49,0.92,0.1663,90.74,20.49,0.1752,1
user_0139,57,46.91,132.22,6.25,5.07,0.67,48,0.93,0.1682,90.68,20.63,0.1757,1
user_0139,58,46.55,131.99,6.28,5.07,0.66,49,0.92,0.163,90.71,20.36,0.1763,1
user_0139,59,46.77,131.55,6.34,5.07,0.66,48,0.92,0.1673,90.58,20.45,0.1763,1
user_0140,0,40.04,105.8,4.0,4.68,0.16,40,0.99,0.1011,94.49,17.96,0.1328,0
user_0140,1,40.22,105.68,3.94,4.64,0.17,39,1.0,0.1025,94.69,17.89,0.1346,0
user_0140,2,40.36,105.45,3.92,4.62,0.16,40,1.0,0.1042,94.72,18.04,0.1359,0
user_0140,3,40.13,105.86,4.1,4.61,0.17,39,1.0,0.1037,94.88,17.86,0.1338,0
user_0140,4,40.33,105.77,3.97,4.64,0.17,40,1.0,0.1044,94.8,18.09,0.1349,0
user_0140,5,40.0,105.47,3.85,4.7,0.18,39,1.0,0.1028,94.75,18.06,0.1349,0
user_0140,6,40.23,105.53,4.04,4.6,0.18,39,1.0,0.1032,94.7,17.92,0.1343,0
user_0140,7,40.27,105.52,4.07,4.65,0.17,39,1.0,0.103,94.7,18.17,0.1368,0
user_0140,8,40.31,105.17,3.94,4.65,0.17,40,1.0,0.1029,94.65,17.87,0.1348,0
user_0140,9,40.38,105.71,4.07,4.65,0.18,40,1.0,0.1047,94.43,17.97,0.1373,0
user_0140,10,40.2,105.95,4.03,4.66,0.16,39,1.0,0.1046,94.8,17.96,0.1348,0
user_0140,11,40.39,105.26,4.09,4.65,0.17,40,1.01,0.103,94.54,18.0,0.1349,0
user_0140,12,40.16,105.96,4.02,4.66,0.14,39,1.0,0.1052,94.8,18.1,0.1349,0
user_0140,13,40.06,105.55,3.99,4.65,0.17,40,1.0,0.1046,94.69,17.96,0.1354,0
user_0140,14,40.32,106.16,3.96,4.63,0.17,39,1.0,0.1054,94.58,17.98,0.1352,0
user_0140,15,40.3,105.48,4.12,4.66,0.17,39,0.99,0.102,94.68,18.1,0.1361,0
user_0140,16,40.29,105.52,4.23,4.64,0.19,40,1.0,0.1032,94.63,17.81,0.1352,0
user_0140,17,40.11,105.15,3.8,4.64,0.16,39,0.99,0.1057,94.73,17.97,0.1347,0
user_0140,18,40.16,105.57,4.02,4.63,0.16,40,1.0,0.104,94.57,18.08,0.1346,0
user_0140,19,40.15,105.82,4.09,4.66,0.17,39,1.0,0.1033,94.76,18.07,0.1355,0
user_0140,20,39.99,106.02,3.94,4.64,0.17,39,1.0,0.1039,94.61,17.82,0.1363,0
user_0140,21,40.29,105.52,3.92,4.7,0.17,40,1.0,0.1042,94.45,17.71,0.1363,0
user_0140,22,40.32,105.81,3.98,4.7,0.16,40,1.0,0.1015,94.81,18.06,0.1354,0
user_0140,23,40.23,105.55,4.0,4.65,0.19,39,0.99,0.1027,94.57,17.89,0.1362,0
user_0140,24,40.26,105.67,3.95,4.66,0.17,39,1.01,0.1055,94.78,18.06,0.1353,0
user_0140,25,39.99,105.76,3.91,4.66,0.17,39,1.0,0.1009,94.64,18.03,0.1351,0
user_0140,26,40.09,105.0,4.04,4.72,0.18,39,1.0,0.1038,94.69,17.97,0.1354,0
user_0140,27,40.21,106.15,3.97,4.65,0.16,40,1.0,0.1028,94.77,18.09,0.1357,0
user_0140,28,40.38,105.71,3.96,4.66,0.16,39,1.0,0.1007,94.65,18.28,0.1359,0
user_0140,29,40.17,105.48,4.03,4.63,0.19,39,1.0,0.1027,94.77,18.04,0.1338,0
user_0140,30,39.96,105.8,3.87,4.64,0.17,39,1.0,0.1059,94.65,17.98,0.1337,0
user_0140,31,40.22,105.54,4.02,4.66,0.17,39,1.0,0.1027,94.6,17.98,0.1354,0
user_0140,32,40.16,105.84,4.0,4.66,0.16,40,1.0,0.1021,94.72,18.1,0.1349,0
user_0140,33,39.91,105.93,4.0,4.64,0.17,40,1.0,0.1071,94.66,18.16,0.1354,0
user_0140,34,40.19,105.52,4.01,4.65,0.14,39,1.0,0.1031,94.46,17.99,0.1361,0
user_0140,35,40.24,105.75,4.09,4.68,0.17,40,0.99,0.1025,94.85,18.05,0.1342,0
user_0140,36,40.09,105.75,3.97,4.68,0.15,40,1.0,0.1009,94.73,17.85,0.1337,0
user_0140,37,40.16,106.03,3.93,4.67,0.19,40,1.0,0.1013,94.7,18.13,0.1356,0
user_0140,38,40.13,105.76,3.98,4.68,0.16,39,1.01,0.1024,94.78,18.02,0.1362,0
user_0140,39,40.19,105.52,3.96,4.67,0.17,40,1.0,0.1026,94.83,17.99,0.1332,0
user_0140,40,40.15,105.33,4.03,4.63,0.18,39,1.01,0.1036,94.72,18.06,0.1354,0
user_0140,41,40.39,105.75,4.03,4.66,0.18,39,0.99,0.1035,94.73,17.9,0.134,0
user_0140,42,40.07,105.28,4.04,4.68,0.16,40,1.0,0.1022,94.78,18.24,0.1338,0
user_0140,43,40.23,105.65,4.01,4.64,0.18,40,0.99,0.103,94.7,18.13,0.1347,0
user_0140,44,40.23,105.45,4.11,4.65,0.19,39,1.0,0.1034,94.73,18.16,0.1365,0
user_0140,45,40.09,105.59,3.81,4.62,0.17,40,0.99,0.1049,94.65,18.07,0.1349,0
user_0140,46,40.27,105.47,3.86,4.66,0.18,40,1.01,0.1015,94.75,17.97,0.1371,0
user_0140,47,39.99,105.72,3.96,4.62,0.18,39,1.0,0.1027,94.62,18.04,0.1349,0
user_0140,48,40.13,105.91,3.99,4.66,0.16,39,1.0,0.105,94.74,17.8,0.1356,0
user_0140,49,40.49,105.81,3.92,4.64,0.18,39,1.0,0.105,94.72,17.95,0.1365,0
user_0140,50,40.04,105.75,3.88,4.62,0.16,40,1.0,0.1028,94.77,18.0,0.136,0
user_0140,51,40.39,105.49,3.95,4.61,0.17,40,1.0,0.1036,94.77,18.16,0.1356,0
user_0140,52,40.31,105.66,4.03,4.67,0.17,39,1.0,0.1041,94.66,18.04,0.1331,0
user_0140,53,39.98,105.87,3.94,4.62,0.16,40,1.0,0.1024,94.61,18.07,0.1346,0
user_0140,54,40.15,105.47,4.03,4.69,0.18,40,1.0,0.1024,94.65,17.82,0.1356,0
user_0140,55,40.2,105.51,4.01,4.69,0.17,40,1.01,0.1048,94.76,18.18,0.1342,0
user_0140,56,40.51,105.91,4.09,4.66,0.16,39,1.0,0.1022,94.6,17.96,0.1325,0
user_0140,57,40.05,105.29,3.91,4.63,0.17,40,1.01,0.101,94.79,17.96,0.1329,0
user_0140,58,40.06,105.85,4.01,4.6,0.17,39,1.0,0.1026,94.68,18.07,0.1354,0
user_0140,59,40.35,105.77,4.02,4.64,0.16,40,1.0,0.1057,94.77,18.11,0.1343,0
user_0141,0,67.87,133.71,3.91,4.89,0.53,39,1.0,0.1099,96.93,17.88,0.1377,0
user_0141,1,67.74,134.19,4.03,4.95,0.53,39,1.0,0.1108,96.73,17.85,0.1379,0
user_0141,2,67.9,134.07,4.03,4.95,0.51,39,1.0,0.1124,96.88,18.03,0.1394,0
user_0141,3,67.63,133.91,4.03,4.91,0.53,40,1.0,0.1114,96.88,18.08,0.1397,0
user_0141,4,67.83,134.03,3.93,4.92,0.51,39,1.0,0.1103,96.54,18.23,0.1365,0
user_0141,5,67.73,133.72,3.98,4.9,0.51,39,0.99,0.1116,96.83,18.01,0.1385,0
user_0141,6,67.93,133.67,4.12,4.96,0.53,39,1.01,0.1125,96.64,17.96,0.1385,0
user_0141,7,67.58,134.3,3.99,4.89,0.52,39,0.99,0.1108,96.74,18.01,0.1368,0
user_0141,8,67.8,134.62,3.91,4.92,0.52,40,1.0,0.1109,96.74,18.17,0.1383,0
user_0141,9,67.68,134.32,3.95,4.89,0.52,40,0.99,0.1104,96.73,18.09,0.1368,0
user_0141,10,67.87,133.69,4.08,4.93,0.53,40,0.99,0.112,96.85,17.92,0.1367,0
user_0141,11,67.78,134.06,4.05,4.9,0.52,40,0.99,0.1073,96.8,18.03,0.1373,0
user_0141,12,67.55,134.48,4.01,4.92,0.52,39,1.0,0.1129,97.03,17.92,0.139,0
user_0141,13,68.01,133.81,3.96,4.88,0.51,39,1.0,0.1089,96.85,18.08,0.1375,0
user_0141,14,67.61,134.07,4.02,4.9,0.52,39,1.0,0.1111,96.6,18.24,0.1375,0
user_0141,15,67.88,134.04,3.96,4.94,0.54,39,1.0,0.1131,96.99,18.04,0.1393,0
user_0141,16,67.7,133.6,3.99,4.95,0.51,40,1.01,0.1111,97.07,17.98,0.1366,0
user_0141,17,67.72,134.11,3.95,4.9,0.53,40,1.0,0.1108,96.73,17.93,0.1377,0
user_0141,18,67.58,133.87,4.02,4.89,0.5,39,0.99,0.11,96.87,18.08,0.1379,0
user_0141,19,67.86,134.51,3.98,4.89,0.53,39,0.99,0.1104,96.83,18.04,0.1365,0
user_0141,20,67.84,133.66,3.9,4.95,0.5,39,1.0,0.1099,96.75,18.15,0.139,0
user_0141,21,67.91,134.03,4.04,4.9,0.51,39,1.0,0.1131,96.89,18.07,0.1378,0
user_0141,22,67.73,134.08,4.01,4.89,0.52,40,1.0,0.1107,96.98,17.94,0.1382,0
user_0141,23,67.75,134.12,4.0,4.91,0.53,39,0.99,0.1123,96.79,18.15,0.1379,0
user_0141,24,67.55,134.13,3.87,4.87,0.52,40,1.0,0.1097,96.71,18.27,0.1368,0
user_0141,25,67.65,134.38,3.94,4.91,0.52,39,1.01,0.1123,96.86,18.15,0.1378,0
user_0141,26,67.96,134.14,3.93,4.93,0.52,39,0.99,0.1094,96.94,17.73,0.1377,0
user_0141,27,67.85,133.98,3.97,4.89,0.54,39,0.99,0.1101,96.81,17.92,0.1383,0
user_0141,28,67.77,134.11,4.11,4.87,0.52,39,1.0,0.111,96.78,17.83,0.1367,0
user_0141,29,67.94,133.68,4.05,4.87,0.5,40,1.01,0.1123,96.73,17.92,0.1383,0
user_0141,30,67.53,134.13,3.96,4.96,0.52,39,1.0,0.1103,96.84,17.91,0.139,0
user_0141,31,67.72,134.23,4.06,4.92,0.53,39,1.0,0.1084,96.68,17.98,0.136,0
user_0141,32,67.78,134.55,3.95,4.92,0.51,40,1.0,0.1108,96.77,17.97,0.1367,0
user_0141,33,67.8,133.96,3.89,4.87,0.52,39,0.99,0.1121,96.73,18.06,0.1371,0
user_0141,34,67.72,133.87,3.97,4.92,0.52,40,0.99,0.1097,96.82,18.09,0.138,0
user_0141,35,67.88,133.8,3.96,4.93,0.52,39,1.0,0.109,96.68,17.93,0.1393,0
user_0141,36,67.71,133.93,4.05,4.91,0.52,39,1.0,0.109,96.88,18.03,0.136,0
user_0141,37,67.89,133.97,3.98,4.94,0.51,40,1.01,0.1104,96.74,18.16,0.1374,0
user_0141,38,67.88,133.7,4.06,4.9,0.53,39,1.0,0.1079,96.78,18.01,0.1369,0
user_0141,39,67.78,134.69,3.92,4.93,0.51,40,1.0,0.1101,96.8,18.17,0.1374,0
user_0141,40,67.91,133.75,4.03,4.91,0.53,39,1.01,0.1096,96.67,17.9,0.1384,0
user_0141,41,67.61,133.46,3.97,4.92,0.52,39,1.01,0.112,96.82,18.13,0.137,0
user_0141,42,67.74,134.31,4.01,4.96,0.5,39,1.0,0.1117,96.86,17.98,0.139,0
user_0141,43,67.83,134.04,4.1,4.92,0.51,39,0.99,0.1105,96.7,17.87,0.1374,0
user_0141,44,67.55,134.21,4.05,4.94,0.51,40,0.99,0.11,96.89,18.12,0.138,0
user_0141,45,67.87,133.96,4.08,4.89,0.52,40,1.0,0.1108,96.83,18.09,0.1372,0
user_0141,46,67.83,134.27,4.07,4.91,0.52,39,1.0,0.1116,96.8,17.76,0.1383,0
user_0141,47,67.7,134.06,4.11,4.89,0.52,39,0.99,0.111,96.83,17.96,0.1385,0
user_0141,48,67.99,133.85,3.99,4.91,0.54,40,1.01,0.1105,96.97,18.1,0.137,0
user_0141,49,67.59,134.03,4.04,4.91,0.51,40,1.0,0.1107,96.71,17.99,0.1372,0
user_0141,50,67.91,134.21,3.93,4.89,0.53,40,1.0,0.1125,96.69,17.98,0.1398,0
user_0141,51,68.0,134.17,4.02,4.93,0.52,39,1.0,0.1141,96.73,18.1,0.1358,0
user_0141,52,67.69,133.99,3.96,4.9,0.53,40,1.0,0.1099,96.65,17.89,0.1369,0
user_0141,53,67.7,134.79,3.96,4.9,0.51,40,0.99,0.1093,96.9,18.03,0.1381,0
user_0141,54,67.91,134.03,3.91,4.93,0.53,39,1.0,0.1118,96.86,18.08,0.1383,0
user_0141,55,67.92,133.77,4.12,4.87,0.53,39,1.01,0.1119,96.73,17.97,0.1375,0
user_0141,56,67.88,133.67,3.98,4.93,0.5,39,1.01,0.108,96.69,18.16,0.1383,0
user_0141,57,67.96,133.82,3.89,4.92,0.52,39,1.0,0.1096,96.79,18.1,0.1376,0
user_0141,58,67.95,133.96,4.07,4.94,0.53,40,1.01,0.1111,96.86,17.85,0.1387,0
user_0141,59,67.92,133.92,4.09,4.89,0.51,40,1.0,0.11,96.66,18.12,0.1363,0
user_0142,0,63.72,106.32,3.91,4.2,0.29,40,1.0,0.1309,96.89,18.03,0.1128,0
user_0142,1,63.46,106.42,4.06,4.19,0.27,40,1.0,0.1323,96.9,17.87,0.1159,0
user_0142,2,63.72,106.96,4.05,4.19,0.28,40,1.01,0.1323,96.7,18.06,0.1151,0
user_0142,3,63.6,106.81,4.03,4.21,0.3,40,1.0,0.1348,96.76,18.01,0.1161,0
user_0142,4,63.51,106.76,3.94,4.23,0.3,39,1.0,0.1338,96.67,18.01,0.1154,0
user_0142,5,63.71,106.61,4.07,4.21,0.28,39,1.0,0.1301,96.66,17.72,0.114,0
user_0142,6,63.32,106.48,4.0,4.18,0.3,40,1.0,0.1337,96.81,17.94,0.1134,0
user_0142,7,63.45,106.44,4.09,4.25,0.28,39,1.0,0.1371,96.63,18.21,0.1147,0
user_0142,8,63.43,106.29,3.93,4.25,0.3,40,1.0,0.1334,96.6,17.88,0.1166,0
user_0142,9,63.71,106.69,3.92,4.23,0.29,39,1.01,0.1323,96.8,17.94,0.1153,0
user_0142,10,63.38,106.5,4.04,4.2,0.29,40,1.01,0.1341,96.81,17.99,0.114,0
user_0142,11,63.39,106.37,4.04,4.21,0.28,39,0.99,0.1321,96.75,17.82,0.1153,0
user_0142,12,63.6,106.88,4.0,4.2,0.28,40,1.0,0.1335,96.76,18.17,0.1147,0
user_0142,13,63.46,106.73,3.96,4.18,0.31,40,1.0,0.1332,96.67,18.01,0.1146,0
user_0142,14,63.46,106.28,3.91,4.22,0.29,40,1.0,0.1318,96.87,18.03,0.1155,0
user_0142,15,63.75,106.54,3.91,4.19,0.28,39,1.0,0.1344,96.69,17.97,0.1152,0
user_0142,16,63.59,106.55,4.06,4.23,0.32,39,1.0,0.1306,96.84,18.12,0.1152,0
user_0142,17,63.86,106.31,4.02,4.22,0.29,40,1.0,0.131,96.9,17.95,0.1157,0
user_0142,18,63.67,106.34,3.97,4.19,0.28,40,1.0,0.1342,96.77,17.82,0.1148,0
user_0142,19,63.74,106.85,3.94,4.25,0.28,40,1.0,0.1365,96.78,17.86,0.1162,0
user_0142,20,63.35,106.48,4.1,4.21,0.29,39,1.01,0.131,96.73,17.97,0.1133,0
user_0142,21,63.57,106.88,4.13,4.23,0.28,39,1.02,0.1347,96.94,18.03,0.116,0
user_0142,22,63.52,106.26,3.91,4.21,0.29,40,0.99,0.1333,96.5,18.02,0.114,0
user_0142,23,63.47,106.93,4.01,4.21,0.29,40,1.01,0.136,96.69,17.97,0.1158,0
user_0142,24,63.71,106.65,4.08,4.21,0.28,40,1.0,0.1334,96.76,17.84,0.1157,0
user_0142,25,63.57,106.52,4.04,4.23,0.3,39,0.99,0.1317,97.05,17.9,0.1159,0
user_0142,26,63.38,106.28,3.88,4.18,0.28,40,1.0,0.1336,96.85,17.96,0.1127,0
user_0142,27,63.52,106.41,4.05,4.24,0.28,40,1.0,0.1316,97.02,17.96,0.1156,0
user_0142,28,63.74,106.71,3.97,4.21,0.27,39,1.0,0.1327,96.84,17.88,0.1146,0
user_0142,29,63.6,106.56,4.13,4.2,0.29,40,1.0,0.131,96.82,18.08,0.1154,0
user_0142,30,63.65,106.44,3.94,4.21,0.3,40,0.99,0.1337,97.04,18.12,0.1142,0
user_0142,31,63.7,106.62,3.95,4.23,0.3,39,1.0,0.1317,96.67,17.93,0.114,0
user_0142,32,63.56,106.37,4.12,4.2,0.29,40,1.0,0.1334,96.97,18.04,0.1136,0
user_0142,33,63.64,107.04,3.95,4.25,0.29,39,1.0,0.1306,96.71,18.01,0.1149,0
user_0142,34,63.56,106.73,4.07,4.21,0.28,40,1.0,0.1322,96.93,17.87,0.115,0
user_0142,35,63.64,106.32,4.03,4.26,0.28,40,1.0,0.1344,96.92,17.99,0.1171,0
user_0142,36,63.61,106.59,3.99,4.23,0.29,39,1.0,0.1297,96.76,18.1,0.1157,0
user_0142,37,63.49,106.74,3.92,4.21,0.28,39,1.01,0.1346,96.74,18.01,0.1121,0
user_0142,38,63.72,106.63,4.01,4.25,0.3,40,0.99,0.1336,96.79,17.91,0.1158,0
user_0142,39,63.56,106.82,4.02,4.21,0.28,40,1.0,0.1293,96.69,17.9,0.1152,0
user_0142,40,63.44,106.55,3.99,4.21,0.27,39,1.0,0.1347,96.75,17.89,0.114,0
user_0142,41,63.6,106.78,3.94,4.24,0.28,39,0.99,0.1324,96.77,17.95,0.1163,0
user_0142,42,63.54,106.44,4.03,4.24,0.29,39,1.0,0.1349,96.79,17.9,0.1148,0
user_0142,43,63.64,107.02,3.86,4.21,0.28,39,1.0,0.1328,96.72,17.96,0.1156,0
user_0142,44,63.07,106.91,3.97,4.17,0.29,40,1.0,0.1335,96.88,18.11,0.1165,0
user_0142,45,63.63,106.24,4.1,4.26,0.28,39,1.0,0.134,96.64,17.89,0.1147,0
user_0142,46,63.62,106.55,4.0,4.23,0.3,40,1.01,0.1296,96.74,17.77,0.1151,0
user_0142,47,63.61,106.38,3.96,4.18,0.3,39,1.01,0.132,96.79,18.12,0.1148,0
user_0142,48,63.53,106.8,3.92,4.2,0.29,39,0.99,0.1313,96.97,18.0,0.115,0
user_0142,49,63.62,106.93,3.91,4.21,0.28,40,0.99,0.1341,96.77,18.01,0.1154,0
user_0142,50,63.42,106.9,4.16,4.24,0.31,40,1.0,0.1321,96.85,18.12,0.1136,0
user_0142,51,63.43,106.63,4.11,4.22,0.27,39,1.0,0.1332,96.77,17.87,0.1148,0
user_0142,52,63.56,106.51,4.1,4.22,0.3,40,1.0,0.1328,96.8,18.19,0.1139,0
user_0142,53,63.33,106.71,4.06,4.19,0.28,39,1.0,0.1359,97.01,18.01,0.1129,0
user_0142,54,63.39,106.52,4.01,4.23,0.3,40,0.99,0.1307,96.8,17.97,0.1138,0
user_0142,55,63.42,106.75,4.02,4.24,0.29,39,1.0,0.132,96.82,17.89,0.1156,0
user_0142,56,63.26,106.08,4.0,4.2,0.28,40,0.99,0.1346,96.82,17.94,0.1144,0
user_0142,57,63.62,106.71,3.95,4.23,0.29,40,1.0,0.1324,96.56,18.06,0.1153,0
user_0142,58,63.41,106.87,3.91,4.23,0.3,39,1.0,0.1335,96.83,18.05,0.1139,0
user_0142,59,63.45,106.75,4.04,4.22,0.28,39,1.0,0.1327,96.89,17.89,0.1148,0
user_0143,0,55.45,124.68,4.04,4.7,0.29,40,1.01,0.117,95.38,17.94,0.0998,0
user_0143,1,55.26,124.67,3.88,4.74,0.31,40,1.0,0.1182,95.34,18.01,0.1002,0
user_0143,2,55.6,124.96,4.0,4.72,0.3,39,1.0,0.1155,95.36,17.87,0.0982,0
user_0143,3,55.21,124.35,4.09,4.71,0.3,39,1.0,0.1185,95.38,17.87,0.1005,0
user_0143,4,55.69,124.64,3.92,4.7,0.3,39,1.0,0.1125,95.16,17.98,0.1,0
user_0143,5,55.49,124.57,4.08,4.7,0.3,39,1.0,0.1156,95.46,18.02,0.0997,0
user_0143,6,55.4,124.51,3.98,4.73,0.32,39,1.0,0.1182,95.2,18.07,0.0994,0
user_0143,7,55.65,124.44,4.08,4.71,0.32,40,1.0,0.1181,95.4,18.07,0.1008,0
user_0143,8,55.47,124.45,4.02,4.72,0.31,39,1.0,0.1164,95.29,17.9,0.0987,0
user_0143,9,55.57,124.22,3.99,4.71,0.31,39,0.99,0.1178,95.05,18.02,0.1001,0
user_0143,10,55.52,124.18,4.06,4.68,0.31,40,1.0,0.1166,95.42,17.85,0.0991,0
user_0143,11,55.53,124.33,3.95,4.75,0.29,39,1.0,0.1168,95.24,18.02,0.099,0
user_0143,12,55.54,124.49,4.01,4.73,0.31,39,1.01,0.1151,95.51,17.91,0.0986,0
user_0143,13,55.26,124.45,4.07,4.7,0.33,39,0.99,0.1153,95.34,17.95,0.1007,0
user_0143,14,45.83,148.49,9.35,6.55,1.38,61,0.82,0.2602,86.12,24.04,0.2198,1
user_0143,15,45.88,148.35,9.51,6.5,1.4,61,0.82,0.2617,86.32,23.82,0.22,1
user_0143,16,45.65,148.69,9.43,6.52,1.4,61,0.81,0.2614,86.26,24.15,0.2187,1
user_0143,17,45.78,149.18,9.29,6.53,1.39,61,0.82,0.2601,86.28,24.18,0.2199,1
user_0143,18,45.81,148.39,9.39,6.5,1.38,61,0.82,0.2629,86.3,23.85,0.2188,1
user_0143,19,46.0,148.7,9.41,6.54,1.39,61,0.84,0.2596,86.17,23.96,0.219,1
user_0143,20,45.7,148.65,9.35,6.47,1.39,61,0.83,0.259,86.24,24.03,0.2187,2
user_0143,21,45.79,148.28,9.49,6.51,1.38,61,0.82,0.2614,86.16,24.17,0.2185,2
user_0143,22,46.19,148.57,9.44,6.54,1.39,61,0.82,0.2638,86.29,24.01,0.2194,2
user_0143,23,45.71,148.82,9.31,6.56,1.39,61,0.81,0.2619,86.31,23.98,0.2202,2
user_0143,24,46.05,148.57,9.24,6.52,1.4,61,0.82,0.2615,86.42,24.02,0.2181,2
user_0143,25,46.12,148.46,9.44,6.51,1.38,61,0.83,0.2605,86.37,24.21,0.22,2
user_0143,26,46.22,148.26,9.4,6.5,1.38,61,0.82,0.2597,86.3,24.03,0.22,2
user_0143,27,46.02,149.01,9.56,6.51,1.39,61,0.81,0.2619,86.38,24.07,0.22,2
user_0143,28,45.84,148.85,9.49,6.47,1.39,61,0.83,0.2609,86.33,23.97,0.219,2
user_0143,29,46.16,148.55,9.51,6.52,1.4,61,0.82,0.2601,86.29,23.99,0.2189,2
user_0143,30,46.12,148.41,9.45,6.52,1.39,62,0.82,0.2604,86.36,24.06,0.219,2
user_0143,31,45.79,148.43,9.17,6.51,1.4,61,0.82,0.2613,86.39,24.01,0.2188,2
user_0143,32,45.9,148.3,9.46,6.58,1.38,61,0.82,0.2601,86.36,23.91,0.217,2
user_0143,33,46.07,148.71,9.46,6.57,1.39,62,0.83,0.2601,86.18,23.9,0.2197,2
user_0143,34,45.78,148.58,9.38,6.53,1.4,61,0.82,0.2634,86.1,24.03,0.219,2
user_0143,35,45.93,148.01,9.42,6.51,1.4,62,0.81,0.2611,86.11,24.01,0.22,2
user_0143,36,51.61,134.86,6.3,5.43,0.78,48,0.93,0.1776,91.58,20.67,0.1496,1
user_0143,37,51.68,134.57,6.2,5.45,0.78,49,0.92,0.1756,91.7,20.59,0.1501,1
user_0143,38,51.73,134.82,6.4,5.49,0.75,48,0.93,0.177,91.62,20.5,0.1476,1
user_0143,39,51.58,134.07,6.12,5.49,0.75,48,0.93,0.1757,91.58,20.62,0.1482,1
user_0143,40,51.45,134.68,6.22,5.49,0.77,48,0.93,0.1747,91.6,20.29,0.1492,1
user_0143,41,51.54,134.22,6.37,5.45,0.76,49,0.93,0.176,91.48,20.5,0.1487,1
user_0143,42,51.55,134.36,6.32,5.46,0.75,49,0.93,0.1755,91.45,20.57,0.1484,1
user_0143,43,51.69,134.65,6.27,5.48,0.78,48,0.93,0.1754,91.6,20.41,0.1503,1
user_0143,44,51.73,134.11,6.33,5.44,0.76,48,0.92,0.176,91.62,20.61,0.1489,1
user_0143,45,51.53,134.68,6.17,5.47,0.76,49,0.92,0.1771,91.57,20.7,0.1478,1
user_0143,46,51.88,135.0,6.35,5.46,0.77,48,0.91,0.1757,91.45,20.3,0.1507,1
user_0143,47,51.43,134.64,6.46,5.47,0.75,49,0.92,0.1778,91.27,20.53,0.149,1
user_0143,48,51.48,134.76,6.2,5.47,0.76,49,0.92,0.1763,91.53,20.48,0.1477,1
user_0143,49,51.65,134.73,6.13,5.46,0.78,49,0.92,0.1749,91.67,20.43,0.1497,1
user_0143,50,51.82,134.55,6.36,5.48,0.77,48,0.92,0.1759,91.51,20.53,0.1498,1
user_0143,51,51.3,134.56,6.27,5.47,0.75,49,0.93,0.1778,91.52,20.53,0.1496,1
user_0143,52,51.54,134.19,6.08,5.45,0.74,49,0.92,0.1756,91.72,20.46,0.1502,1
user_0143,53,51.54,134.16,6.25,5.42,0.76,48,0.92,0.1756,91.66,20.5,0.1487,1
user_0143,54,51.46,134.57,6.22,5.42,0.76,49,0.92,0.1769,91.55,20.28,0.1484,1
user_0143,55,51.73,134.66,6.3,5.5,0.76,48,0.93,0.1782,91.67,20.44,0.1497,1
user_0143,56,51.52,134.7,6.24,5.47,0.77,48,0.92,0.1781,91.58,20.4,0.1502,1
user_0143,57,51.75,134.6,6.23,5.51,0.78,48,0.92,0.1765,91.71,20.59,0.1487,1
user_0143,58,51.53,134.49,6.19,5.49,0.77,49,0.93,0.1749,91.48,20.51,0.15,1
user_0143,59,51.58,134.21,6.1,5.47,0.77,49,0.93,0.1782,91.6,20.45,0.1505,1
user_0144,0,51.34,126.0,3.92,5.51,0.42,39,0.99,0.0898,90.66,18.11,0.0978,0
user_0144,1,51.19,125.91,4.0,5.53,0.45,40,1.0,0.0944,90.56,17.96,0.0961,0
user_0144,2,51.21,126.28,4.07,5.5,0.43,40,1.0,0.0919,90.72,18.06,0.0974,0
user_0144,3,51.43,126.12,3.99,5.51,0.44,40,1.0,0.0935,90.66,18.02,0.0955,0
user_0144,4,51.36,126.14,3.93,5.46,0.43,39,1.0,0.0904,90.68,17.99,0.0983,0
user_0144,5,51.6,125.88,3.98,5.5,0.44,39,1.01,0.0932,90.83,18.08,0.0984,0
user_0144,6,51.4,126.28,4.01,5.51,0.43,39,1.0,0.0917,90.62,18.12,0.0976,0
user_0144,7,51.35,126.32,3.89,5.53,0.43,39,1.0,0.0945,90.67,18.07,0.097,0
user_0144,8,51.23,125.83,3.92,5.52,0.43,40,1.0,0.0898,90.61,18.02,0.0972,0
user_0144,9,51.42,125.91,4.01,5.52,0.43,39,1.0,0.0905,90.47,18.11,0.0965,0
user_0144,10,51.35,126.0,4.16,5.47,0.45,39,1.01,0.0927,90.64,17.98,0.0992,0
user_0144,11,51.34,125.84,4.08,5.5,0.44,39,1.01,0.092,90.8,17.95,0.0973,0
user_0144,12,51.2,125.33,3.98,5.5,0.45,40,1.0,0.0911,90.79,18.09,0.0955,0
user_0144,13,51.3,125.66,4.05,5.5,0.44,40,1.01,0.0908,90.85,18.02,0.0971,0
user_0144,14,43.18,145.82,8.61,6.98,1.35,57,0.85,0.2126,83.37,22.93,0.1974,1
user_0144,15,43.18,146.09,8.54,6.98,1.31,57,0.84,0.2107,83.09,23.01,0.197,1
user_0144,16,43.29,145.91,8.51,7.0,1.34,57,0.85,0.2098,83.02,23.04,0.1971,1
user_0144,17,43.43,146.08,8.48,7.01,1.35,58,0.85,0.2096,83.21,23.2,0.1977,1
user_0144,18,43.51,146.04,8.47,7.01,1.36,58,0.85,0.2104,83.29,23.06,0.198,1
user_0144,19,43.29,145.56,8.43,6.99,1.35,57,0.85,0.2079,83.44,23.07,0.197,1
user_0144,20,31.41,175.77,15.22,9.23,2.7,85,0.63,0.3946,72.04,30.38,0.347,3
user_0144,21,31.27,175.79,15.21,9.23,2.71,84,0.63,0.3932,72.08,30.56,0.3474,3
user_0144,22,31.38,175.85,15.26,9.29,2.67,85,0.63,0.3906,71.95,30.4,0.3475,3
user_0144,23,31.27,176.06,15.19,9.25,2.69,84,0.63,0.3933,71.82,30.63,0.3469,3
user_0144,24,31.2,175.92,15.19,9.25,2.68,84,0.63,0.3938,71.7,30.45,0.3473,3
user_0144,25,31.22,176.15,15.12,9.28,2.7,85,0.62,0.3928,71.93,30.41,0.3476,3
user_0144,26,31.42,175.71,15.32,9.28,2.69,84,0.62,0.3914,71.94,30.36,0.3459,3
user_0144,27,31.37,175.4,15.24,9.28,2.69,84,0.62,0.3911,72.09,30.44,0.3467,3
user_0144,28,31.38,176.39,15.28,9.26,2.68,84,0.63,0.3932,71.8,30.51,0.346,3
user_0144,29,31.44,175.98,15.19,9.21,2.7,84,0.62,0.3893,71.94,30.49,0.3453,3
user_0144,30,31.47,176.02,15.18,9.26,2.71,85,0.62,0.3911,71.91,30.49,0.3478,3
user_0144,31,31.53,176.12,15.27,9.33,2.68,84,0.63,0.3935,72.0,30.44,0.3476,3
user_0144,32,31.2,175.94,15.2,9.26,2.72,84,0.62,0.3926,71.89,30.46,0.3465,3
user_0144,33,31.44,176.32,15.28,9.28,2.7,84,0.63,0.3913,71.9,30.31,0.3475,3
user_0144,34,31.51,175.87,15.18,9.28,2.7,84,0.62,0.391,71.87,30.52,0.3491,3
user_0144,35,31.5,175.56,15.32,9.25,2.69,84,0.62,0.3958,72.05,30.44,0.3469,3
user_0144,36,31.21,176.25,15.23,9.24,2.69,84,0.62,0.3911,72.0,30.5,0.3475,3
user_0144,37,31.13,176.19,15.24,9.29,2.7,84,0.62,0.3926,72.08,30.38,0.3482,3
user_0144,38,31.12,175.71,15.2,9.22,2.68,85,0.63,0.3946,71.92,30.64,0.3484,3
user_0144,39,31.24,175.93,15.33,9.25,2.69,84,0.63,0.3928,71.97,30.51,0.3458,3
user_0144,40,25.9,189.89,18.4,10.34,3.31,97,0.52,0.4776,66.69,34.21,0.4156,4
user_0144,41,25.71,189.93,18.48,10.31,3.33,97,0.52,0.479,66.6,33.92,0.4181,4
user_0144,42,25.99,190.01,18.42,10.3,3.31,97,0.52,0.4729,66.85,34.19,0.4182,4
user_0144,43,25.52,189.66,18.43,10.33,3.32,97,0.52,0.4776,66.48,34.01,0.4177,4
user_0144,44,25.56,190.25,18.37,10.32,3.32,97,0.52,0.4787,66.57,34.0,0.4164,4
user_0144,45,25.71,190.0,18.4,10.29,3.32,97,0.51,0.4766,66.79,34.12,0.4173,4
user_0144,46,25.43,189.83,18.56,10.27,3.31,97,0.52,0.4749,66.61,33.91,0.4169,4
user_0144,47,25.83,190.66,18.44,10.31,3.33,97,0.53,0.4768,66.52,34.08,0.4173,4
user_0144,48,25.74,189.68,18.47,10.29,3.31,97,0.51,0.4782,66.88,34.11,0.4167,4
user_0144,49,25.74,189.97,18.3,10.31,3.3,97,0.52,0.4764,66.83,33.92,0.4177,4
user_0144,50,25.72,190.58,18.2,10.29,3.33,97,0.53,0.4762,66.69,33.78,0.4179,4
user_0144,51,25.8,189.45,18.4,10.32,3.32,97,0.52,0.4762,66.74,33.72,0.4171,4
user_0144,52,25.49,189.68,18.37,10.28,3.33,97,0.52,0.4766,66.77,34.09,0.4186,4
user_0144,53,25.42,190.17,18.48,10.36,3.32,97,0.52,0.4799,66.72,33.99,0.418,4
user_0144,54,25.54,190.2,18.37,10.31,3.32,98,0.52,0.4781,66.5,34.07,0.4187,4
user_0144,55,25.87,189.76,18.44,10.33,3.32,97,0.52,0.4751,66.74,34.09,0.4163,4
user_0144,56,25.7,189.77,18.42,10.32,3.32,97,0.52,0.476,66.73,34.04,0.4196,4
user_0144,57,25.8,189.67,18.36,10.29,3.31,97,0.52,0.4745,66.87,33.85,0.4175,4
user_0144,58,25.44,190.0,18.46,10.32,3.32,97,0.53,0.4769,66.79,33.86,0.4181,4
user_0144,59,25.73,189.85,18.41,10.34,3.32,97,0.51,0.4771,66.72,33.92,0.4172,4
user_0145,0,73.19,115.99,3.93,3.58,0.27,40,1.0,0.0759,92.35,18.11,0.1202,0
user_0145,1,73.11,116.07,3.94,3.59,0.27,39,1.01,0.0813,92.61,17.89,0.1217,0
user_0145,2,73.27,116.18,4.1,3.57,0.26,40,1.0,0.0741,92.55,17.86,0.121,0
user_0145,3,73.32,116.39,3.92,3.6,0.28,39,1.01,0.0756,92.49,17.91,0.1208,0
user_0145,4,73.16,115.92,3.96,3.58,0.28,39,1.0,0.0796,92.5,17.75,0.1224,0
user_0145,5,73.52,116.38,4.1,3.6,0.25,40,0.99,0.0746,92.48,18.1,0.1196,0
user_0145,6,73.26,116.69,4.07,3.61,0.28,40,0.99,0.075,92.46,17.97,0.1224,0
user_0145,7,73.34,116.49,4.03,3.62,0.23,40,1.0,0.0784,92.32,18.17,0.1188,0
user_0145,8,73.2,115.94,3.97,3.59,0.27,39,1.0,0.0794,92.37,17.99,0.1212,0
user_0145,9,73.1,115.73,4.04,3.59,0.27,40,0.99,0.0794,92.47,17.99,0.1201,0
user_0145,10,73.44,116.24,3.78,3.62,0.25,39,0.99,0.0759,92.44,17.98,0.1187,0
user_0145,11,73.35,116.17,3.99,3.59,0.25,39,1.0,0.0772,92.43,17.83,0.1201,0
user_0145,12,73.27,116.39,4.08,3.58,0.27,39,1.01,0.0771,92.68,17.93,0.1216,0
user_0145,13,73.57,115.94,3.9,3.62,0.25,39,1.0,0.0796,92.48,18.03,0.1203,0
user_0145,14,65.24,136.2,8.57,5.09,1.16,58,0.84,0.1965,85.06,22.9,0.2205,1
user_0145,15,65.27,135.88,8.45,5.07,1.14,57,0.85,0.1953,84.93,22.86,0.2205,1
user_0145,16,65.61,136.2,8.48,5.11,1.17,58,0.86,0.1971,85.15,22.96,0.2218,1
user_0145,17,65.46,135.89,8.37,5.11,1.15,58,0.85,0.198,84.84,23.19,0.2206,1
user_0145,18,65.09,136.25,8.38,5.12,1.15,58,0.85,0.1935,84.96,22.9,0.2218,1
user_0145,19,65.4,135.95,8.53,5.12,1.17,57,0.86,0.194,85.09,22.94,0.22,1
user_0145,20,53.31,166.08,15.34,7.38,2.51,85,0.62,0.3763,73.81,30.6,0.3697,3
user_0145,21,53.6,166.39,15.12,7.33,2.51,84,0.62,0.3765,73.75,30.67,0.3714,3
user_0145,22,53.71,165.73,15.26,7.35,2.51,84,0.62,0.3762,73.8,30.53,0.3697,3
user_0145,23,53.49,165.67,15.31,7.36,2.5,85,0.62,0.3775,73.57,30.55,0.3682,3
user_0145,24,53.42,165.75,15.27,7.38,2.5,84,0.62,0.376,73.6,30.31,0.3692,3
user_0145,25,53.53,166.42,15.14,7.36,2.52,84,0.64,0.3765,73.73,30.32,0.3709,3
user_0145,26,53.07,166.1,15.21,7.33,2.51,85,0.63,0.378,73.72,30.41,0.3697,3
user_0145,27,53.25,166.14,15.27,7.35,2.52,84,0.63,0.3749,73.92,30.6,0.3695,3
user_0145,28,53.49,166.27,15.12,7.38,2.5,85,0.63,0.3773,74.03,30.58,0.3702,3
user_0145,29,53.33,166.15,15.25,7.31,2.51,84,0.63,0.3757,73.77,30.51,0.37,3
user_0145,30,53.26,166.08,15.26,7.33,2.51,84,0.63,0.3768,73.75,30.51,0.37,3
user_0145,31,53.27,166.37,15.19,7.39,2.53,84,0.63,0.3776,73.8,30.54,0.3694,3
user_0145,32,53.57,166.48,15.21,7.33,2.49,85,0.62,0.375,73.74,30.42,0.3708,3
user_0145,33,53.25,165.85,15.26,7.34,2.5,85,0.62,0.3781,73.75,30.31,0.3708,3
user_0145,34,53.29,166.0,15.41,7.36,2.51,84,0.63,0.3768,73.83,30.53,0.3705,3
user_0145,35,53.51,166.12,15.25,7.36,2.5,85,0.63,0.376,73.76,30.44,0.3695,3
user_0145,36,53.52,166.26,15.31,7.38,2.52,84,0.63,0.3762,73.67,30.56,0.3713,3
user_0145,37,53.43,166.01,15.32,7.36,2.52,84,0.62,0.3763,73.63,30.63,0.3689,3
user_0145,38,53.25,165.62,15.28,7.34,2.53,85,0.62,0.3772,73.77,30.58,0.3713,3
user_0145,39,53.29,165.84,15.28,7.39,2.53,85,0.63,0.3751,73.72,30.49,0.3704,3
user_0145,40,47.78,180.33,18.27,8.42,3.15,97,0.52,0.4617,68.42,34.03,0.4402,4
user_0145,41,47.64,179.64,18.46,8.39,3.14,97,0.51,0.4617,68.5,33.87,0.4397,4
user_0145,42,47.89,180.35,18.47,8.38,3.14,97,0.52,0.4589,68.65,33.99,0.44,4
user_0145,43,47.68,179.88,18.4,8.38,3.15,97,0.52,0.4621,68.39,33.89,0.4408,4
user_0145,44,47.73,180.07,18.32,8.4,3.13,97,0.52,0.4629,68.49,33.92,0.4411,4
user_0145,45,47.58,179.98,18.39,8.34,3.16,97,0.51,0.4613,68.36,34.03,0.4394,4
user_0145,46,47.76,180.16,18.42,8.39,3.14,97,0.53,0.4615,68.55,34.0,0.4413,4
user_0145,47,47.98,179.72,18.32,8.43,3.16,97,0.51,0.4596,68.43,34.02,0.4411,4
user_0145,48,47.72,180.49,18.4,8.38,3.13,97,0.52,0.4606,68.44,33.97,0.4395,4
user_0145,49,47.79,180.55,18.38,8.41,3.14,98,0.52,0.4602,68.32,33.81,0.4401,4
user_0145,50,47.67,180.18,18.44,8.41,3.15,97,0.52,0.4599,68.39,33.97,0.4399,4
user_0145,51,47.78,180.3,18.38,8.41,3.16,97,0.52,0.4633,68.46,34.06,0.4395,4
user_0145,52,47.7,179.97,18.44,8.45,3.14,97,0.52,0.4611,68.5,34.07,0.4404,4
user_0145,53,47.69,180.33,18.39,8.4,3.13,97,0.51,0.461,68.33,33.83,0.4389,4
user_0145,54,47.82,179.81,18.39,8.39,3.15,97,0.52,0.4602,68.55,34.06,0.4382,4
user_0145,55,47.93,180.31,18.43,8.37,3.15,97,0.52,0.4622,68.64,33.96,0.4394,4
user_0145,56,47.72,180.19,18.4,8.38,3.15,97,0.52,0.4617,68.46,34.06,0.4421,4
user_0145,57,47.89,179.65,18.39,8.38,3.16,97,0.52,0.4585,68.78,34.01,0.4402,4
user_0145,58,47.53,180.1,18.4,8.4,3.13,97,0.53,0.459,68.53,33.97,0.4413,4
user_0145,59,47.78,180.08,18.41,8.38,3.13,97,0.51,0.4576,68.49,33.97,0.4413,4
user_0146,0,67.17,120.03,3.99,4.39,0.22,39,1.0,0.1107,92.98,17.85,0.1385,0
user_0146,1,67.0,120.08,3.89,4.38,0.22,39,0.99,0.111,92.92,17.93,0.1374,0
user_0146,2,66.8,120.38,4.08,4.4,0.23,39,1.0,0.1106,92.64,17.82,0.1395,0
user_0146,3,66.6,120.37,3.93,4.42,0.21,39,1.01,0.1096,92.57,17.98,0.1371,0
user_0146,4,66.61,120.09,4.08,4.47,0.23,39,0.99,0.1076,92.78,18.0,0.1376,0
user_0146,5,66.74,119.92,3.95,4.4,0.23,39,1.0,0.1121,92.83,17.96,0.1361,0
user_0146,6,66.95,120.21,4.02,4.42,0.22,39,1.0,0.1075,92.67,18.04,0.1393,0
user_0146,7,66.89,119.97,4.09,4.42,0.23,40,1.0,0.1088,92.82,18.04,0.1378,0
user_0146,8,66.75,120.42,3.93,4.43,0.23,39,1.0,0.1076,92.74,18.03,0.1368,0
user_0146,9,66.76,119.89,4.11,4.42,0.21,40,1.0,0.1065,92.77,18.04,0.1373,0
user_0146,10,67.0,120.39,3.95,4.36,0.23,39,1.0,0.1093,92.65,17.82,0.1367,0
user_0146,11,66.61,120.24,3.89,4.44,0.2,40,1.0,0.1109,92.5,17.94,0.1367,0
user_0146,12,66.75,120.28,3.98,4.39,0.22,40,1.0,0.1075,92.98,18.15,0.1374,0
user_0146,13,66.95,120.69,3.89,4.38,0.22,40,1.0,0.1088,92.61,18.05,0.1365,0
user_0146,14,57.26,144.12,9.4,6.21,1.3,61,0.82,0.2554,83.72,23.9,0.2573,1
user_0146,15,57.01,144.18,9.38,6.16,1.31,61,0.81,0.255,83.6,23.87,0.2572,1
user_0146,16,57.14,144.57,9.37,6.19,1.31,61,0.81,0.2545,83.68,23.98,0.2584,1
user_0146,17,57.14,144.62,9.4,6.17,1.31,61,0.83,0.2526,83.94,23.99,0.2564,1
user_0146,18,57.28,144.65,9.48,6.18,1.31,60,0.83,0.2539,83.61,24.02,0.2577,1
user_0146,19,57.41,144.27,9.45,6.22,1.3,61,0.82,0.2554,83.55,24.0,0.2594,1
user_0146,20,57.14,143.9,9.35,6.23,1.31,61,0.83,0.2541,83.82,23.84,0.2574,2
user_0146,21,57.03,143.7,9.43,6.17,1.31,61,0.83,0.2538,83.86,23.98,0.2579,2
user_0146,22,57.14,144.19,9.44,6.17,1.31,61,0.81,0.256,83.71,24.26,0.2581,2
user_0146,23,57.37,144.0,9.3,6.17,1.31,61,0.82,0.2512,83.71,23.98,0.2574,2
user_0146,24,57.2,144.04,9.34,6.24,1.29,61,0.82,0.2503,83.71,24.08,0.2596,2
user_0146,25,56.95,144.11,9.38,6.19,1.3,61,0.82,0.2547,83.69,24.03,0.2582,2
user_0146,26,56.99,144.51,9.47,6.17,1.32,62,0.82,0.2531,83.74,24.0,0.2563,2
user_0146,27,57.11,144.21,9.27,6.23,1.28,61,0.82,0.2551,83.82,23.95,0.2574,2
user_0146,28,57.4,144.34,9.52,6.22,1.31,62,0.83,0.2534,83.74,23.84,0.2575,2
user_0146,29,56.95,143.81,9.43,6.2,1.28,61,0.82,0.2528,83.88,24.04,0.2581,2
user_0146,30,57.19,144.45,9.38,6.21,1.29,61,0.81,0.2541,83.94,24.05,0.2573,2
user_0146,31,57.14,144.57,9.44,6.19,1.31,61,0.82,0.2527,83.74,23.94,0.2571,2
user_0146,32,57.04,144.57,9.48,6.16,1.28,61,0.82,0.2518,84.01,23.95,0.2563,2
user_0146,33,56.96,144.64,9.37,6.21,1.3,61,0.83,0.2528,83.63,23.86,0.2576,2
user_0146,34,57.35,144.21,9.3,6.2,1.29,61,0.82,0.2519,83.7,23.93,0.257,2
user_0146,35,57.07,144.48,9.31,6.16,1.3,61,0.81,0.2562,83.79,24.13,0.2575,2
user_0146,36,62.95,130.62,6.15,5.12,0.67,49,0.93,0.1698,89.04,20.51,0.1885,1
user_0146,37,62.7,130.47,6.27,5.15,0.66,49,0.92,0.1696,88.97,20.6,0.1887,1
user_0146,38,62.64,130.18,6.18,5.13,0.67,49,0.92,0.1682,89.06,20.37,0.1886,1
user_0146,39,62.89,130.31,6.25,5.13,0.66,48,0.93,0.1681,89.03,20.31,0.1875,1
user_0146,40,62.73,130.05,6.26,5.2,0.67,48,0.92,0.1684,89.02,20.53,0.1871,1
user_0146,41,62.6,129.79,6.24,5.13,0.67,48,0.92,0.168,89.16,20.61,0.1887,1
user_0146,42,62.84,130.29,6.26,5.18,0.67,49,0.93,0.1689,89.11,20.45,0.1873,1
user_0146,43,62.64,130.39,6.27,5.17,0.68,48,0.92,0.17,89.0,20.5,0.1888,1
user_0146,44,62.6,129.96,6.22,5.16,0.67,49,0.92,0.1699,89.09,20.52,0.1869,1
user_0146,45,62.99,130.61,6.34,5.13,0.67,49,0.93,0.1687,89.07,20.45,0.1858,1
user_0146,46,62.92,130.48,6.27,5.07,0.69,48,0.92,0.1679,89.03,20.56,0.1878,1
user_0146,47,62.74,130.53,6.25,5.15,0.67,48,0.92,0.1696,89.08,20.48,0.1878,1
user_0146,48,62.72,130.03,6.21,5.14,0.65,49,0.92,0.173,88.84,20.45,0.1895,1
user_0146,49,62.71,129.98,6.15,5.15,0.66,48,0.93,0.1688,89.11,20.48,0.189,1
user_0146,50,62.9,130.54,6.27,5.19,0.67,48,0.93,0.1677,88.99,20.53,0.187,1
user_0146,51,63.0,130.33,6.29,5.13,0.68,48,0.93,0.1711,89.03,20.37,0.1878,1
user_0146,52,62.51,129.8,6.36,5.18,0.65,48,0.93,0.1712,89.04,20.45,0.1879,1
user_0146,53,62.94,130.04,6.33,5.13,0.66,49,0.93,0.1702,89.01,20.53,0.1875,1
user_0146,54,62.78,130.38,6.18,5.17,0.69,48,0.93,0.1698,89.09,20.37,0.1881,1
user_0146,55,62.43,129.87,6.14,5.13,0.67,49,0.92,0.1701,89.0,20.59,0.188,1
user_0146,56,62.89,130.15,6.29,5.15,0.67,48,0.91,0.1703,89.06,20.56,0.1873,1
user_0146,57,62.99,130.13,6.24,5.16,0.68,48,0.93,0.1701,89.2,20.53,0.1876,1
user_0146,58,62.56,130.14,6.17,5.1,0.65,48,0.92,0.1691,89.09,20.35,0.1856,1
user_0146,59,62.72,130.09,6.25,5.14,0.66,49,0.93,0.1684,88.95,20.36,0.1882,1
user_0147,0,72.57,126.05,4.13,4.0,0.3,39,1.0,0.0832,91.85,18.03,0.149,0
user_0147,1,72.94,125.86,4.0,4.02,0.32,40,0.99,0.0846,91.91,18.05,0.1492,0
user_0147,2,72.97,125.67,3.92,4.04,0.29,40,1.0,0.086,91.98,17.91,0.1493,0
user_0147,3,73.02,126.21,3.98,3.97,0.32,39,1.0,0.0852,91.77,17.89,0.1477,0
user_0147,4,72.75,125.78,4.0,4.02,0.3,40,0.99,0.085,91.87,18.11,0.1489,0
user_0147,5,72.97,125.88,3.87,4.01,0.29,40,1.0,0.0844,91.77,18.17,0.1483,0
user_0147,6,73.04,126.45,4.1,4.03,0.32,40,1.01,0.0849,91.78,18.02,0.1471,0
user_0147,7,72.9,125.97,4.07,4.05,0.29,40,1.0,0.0865,91.96,18.11,0.1489,0
user_0147,8,72.7,125.88,4.03,3.98,0.3,39,1.0,0.0851,91.9,18.06,0.1476,0
user_0147,9,72.83,126.17,3.91,4.03,0.31,39,1.0,0.0849,92.05,18.11,0.1469,0
user_0147,10,72.85,126.1,4.02,3.99,0.31,39,1.0,0.0838,91.82,18.18,0.1497,0
user_0147,11,72.93,125.64,4.11,3.96,0.29,39,1.0,0.0871,91.95,18.03,0.1486,0
user_0147,12,72.75,126.26,4.11,4.04,0.31,40,1.0,0.0816,91.98,17.9,0.1486,0
user_0147,13,73.16,126.05,4.12,4.02,0.3,39,1.0,0.0862,91.85,18.07,0.1489,0
user_0147,14,72.61,125.87,4.0,4.01,0.31,40,1.01,0.085,91.88,18.06,0.1479,0
user_0147,15,72.92,126.16,4.01,4.01,0.31,39,1.0,0.0842,91.97,17.86,0.1496,0
user_0147,16,73.1,126.11,3.92,3.97,0.33,39,1.0,0.0818,91.66,18.07,0.148,0
user_0147,17,73.01,125.97,4.09,4.01,0.31,39,1.0,0.0831,91.8,17.84,0.1475,0
user_0147,18,72.74,126.54,3.99,4.0,0.31,39,1.0,0.0855,91.93,18.0,0.1487,0
user_0147,19,72.94,126.19,4.03,4.02,0.3,40,0.99,0.0846,91.88,17.85,0.1478,0
user_0147,20,73.08,125.85,4.04,3.99,0.29,40,1.01,0.0846,91.91,18.13,0.1483,0
user_0147,21,72.9,126.0,3.94,3.98,0.3,40,1.01,0.0829,91.94,17.98,0.1501,0
user_0147,22,72.88,125.89,4.02,3.98,0.31,39,1.0,0.0836,91.79,18.03,0.1486,0
user_0147,23,72.85,126.15,3.99,4.01,0.3,40,1.01,0.0809,91.84,17.98,0.1487,0
user_0147,24,73.3,126.07,3.97,4.03,0.31,39,1.0,0.0845,92.03,18.01,0.149,0
user_0147,25,72.8,126.17,3.99,4.01,0.3,40,1.0,0.0831,91.78,18.02,0.1486,0
user_0147,26,72.98,126.09,3.92,4.03,0.3,40,1.0,0.0837,91.78,17.88,0.1473,0
user_0147,27,73.13,125.86,3.97,4.08,0.32,40,1.0,0.0861,91.63,17.99,0.1479,0
user_0147,28,72.65,125.69,3.99,3.98,0.3,39,1.01,0.0855,91.95,17.89,0.1498,0
user_0147,29,72.98,126.04,3.89,4.02,0.3,39,1.0,0.084,91.86,17.88,0.147,0
user_0147,30,73.11,125.76,3.91,4.0,0.31,39,1.0,0.0832,91.98,17.79,0.1488,0
user_0147,31,73.17,125.99,3.93,3.96,0.31,40,1.01,0.0868,91.94,17.84,0.1498,0
user_0147,32,72.76,125.96,4.05,4.02,0.3,40,0.99,0.0859,91.82,18.2,0.1482,0
user_0147,33,73.07,126.29,4.06,4.03,0.31,40,1.0,0.0842,91.8,17.95,0.1482,0
user_0147,34,72.92,126.25,4.01,4.04,0.3,40,1.0,0.0845,91.8,18.11,0.1496,0
user_0147,35,73.13,126.39,4.0,3.99,0.31,40,1.0,0.0839,91.84,18.13,0.1482,0
user_0147,36,72.99,126.29,4.04,4.0,0.3,39,1.0,0.0819,91.97,17.87,0.1475,0
user_0147,37,72.84,125.93,4.15,4.04,0.3,40,1.0,0.0845,91.78,17.94,0.1507,0
user_0147,38,72.96,126.0,4.01,4.02,0.3,39,1.0,0.0872,91.9,18.05,0.1477,0
user_0147,39,72.83,126.15,4.01,4.01,0.32,40,1.0,0.0838,91.95,17.9,0.1485,0
user_0147,40,72.94,125.95,4.0,4.03,0.31,39,1.0,0.0852,92.08,18.06,0.1502,0
user_0147,41,72.92,126.14,3.83,4.01,0.31,40,1.0,0.0846,92.04,17.94,0.1496,0
user_0147,42,73.13,126.23,3.93,4.03,0.31,40,1.0,0.0813,91.77,17.98,0.1486,0
user_0147,43,73.01,126.04,3.96,3.99,0.3,40,1.0,0.0856,91.9,17.85,0.1472,0
user_0147,44,72.83,125.97,4.11,3.99,0.31,40,1.0,0.086,92.01,18.04,0.1494,0
user_0147,45,72.9,126.53,4.03,4.0,0.3,39,0.99,0.0868,92.02,18.09,0.1486,0
user_0147,46,72.73,125.92,4.04,4.01,0.3,39,1.0,0.0837,91.98,18.02,0.1478,0
user_0147,47,72.83,126.41,4.05,3.99,0.31,40,1.0,0.0828,91.82,18.1,0.1493,0
user_0147,48,72.8,126.18,3.97,4.02,0.31,39,1.0,0.0847,91.82,17.94,0.1489,0
user_0147,49,73.05,125.91,3.94,3.99,0.3,40,1.0,0.0865,91.82,17.87,0.1503,0
user_0147,50,72.87,126.3,4.06,4.03,0.3,40,1.0,0.0825,91.83,18.08,0.1496,0
user_0147,51,73.05,126.06,4.1,3.99,0.33,39,1.0,0.0827,91.82,18.07,0.1491,0
user_0147,52,72.67,126.14,3.87,4.05,0.32,39,1.0,0.0824,91.82,18.03,0.1487,0
user_0147,53,72.93,126.1,4.03,4.0,0.3,40,1.0,0.0886,91.88,17.86,0.1475,0
user_0147,54,72.92,126.03,3.99,3.98,0.29,39,1.0,0.0825,91.94,18.02,0.1494,0
user_0147,55,73.09,126.12,3.94,4.03,0.29,39,1.0,0.0848,91.99,17.91,0.1472,0
user_0147,56,73.12,126.31,4.23,3.98,0.31,39,1.01,0.0818,91.77,18.03,0.1487,0
user_0147,57,72.88,126.17,4.08,4.03,0.3,39,1.0,0.0852,91.93,17.97,0.1468,0
user_0147,58,72.98,125.93,4.01,4.02,0.29,39,1.0,0.0858,91.68,17.85,0.148,0
user_0147,59,72.84,125.64,3.95,3.98,0.29,40,1.0,0.0827,91.94,17.92,0.1499,0
user_0148,0,45.51,121.98,3.94,3.97,0.27,39,1.0,0.0955,93.88,18.15,0.1238,0
user_0148,1,45.29,121.02,3.93,3.92,0.27,40,1.0,0.0953,93.89,17.97,0.1242,0
user_0148,2,45.1,121.4,3.92,3.97,0.26,40,1.01,0.0935,93.82,17.93,0.1243,0
user_0148,3,45.47,121.0,3.98,4.01,0.25,40,1.0,0.0933,94.07,18.14,0.1223,0
user_0148,4,45.5,121.58,4.05,3.95,0.27,40,1.0,0.0979,93.64,18.0,0.1236,0
user_0148,5,45.47,121.61,3.95,3.98,0.25,40,0.99,0.0948,93.82,18.12,0.1236,0
user_0148,6,45.54,121.7,3.83,4.02,0.26,39,1.0,0.0963,93.94,18.01,0.1236,0
user_0148,7,45.35,121.34,4.02,3.91,0.29,40,1.0,0.0959,93.97,18.05,0.1251,0
user_0148,8,45.36,121.37,3.9,3.96,0.27,40,1.0,0.0948,93.91,17.89,0.125,0
user_0148,9,45.26,121.13,3.98,3.97,0.28,39,0.99,0.095,93.89,17.91,0.1236,0
user_0148,10,45.48,121.51,4.08,3.99,0.27,40,1.0,0.0945,93.76,17.96,0.1257,0
user_0148,11,45.09,121.5,3.9,3.95,0.27,39,1.0,0.0946,93.91,17.97,0.1242,0
user_0148,12,45.47,121.59,3.9,3.98,0.28,39,1.0,0.0942,93.86,17.99,0.1249,0
user_0148,13,45.33,121.54,4.04,3.98,0.29,39,1.01,0.0933,93.87,18.0,0.1241,0
user_0148,14,37.45,140.92,8.45,5.45,1.13,57,0.86,0.2145,86.27,23.07,0.2226,1
user_0148,15,37.46,141.67,8.49,5.48,1.19,58,0.86,0.2157,86.42,22.77,0.2241,1
user_0148,16,37.32,141.86,8.55,5.49,1.17,58,0.86,0.2145,86.4,22.98,0.2239,1
user_0148,17,37.14,141.75,8.54,5.47,1.16,58,0.85,0.215,86.2,22.82,0.2235,1
user_0148,18,37.14,141.6,8.54,5.5,1.16,57,0.85,0.2158,86.5,23.14,0.2266,1
user_0148,19,37.22,141.48,8.44,5.5,1.16,57,0.85,0.2148,86.54,22.92,0.2254,1
user_0148,20,25.27,170.92,15.24,7.73,2.53,85,0.63,0.3925,75.19,30.44,0.3743,3
user_0148,21,25.13,171.32,15.21,7.72,2.52,84,0.62,0.3928,75.0,30.52,0.3747,3
user_0148,22,25.38,171.07,15.19,7.7,2.52,85,0.63,0.395,75.47,30.59,0.3739,3
user_0148,23,25.23,171.56,15.21,7.7,2.51,85,0.63,0.3923,75.1,30.61,0.3768,3
user_0148,24,25.31,171.47,15.24,7.75,2.51,85,0.63,0.3968,75.13,30.53,0.3759,3
user_0148,25,25.4,170.96,15.26,7.7,2.52,85,0.62,0.3964,75.15,30.49,0.3743,3
user_0148,26,25.31,171.45,15.3,7.72,2.52,85,0.63,0.3941,75.06,30.37,0.374,3
user_0148,27,25.43,170.96,15.19,7.7,2.52,85,0.62,0.3967,75.32,30.59,0.3739,3
user_0148,28,25.05,171.55,15.31,7.72,2.54,84,0.63,0.3968,75.26,30.43,0.374,3
user_0148,29,25.5,171.38,15.28,7.71,2.51,85,0.62,0.3951,75.15,30.44,0.3729,3
user_0148,30,25.3,171.38,15.2,7.72,2.53,84,0.61,0.3962,75.1,30.42,0.3755,3
user_0148,31,25.4,171.28,15.27,7.69,2.51,84,0.62,0.3954,75.05,30.5,0.3746,3
user_0148,32,25.31,171.06,15.16,7.76,2.5,85,0.62,0.395,75.05,30.3,0.3746,3
user_0148,33,25.23,171.48,15.29,7.75,2.52,85,0.62,0.3916,75.25,30.44,0.3722,3
user_0148,34,25.25,171.0,15.24,7.73,2.52,85,0.63,0.3975,75.16,30.43,0.374,3
user_0148,35,25.27,171.24,15.13,7.7,2.51,84,0.63,0.3971,75.2,30.53,0.3743,3
user_0148,36,25.45,171.56,15.31,7.67,2.54,84,0.63,0.3949,75.04,30.44,0.3745,3
user_0148,37,25.2,171.35,15.23,7.69,2.52,85,0.62,0.3968,75.0,30.47,0.3753,3
user_0148,38,25.42,171.87,15.23,7.71,2.5,84,0.62,0.3965,74.89,30.42,0.3755,3
user_0148,39,25.4,171.08,15.31,7.73,2.54,85,0.63,0.397,75.15,30.58,0.3737,3
user_0148,40,20.0,185.76,18.34,8.79,3.15,97,0.52,0.4798,69.9,34.03,0.4444,4
user_0148,41,20.0,185.36,18.46,8.74,3.14,97,0.51,0.483,69.85,33.98,0.4438,4
user_0148,42,20.0,185.31,18.52,8.76,3.15,97,0.52,0.4796,69.8,33.92,0.4448,4
user_0148,43,20.0,185.42,18.51,8.79,3.14,97,0.51,0.4781,70.0,34.11,0.4437,4
user_0148,44,20.0,185.39,18.43,8.78,3.15,97,0.52,0.4761,69.96,34.04,0.4454,4
user_0148,45,20.0,185.55,18.29,8.79,3.17,97,0.52,0.482,69.89,33.93,0.4445,4
user_0148,46,20.0,185.4,18.37,8.73,3.16,97,0.51,0.478,70.13,34.02,0.444,4
user_0148,47,20.0,185.78,18.4,8.78,3.15,98,0.52,0.4775,69.92,34.05,0.4444,4
user_0148,48,20.0,185.14,18.28,8.78,3.13,97,0.52,0.4817,69.96,34.21,0.4447,4
user_0148,49,20.0,185.23,18.14,8.78,3.16,97,0.52,0.4808,70.05,34.06,0.4451,4
user_0148,50,20.0,185.16,18.31,8.77,3.14,97,0.52,0.4796,70.09,34.24,0.4457,4
user_0148,51,20.0,185.21,18.39,8.82,3.15,97,0.52,0.4784,69.97,33.96,0.4445,4
user_0148,52,20.0,185.36,18.39,8.75,3.15,97,0.51,0.4789,70.03,33.89,0.4421,4
user_0148,53,20.0,185.38,18.38,8.81,3.16,97,0.52,0.4784,70.03,33.95,0.4439,4
user_0148,54,20.0,185.65,18.39,8.78,3.14,98,0.53,0.479,69.78,33.98,0.4478,4
user_0148,55,20.0,185.01,18.36,8.75,3.16,97,0.53,0.4777,69.86,33.92,0.4428,4
user_0148,56,20.0,185.56,18.32,8.77,3.13,97,0.52,0.479,70.13,33.93,0.4433,4
user_0148,57,20.0,185.28,18.3,8.71,3.16,97,0.53,0.4797,69.95,34.1,0.4454,4
user_0148,58,20.0,185.46,18.36,8.73,3.15,97,0.52,0.4794,69.91,34.13,0.4448,4
user_0148,59,20.0,185.3,18.26,8.81,3.14,97,0.52,0.4765,69.98,34.14,0.4442,4
user_0149,0,60.26,101.91,4.18,4.22,0.25,39,0.99,0.0888,93.68,18.08,0.1669,0
user_0149,1,60.32,102.26,4.02,4.22,0.25,39,1.0,0.0897,93.74,17.89,0.1661,0
user_0149,2,60.51,102.59,4.07,4.24,0.24,39,1.0,0.0936,93.86,17.9,0.1663,0
user_0149,3,60.41,102.44,3.98,4.2,0.25,39,1.0,0.0916,93.67,18.18,0.1666,0
user_0149,4,60.07,101.95,3.86,4.2,0.24,40,1.0,0.0912,93.85,18.13,0.1677,0
user_0149,5,60.26,102.01,3.94,4.19,0.26,39,1.0,0.0887,93.71,17.9,0.1647,0
user_0149,6,60.26,101.7,4.02,4.19,0.25,39,1.01,0.0889,93.89,17.96,0.1674,0
user_0149,7,60.42,101.97,4.05,4.2,0.25,40,0.99,0.0897,93.75,18.09,0.1662,0
user_0149,8,60.17,102.21,3.98,4.26,0.25,39,1.0,0.0893,93.57,17.88,0.1659,0
user_0149,9,60.15,102.15,4.02,4.2,0.25,40,1.01,0.0909,93.73,18.05,0.1665,0
user_0149,10,60.34,101.7,4.0,4.22,0.25,39,1.0,0.0907,93.57,17.95,0.1668,0
user_0149,11,60.33,102.16,4.12,4.21,0.25,40,1.0,0.0913,93.53,18.05,0.1657,0
user_0149,12,60.26,102.46,4.03,4.22,0.25,39,1.01,0.0913,93.88,17.91,0.1646,0
user_0149,13,60.24,102.33,4.02,4.17,0.25,40,1.0,0.0896,93.84,18.07,0.1654,0
user_0149,14,60.55,101.95,3.97,4.23,0.25,40,1.01,0.0912,93.79,17.95,0.1657,0
user_0149,15,60.07,102.18,4.16,4.19,0.23,40,1.0,0.0914,93.67,17.83,0.1651,0
user_0149,16,59.98,102.32,4.04,4.2,0.24,39,0.99,0.0898,93.93,18.02,0.1684,0
user_0149,17,60.0,102.04,3.92,4.19,0.25,39,0.99,0.0898,93.61,18.03,0.167,0
user_0149,18,60.45,102.13,4.0,4.17,0.25,40,1.0,0.0889,93.79,17.92,0.1669,0
user_0149,19,60.39,101.56,4.06,4.2,0.23,39,1.0,0.0906,93.64,18.01,0.1659,0
user_0149,20,60.09,101.78,4.02,4.22,0.25,40,1.0,0.0934,93.71,17.82,0.165,0
user_0149,21,60.23,102.34,4.05,4.19,0.24,39,1.0,0.0903,93.7,18.03,0.1659,0
user_0149,22,59.95,102.15,4.03,4.19,0.24,40,1.0,0.0894,93.72,18.1,0.1656,0
user_0149,23,60.23,102.01,3.91,4.2,0.27,39,1.0,0.0918,93.59,18.02,0.1669,0
user_0149,24,60.05,102.47,3.99,4.2,0.24,39,0.99,0.0875,93.73,18.01,0.1644,0
user_0149,25,60.3,101.76,4.01,4.22,0.23,39,1.0,0.0889,93.67,18.08,0.1657,0
user_0149,26,60.43,102.44,4.1,4.19,0.24,40,1.0,0.0904,93.9,17.98,0.1653,0
user_0149,27,59.79,101.81,3.98,4.23,0.27,40,1.0,0.0898,93.74,17.92,0.1669,0
user_0149,28,60.45,102.39,3.89,4.21,0.25,39,1.0,0.09,93.66,18.16,0.1645,0
user_0149,29,60.26,102.13,3.8,4.21,0.25,40,0.99,0.0905,93.66,18.03,0.1664,0
user_0149,30,60.31,102.12,3.99,4.21,0.23,40,1.0,0.0931,93.71,18.05,0.1645,0
user_0149,31,60.52,102.42,3.93,4.19,0.25,40,1.0,0.0917,93.73,18.03,0.1661,0
user_0149,32,60.48,102.3,3.97,4.23,0.24,39,1.0,0.0915,93.73,18.05,0.1677,0
user_0149,33,60.27,102.09,4.1,4.18,0.25,40,1.0,0.0907,93.59,18.03,0.1645,0
user_0149,34,60.08,102.16,4.07,4.21,0.27,40,1.0,0.0926,93.76,18.05,0.1675,0
user_0149,35,60.22,102.25,3.96,4.21,0.24,40,1.0,0.0905,93.74,17.78,0.1665,0
user_0149,36,60.08,102.34,4.07,4.18,0.25,40,1.01,0.0913,93.66,17.82,0.1668,0
user_0149,37,60.19,102.25,4.06,4.2,0.25,40,1.0,0.0898,93.75,17.98,0.1662,0
user_0149,38,60.43,101.8,4.04,4.19,0.25,40,1.0,0.0881,93.85,18.11,0.1659,0
user_0149,39,60.41,101.99,3.93,4.21,0.24,40,1.0,0.0882,93.35,17.99,0.1664,0
user_0149,40,60.47,101.65,4.08,4.19,0.25,40,1.0,0.0876,93.78,18.08,0.167,0
user_0149,41,60.35,102.03,3.89,4.22,0.25,39,1.0,0.0905,93.66,17.88,0.1661,0
user_0149,42,60.49,101.81,4.08,4.22,0.23,40,1.0,0.0905,93.91,18.09,0.1651,0
user_0149,43,60.37,101.86,3.93,4.21,0.26,39,1.0,0.0924,93.61,18.0,0.1658,0
user_0149,44,60.47,102.17,3.98,4.19,0.27,39,1.0,0.0914,93.78,17.86,0.1659,0
user_0149,45,60.11,101.95,4.1,4.23,0.26,39,1.0,0.0898,93.81,17.94,0.1652,0
user_0149,46,60.33,102.39,4.08,4.24,0.26,40,1.0,0.0899,93.63,18.12,0.1659,0
user_0149,47,60.14,102.22,3.89,4.18,0.25,40,1.0,0.0903,93.79,18.08,0.164,0
user_0149,48,60.5,102.0,3.94,4.19,0.24,40,0.99,0.0884,93.68,17.86,0.1662,0
user_0149,49,60.52,102.13,4.03,4.2,0.24,39,1.01,0.0927,93.71,18.09,0.1653,0
user_0149,50,60.18,101.69,4.08,4.19,0.24,40,1.01,0.0901,93.53,17.97,0.1663,0
user_0149,51,60.36,102.28,4.01,4.2,0.26,39,1.0,0.0895,93.66,17.86,0.167,0
user_0149,52,60.09,101.41,4.07,4.22,0.25,40,1.0,0.0924,93.63,18.17,0.167,0
user_0149,53,60.18,101.89,4.01,4.18,0.25,40,1.0,0.0938,93.63,18.05,0.1655,0
user_0149,54,60.24,102.21,3.94,4.18,0.25,39,0.99,0.0928,93.68,18.08,0.1668,0
user_0149,55,60.43,101.75,3.97,4.22,0.25,40,0.99,0.0918,93.66,18.11,0.1663,0
user_0149,56,60.15,102.29,3.87,4.2,0.25,40,0.99,0.091,93.75,17.92,0.1658,0
user_0149,57,60.28,102.32,3.84,4.2,0.26,40,1.0,0.0915,93.7,18.11,0.1652,0
user_0149,58,60.17,102.2,4.05,4.22,0.25,39,1.0,0.089,93.63,18.15,0.1659,0
user_0149,59,60.2,101.94,4.02,4.26,0.26,39,1.01,0.0894,93.64,17.95,0.1649,0
user_0150,0,70.15,109.25,4.05,2.31,0.22,39,1.0,0.105,90.49,17.89,0.128,0
user_0150,1,70.27,109.57,4.05,2.34,0.23,40,1.0,0.1057,90.23,18.08,0.1276,0
user_0150,2,70.4,109.21,4.05,2.3,0.22,40,1.0,0.1026,90.55,18.16,0.1264,0
user_0150,3,69.99,109.04,4.04,2.3,0.21,40,0.99,0.1041,90.58,17.92,0.1281,0
user_0150,4,70.32,109.19,3.88,2.33,0.22,40,1.0,0.1034,90.45,17.95,0.1276,0
user_0150,5,70.22,108.91,4.05,2.31,0.21,39,1.0,0.1052,90.69,18.02,0.1257,0
user_0150,6,70.27,109.08,3.97,2.37,0.23,39,1.01,0.1037,90.36,17.87,0.1269,0
user_0150,7,70.3,108.56,3.97,2.29,0.22,39,1.0,0.1011,90.49,18.05,0.1295,0
user_0150,8,70.28,109.42,4.1,2.32,0.23,40,1.0,0.1071,90.67,18.06,0.1283,0
user_0150,9,70.16,109.18,4.0,2.3,0.21,40,1.0,0.1033,90.47,18.04,0.129,0
user_0150,10,70.07,109.24,3.97,2.35,0.26,39,1.01,0.1025,90.68,18.02,0.1282,0
user_0150,11,70.26,108.94,4.0,2.31,0.23,39,1.0,0.1035,90.67,17.78,0.1274,0
user_0150,12,70.21,108.97,4.14,2.36,0.23,39,1.0,0.1032,90.51,17.82,0.1284,0
user_0150,13,70.5,109.27,3.75,2.32,0.21,40,1.0,0.1019,90.53,18.12,0.1274,0
user_0150,14,62.28,129.5,8.56,3.85,1.12,58,0.85,0.2247,83.0,22.96,0.2293,1
user_0150,15,62.47,129.07,8.56,3.83,1.1,58,0.84,0.2218,82.99,22.94,0.2273,1
user_0150,16,62.29,128.62,8.41,3.81,1.11,58,0.86,0.2243,83.23,22.84,0.2282,1
user_0150,17,62.41,128.62,8.52,3.81,1.12,58,0.85,0.2225,83.08,22.93,0.2299,1
user_0150,18,62.19,129.13,8.49,3.83,1.12,58,0.85,0.223,82.93,22.97,0.2279,1
user_0150,19,62.44,129.64,8.58,3.82,1.09,57,0.85,0.224,83.14,22.95,0.2283,1
user_0150,20,50.25,159.5,15.29,6.08,2.46,84,0.63,0.404,71.7,30.64,0.3795,3
user_0150,21,50.16,159.34,15.28,6.02,2.47,84,0.63,0.4055,71.9,30.32,0.3794,3
user_0150,22,50.09,159.07,15.22,6.11,2.47,85,0.62,0.4041,71.83,30.52,0.3794,3
user_0150,23,50.21,159.22,15.41,6.13,2.45,85,0.63,0.4037,71.79,30.62,0.3795,3
user_0150,24,50.23,159.59,15.13,6.07,2.47,84,0.63,0.4041,71.68,30.51,0.3791,3
user_0150,25,50.3,159.37,15.28,6.06,2.48,84,0.62,0.4011,71.85,30.39,0.377,3
user_0150,26,50.09,159.06,15.17,6.11,2.46,84,0.63,0.4034,71.76,30.47,0.3788,3
user_0150,27,50.37,159.21,15.08,6.06,2.46,85,0.62,0.4062,71.78,30.62,0.3778,3
user_0150,28,50.12,159.08,15.14,6.08,2.46,85,0.63,0.403,71.67,30.4,0.3798,3
user_0150,29,50.05,158.91,15.05,6.07,2.47,85,0.63,0.4038,71.87,30.69,0.3789,3
user_0150,30,50.49,159.22,15.24,6.09,2.46,84,0.62,0.4045,71.64,30.33,0.3789,3
user_0150,31,50.33,158.8,15.2,6.06,2.46,85,0.63,0.4038,72.01,30.38,0.3779,3
user_0150,32,50.28,159.07,15.06,6.05,2.48,85,0.63,0.4064,71.69,30.67,0.3777,3
user_0150,33,50.39,159.45,15.22,6.07,2.46,84,0.62,0.4042,71.63,30.47,0.3779,3
user_0150,34,50.2,159.52,15.3,6.07,2.48,85,0.62,0.4038,71.75,30.42,0.3784,3
user_0150,35,50.51,159.47,15.23,6.08,2.46,85,0.63,0.4038,71.92,30.5,0.3774,3
user_0150,36,50.54,159.2,15.2,6.08,2.44,85,0.63,0.4058,71.91,30.56,0.3793,3
user_0150,37,50.23,159.37,15.28,6.1,2.45,85,0.63,0.4056,71.63,30.49,0.3776,3
user_0150,38,50.25,159.56,15.43,6.11,2.47,84,0.63,0.4068,71.81,30.69,0.3759,3
user_0150,39,50.4,159.38,15.35,6.07,2.46,85,0.61,0.4022,71.8,30.5,0.3797,3
user_0150,40,44.89,173.18,18.27,7.12,3.09,97,0.52,0.4889,66.52,34.02,0.4469,4
user_0150,41,44.71,173.4,18.48,7.15,3.09,97,0.51,0.4838,66.55,34.12,0.4469,4
user_0150,42,44.58,173.01,18.53,7.15,3.1,97,0.52,0.4904,66.56,34.0,0.4483,4
user_0150,43,44.65,173.49,18.4,7.1,3.09,97,0.52,0.4881,66.47,33.86,0.4483,4
user_0150,44,44.8,173.18,18.39,7.12,3.09,97,0.52,0.4885,66.49,33.83,0.4482,4
user_0150,45,44.74,173.54,18.38,7.11,3.09,97,0.52,0.485,66.49,33.97,0.4491,4
user_0150,46,44.87,173.28,18.36,7.13,3.11,97,0.52,0.4867,66.73,33.95,0.4458,4
user_0150,47,44.75,173.46,18.26,7.14,3.08,97,0.52,0.4892,66.69,33.95,0.4482,4
user_0150,48,44.71,172.98,18.38,7.12,3.11,97,0.52,0.4891,66.38,34.01,0.4485,4
user_0150,49,44.73,173.27,18.32,7.11,3.1,97,0.53,0.4901,66.67,34.04,0.447,4
user_0150,50,44.52,172.99,18.35,7.15,3.09,97,0.52,0.4865,66.66,34.02,0.45,4
user_0150,51,44.73,172.9,18.4,7.1,3.08,97,0.52,0.488,66.36,33.93,0.4494,4
user_0150,52,44.73,172.77,18.34,7.14,3.09,97,0.52,0.4901,66.42,33.79,0.4487,4
user_0150,53,44.67,173.71,18.45,7.13,3.1,97,0.52,0.487,66.64,33.94,0.4494,4
user_0150,54,44.78,172.76,18.4,7.08,3.09,97,0.52,0.4891,66.34,33.9,0.4492,4
user_0150,55,44.73,173.02,18.37,7.14,3.09,97,0.52,0.4895,66.55,33.94,0.4483,4
user_0150,56,44.78,173.6,18.48,7.09,3.09,97,0.52,0.4888,66.59,33.86,0.4501,4
user_0150,57,44.47,173.18,18.49,7.11,3.08,97,0.52,0.4893,66.6,34.01,0.4485,4
user_0150,58,44.72,173.02,18.36,7.08,3.09,97,0.51,0.487,66.45,33.92,0.4481,4
user_0150,59,44.65,173.23,18.4,7.13,3.08,97,0.52,0.4871,66.54,34.13,0.4481,4
user_0151,0,55.09,126.71,3.9,4.27,0.22,40,1.0,0.1418,93.36,18.03,0.1673,0
user_0151,1,55.12,126.08,4.02,4.28,0.21,39,1.0,0.1427,93.39,18.03,0.167,0
user_0151,2,55.24,126.21,3.98,4.24,0.24,40,1.01,0.1456,93.44,18.05,0.1682,0
user_0151,3,55.06,125.97,3.97,4.25,0.22,39,0.99,0.1433,93.5,18.22,0.1686,0
user_0151,4,55.01,126.04,4.08,4.27,0.22,39,1.0,0.1425,93.68,17.97,0.1685,0
user_0151,5,55.2,126.16,4.09,4.26,0.22,39,1.0,0.1452,93.6,18.19,0.1677,0
user_0151,6,54.96,126.09,4.07,4.26,0.22,40,1.0,0.1442,93.51,17.97,0.1675,0
user_0151,7,55.15,126.31,4.01,4.24,0.24,40,1.0,0.1462,93.64,18.01,0.1661,0
user_0151,8,54.92,125.95,4.06,4.31,0.24,39,1.0,0.1421,93.73,17.85,0.167,0
user_0151,9,55.25,126.14,4.04,4.28,0.21,40,1.0,0.1433,93.64,17.95,0.1686,0
user_0151,10,55.03,126.19,4.02,4.29,0.22,40,1.0,0.1423,93.63,17.95,0.167,0
user_0151,11,55.0,125.95,4.1,4.24,0.2,39,1.0,0.1429,93.47,18.07,0.1673,0
user_0151,12,55.42,125.85,4.03,4.28,0.22,39,1.0,0.145,93.5,17.98,0.1671,0
user_0151,13,54.92,126.37,4.01,4.26,0.23,40,1.01,0.1428,93.62,18.0,0.1685,0
user_0151,14,55.18,126.12,4.02,4.27,0.23,39,1.0,0.1451,93.49,17.9,0.1681,0
user_0151,15,54.82,126.28,3.97,4.24,0.24,39,1.01,0.1485,93.73,17.97,0.1687,0
user_0151,16,55.21,125.84,3.93,4.28,0.23,40,1.0,0.1445,93.51,18.09,0.1683,0
user_0151,17,55.06,126.0,3.96,4.23,0.22,40,1.0,0.1432,93.56,17.96,0.1676,0
user_0151,18,54.99,126.03,3.85,4.24,0.23,39,1.0,0.1445,93.7,17.71,0.1671,0
user_0151,19,55.14,126.07,3.98,4.26,0.22,39,1.0,0.1437,93.48,18.11,0.1663,0
user_0151,20,55.28,126.29,4.09,4.27,0.21,39,1.0,0.144,93.52,18.07,0.1698,0
user_0151,21,55.05,126.32,3.99,4.29,0.22,40,1.0,0.1432,93.42,17.77,0.1676,0
user_0151,22,55.24,126.19,4.1,4.31,0.23,39,0.99,0.1431,93.42,17.83,0.1672,0
user_0151,23,54.87,125.85,4.02,4.25,0.22,39,1.01,0.1432,93.43,17.97,0.1693,0
user_0151,24,55.27,126.46,4.03,4.27,0.21,40,0.99,0.1438,93.6,17.94,0.1676,0
user_0151,25,54.96,125.4,4.06,4.29,0.22,39,1.01,0.1452,93.5,18.04,0.1678,0
user_0151,26,54.99,126.0,3.87,4.27,0.21,39,1.0,0.1448,93.36,17.97,0.1657,0
user_0151,27,55.36,125.68,3.99,4.24,0.23,39,1.01,0.1478,93.68,18.01,0.1668,0
user_0151,28,54.89,125.73,3.95,4.28,0.22,39,1.0,0.1456,93.75,17.84,0.1692,0
user_0151,29,55.25,126.24,3.98,4.26,0.23,39,0.99,0.1439,93.5,18.11,0.1658,0
user_0151,30,55.41,126.03,3.87,4.27,0.23,40,1.0,0.1444,93.57,17.88,0.1672,0
user_0151,31,55.04,125.87,3.86,4.26,0.23,40,1.0,0.1439,93.53,18.03,0.1667,0
user_0151,32,55.12,125.47,4.04,4.26,0.22,39,1.0,0.1449,93.67,18.0,0.1675,0
user_0151,33,55.13,125.86,4.1,4.24,0.23,39,0.99,0.1429,93.62,17.9,0.1681,0
user_0151,34,55.05,125.76,3.98,4.29,0.24,40,1.0,0.1441,93.52,17.98,0.1686,0
user_0151,35,54.91,126.06,4.03,4.26,0.24,40,1.0,0.1444,93.68,17.96,0.1665,0
user_0151,36,55.11,126.2,4.04,4.21,0.22,40,1.0,0.1425,93.62,17.94,0.1671,0
user_0151,37,55.25,126.1,4.01,4.28,0.23,39,1.0,0.146,93.57,17.82,0.1665,0
user_0151,38,54.86,126.06,4.01,4.3,0.24,40,1.0,0.1441,93.56,17.93,0.1675,0
user_0151,39,55.15,126.62,4.05,4.24,0.21,39,1.0,0.1442,93.43,17.91,0.1683,0
user_0151,40,55.23,125.5,4.02,4.29,0.22,40,1.01,0.1457,93.6,17.91,0.1689,0
user_0151,41,54.9,126.19,3.95,4.24,0.24,40,0.99,0.1449,93.55,17.88,0.1663,0
user_0151,42,54.98,126.11,4.15,4.3,0.23,39,0.99,0.1432,93.68,18.1,0.1659,0
user_0151,43,55.0,125.71,4.05,4.28,0.21,40,1.0,0.1453,93.54,18.06,0.1682,0
user_0151,44,54.72,126.21,3.86,4.26,0.22,40,1.0,0.1452,93.51,18.07,0.1677,0
user_0151,45,55.08,125.96,3.98,4.27,0.22,39,1.0,0.1442,93.46,17.97,0.1673,0
user_0151,46,54.98,126.1,3.96,4.27,0.23,39,1.0,0.1459,93.55,18.06,0.1666,0
user_0151,47,55.08,125.96,3.86,4.31,0.22,40,1.0,0.1426,93.69,18.07,0.1663,0
user_0151,48,55.16,126.45,4.02,4.29,0.24,39,1.0,0.1421,93.55,17.95,0.1667,0
user_0151,49,54.92,125.83,3.92,4.23,0.22,39,1.0,0.1427,93.42,18.03,0.1673,0
user_0151,50,55.08,126.06,4.05,4.26,0.24,39,0.99,0.1409,93.37,17.95,0.1669,0
user_0151,51,55.18,125.97,4.12,4.28,0.23,40,1.0,0.1466,93.6,18.17,0.1682,0
user_0151,52,55.12,125.96,3.99,4.28,0.21,39,1.0,0.1436,93.61,18.13,0.1672,0
user_0151,53,54.86,126.05,4.01,4.26,0.21,40,1.0,0.1451,93.38,17.88,0.1657,0
user_0151,54,55.0,126.34,3.99,4.26,0.21,40,1.0,0.1458,93.48,17.98,0.1666,0
user_0151,55,54.99,126.22,3.91,4.26,0.22,40,1.0,0.1457,93.36,18.05,0.1672,0
user_0151,56,55.19,125.79,4.13,4.3,0.22,40,0.99,0.1451,93.48,18.03,0.1662,0
user_0151,57,55.22,126.19,4.15,4.27,0.21,40,1.01,0.1438,93.61,18.06,0.1659,0
user_0151,58,55.08,126.22,4.05,4.26,0.21,39,1.0,0.1443,93.43,18.11,0.1681,0
user_0151,59,55.41,126.12,3.99,4.23,0.21,39,0.99,0.1434,93.49,18.11,0.1677,0
user_0152,0,65.08,98.95,3.88,4.01,0.13,40,1.0,0.1114,92.61,17.95,0.0803,0
user_0152,1,65.27,98.86,3.95,4.05,0.14,39,1.0,0.1116,92.3,17.92,0.0805,0
user_0152,2,64.9,98.89,4.1,4.03,0.13,40,0.99,0.1117,92.71,18.05,0.08,0
user_0152,3,65.16,99.23,3.92,4.02,0.14,39,1.0,0.1115,92.53,17.98,0.0818,0
user_0152,4,65.11,99.18,3.96,3.99,0.15,40,1.0,0.1098,92.74,17.98,0.0806,0
user_0152,5,65.04,98.95,4.11,4.02,0.13,40,0.99,0.1106,92.52,17.96,0.0806,0
user_0152,6,65.14,98.78,4.07,4.01,0.14,39,1.0,0.1141,92.49,18.1,0.0792,0
user_0152,7,65.06,98.86,3.99,4.05,0.14,40,1.0,0.1148,92.64,18.01,0.0815,0
user_0152,8,65.19,99.03,4.0,4.02,0.13,39,1.0,0.1119,92.43,18.0,0.0799,0
user_0152,9,64.96,99.12,4.02,4.02,0.13,39,1.0,0.1119,92.56,18.14,0.0787,0
user_0152,10,64.76,98.75,3.86,4.01,0.13,40,1.0,0.1084,92.43,18.1,0.081,0
user_0152,11,65.16,98.87,4.06,4.07,0.11,39,1.0,0.1113,92.61,17.86,0.0785,0
user_0152,12,65.01,98.86,4.04,4.03,0.15,40,1.0,0.1134,92.58,17.99,0.0798,0
user_0152,13,65.22,98.91,3.99,4.01,0.15,40,1.0,0.1133,92.62,17.96,0.0789,0
user_0152,14,55.48,122.58,9.49,5.77,1.22,61,0.82,0.2572,83.56,23.83,0.2015,1
user_0152,15,55.39,122.56,9.41,5.77,1.23,61,0.82,0.2551,83.63,24.08,0.199,1
user_0152,16,55.73,122.59,9.38,5.83,1.22,61,0.82,0.2535,83.47,23.87,0.2002,1
user_0152,17,55.49,123.29,9.47,5.87,1.22,61,0.82,0.255,83.47,23.96,0.2018,1
user_0152,18,55.42,123.09,9.3,5.82,1.21,61,0.82,0.2551,83.61,23.91,0.1995,1
user_0152,19,55.46,122.84,9.36,5.8,1.22,61,0.82,0.2571,83.38,24.05,0.2001,1
user_0152,20,55.39,122.84,9.44,5.86,1.21,61,0.82,0.2529,83.78,24.21,0.1996,2
user_0152,21,55.58,123.32,9.34,5.85,1.23,61,0.82,0.2527,83.71,23.95,0.1986,2
user_0152,22,55.39,122.16,9.41,5.82,1.21,61,0.81,0.2559,83.48,24.16,0.1994,2
user_0152,23,55.11,123.46,9.51,5.85,1.22,61,0.81,0.2568,83.36,23.92,0.1987,2
user_0152,24,55.24,122.79,9.31,5.85,1.22,61,0.82,0.2583,83.41,23.84,0.2006,2
user_0152,25,55.56,123.04,9.3,5.81,1.2,61,0.82,0.2554,83.59,24.06,0.1988,2
user_0152,26,55.77,122.9,9.42,5.8,1.22,61,0.82,0.2538,83.38,23.86,0.2006,2
user_0152,27,55.6,123.39,9.49,5.81,1.22,61,0.81,0.2562,83.53,23.99,0.2002,2
user_0152,28,55.56,122.69,9.47,5.78,1.21,61,0.82,0.2562,83.42,23.99,0.2008,2
user_0152,29,55.52,122.78,9.41,5.81,1.22,61,0.82,0.2549,83.52,23.96,0.1999,2
user_0152,30,55.58,123.21,9.43,5.84,1.21,61,0.81,0.2569,83.59,23.9,0.1994,2
user_0152,31,55.85,123.31,9.41,5.81,1.21,61,0.82,0.2579,83.58,24.25,0.1983,2
user_0152,32,55.52,123.27,9.33,5.86,1.23,61,0.83,0.257,83.37,24.04,0.2004,2
user_0152,33,55.21,122.89,9.38,5.86,1.21,61,0.81,0.2545,83.57,24.02,0.1998,2
user_0152,34,55.52,123.19,9.33,5.82,1.23,61,0.82,0.2551,83.65,24.07,0.2024,2
user_0152,35,55.5,123.06,9.42,5.86,1.2,61,0.81,0.2564,83.53,23.97,0.2004,2
user_0152,36,61.19,108.98,6.3,4.78,0.58,48,0.93,0.1725,88.71,20.46,0.1296,1
user_0152,37,61.18,108.79,6.29,4.76,0.57,49,0.92,0.1725,88.74,20.47,0.1301,1
user_0152,38,61.25,108.59,6.42,4.78,0.59,48,0.93,0.1715,88.79,20.61,0.1284,1
user_0152,39,61.11,108.68,6.33,4.77,0.6,49,0.92,0.1695,88.66,20.52,0.1309,1
user_0152,40,60.66,109.13,6.37,4.79,0.57,49,0.92,0.1707,88.83,20.61,0.1293,1
user_0152,41,61.19,109.38,6.27,4.73,0.6,49,0.93,0.1736,88.87,20.51,0.1312,1
user_0152,42,61.26,108.68,6.24,4.82,0.57,49,0.93,0.1712,88.72,20.41,0.1307,1
user_0152,43,61.24,108.65,6.18,4.8,0.6,49,0.92,0.1704,88.74,20.52,0.1299,1
user_0152,44,60.99,108.91,6.24,4.82,0.58,48,0.92,0.1715,88.75,20.54,0.1296,1
user_0152,45,61.2,109.15,6.21,4.77,0.57,49,0.93,0.17,88.84,20.45,0.129,1
user_0152,46,61.18,108.92,6.29,4.76,0.58,49,0.92,0.1737,88.97,20.27,0.1311,1
user_0152,47,60.99,109.06,6.22,4.79,0.58,48,0.92,0.1758,88.66,20.46,0.1311,1
user_0152,48,61.46,109.35,6.09,4.8,0.59,49,0.92,0.1727,88.86,20.53,0.1314,1
user_0152,49,61.08,109.08,6.21,4.79,0.58,49,0.93,0.1721,88.66,20.45,0.131,1
user_0152,50,61.21,109.08,6.12,4.75,0.6,49,0.93,0.1735,88.6,20.55,0.1279,1
user_0152,51,61.34,109.16,6.18,4.77,0.6,48,0.92,0.1751,88.88,20.55,0.1305,1
user_0152,52,61.23,108.89,6.24,4.78,0.6,48,0.93,0.1723,88.77,20.47,0.1301,1
user_0152,53,61.4,109.0,6.41,4.79,0.57,49,0.92,0.1742,88.68,20.5,0.1286,1
user_0152,54,61.19,109.01,6.34,4.79,0.58,49,0.92,0.168,88.75,20.54,0.1306,1
user_0152,55,61.33,108.67,6.31,4.77,0.56,49,0.92,0.1717,88.81,20.26,0.1313,1
user_0152,56,61.04,108.78,6.28,4.7,0.6,48,0.93,0.1714,88.59,20.37,0.1301,1
user_0152,57,60.98,108.47,6.26,4.76,0.58,48,0.93,0.1707,88.64,20.52,0.1295,1
user_0152,58,61.04,108.91,6.29,4.76,0.59,49,0.93,0.1718,88.7,20.43,0.1321,1
user_0152,59,61.25,108.95,6.25,4.75,0.59,48,0.92,0.1708,88.86,20.42,0.1278,1
user_0153,0,61.25,108.9,4.04,4.31,0.24,39,1.01,0.0845,94.11,18.04,0.1309,0
user_0153,1,61.58,108.66,3.98,4.3,0.22,39,1.0,0.0832,94.16,17.93,0.1305,0
user_0153,2,61.5,109.46,4.02,4.27,0.24,40,1.0,0.0854,93.99,17.88,0.1308,0
user_0153,3,61.22,109.12,4.0,4.32,0.24,40,1.0,0.0846,94.23,17.85,0.1306,0
user_0153,4,61.23,109.13,3.99,4.3,0.22,39,1.01,0.0818,93.99,18.05,0.1305,0
user_0153,5,61.43,109.09,4.09,4.31,0.21,40,1.0,0.0873,94.04,18.08,0.1285,0
user_0153,6,61.26,109.0,3.88,4.28,0.23,40,1.0,0.0848,94.14,17.89,0.1283,0
user_0153,7,61.28,108.64,3.83,4.28,0.22,39,1.0,0.0854,94.14,17.98,0.1296,0
user_0153,8,61.1,108.95,4.05,4.29,0.23,40,1.0,0.0836,94.1,18.03,0.1305,0
user_0153,9,61.6,109.0,4.03,4.27,0.23,39,0.99,0.083,94.1,17.83,0.1302,0
user_0153,10,61.29,108.65,3.97,4.28,0.24,39,1.01,0.0841,94.06,17.8,0.1267,0
user_0153,11,61.22,108.56,3.92,4.28,0.24,39,1.0,0.0837,94.12,18.24,0.1305,0
user_0153,12,61.11,109.04,3.94,4.31,0.23,40,1.0,0.0876,94.03,17.79,0.1283,0
user_0153,13,61.22,109.1,3.99,4.29,0.22,40,1.0,0.0816,94.3,18.08,0.1302,0
user_0153,14,61.61,108.85,4.02,4.25,0.25,40,1.0,0.0837,94.19,18.16,0.1294,0
user_0153,15,61.4,108.74,4.04,4.29,0.21,39,1.0,0.0853,93.98,17.89,0.1283,0
user_0153,16,61.16,109.02,4.06,4.25,0.23,39,1.0,0.0874,93.98,18.0,0.127,0
user_0153,17,61.37,108.86,4.09,4.28,0.23,40,1.0,0.0857,94.22,18.04,0.1292,0
user_0153,18,60.9,108.82,4.05,4.28,0.23,39,1.0,0.0856,94.15,17.99,0.1307,0
user_0153,19,61.29,109.01,3.97,4.28,0.22,39,1.0,0.0839,94.1,18.11,0.1311,0
user_0153,20,61.13,109.57,4.05,4.28,0.21,40,1.0,0.0832,94.11,17.86,0.1286,0
user_0153,21,61.24,108.92,4.11,4.29,0.22,39,1.0,0.0809,94.11,18.17,0.131,0
user_0153,22,61.6,108.8,4.03,4.29,0.24,39,1.01,0.0832,94.08,17.97,0.1312,0
user_0153,23,61.13,108.86,3.99,4.24,0.22,40,1.01,0.0841,94.08,17.94,0.1295,0
user_0153,24,61.24,108.95,4.02,4.3,0.22,40,1.0,0.0835,94.22,18.0,0.1294,0
user_0153,25,61.32,109.25,3.96,4.3,0.23,40,1.0,0.0873,94.06,17.99,0.1296,0
user_0153,26,61.34,108.58,4.08,4.26,0.23,39,1.01,0.0851,93.86,17.98,0.1304,0
user_0153,27,61.24,108.72,3.8,4.34,0.25,39,1.0,0.0839,94.2,17.97,0.1297,0
user_0153,28,61.08,108.78,4.07,4.3,0.23,40,0.99,0.0829,94.08,18.1,0.1316,0
user_0153,29,60.93,108.81,4.1,4.26,0.21,39,1.01,0.0849,94.22,18.17,0.1312,0
user_0153,30,61.5,108.58,3.96,4.27,0.22,40,1.0,0.0843,94.22,17.87,0.1323,0
user_0153,31,61.4,109.37,3.97,4.27,0.24,40,1.0,0.0848,94.07,18.03,0.1313,0
user_0153,32,61.29,108.45,3.94,4.28,0.23,39,1.0,0.0845,94.03,18.0,0.1313,0
user_0153,33,61.2,108.54,4.16,4.27,0.23,40,0.99,0.085,94.05,18.02,0.1305,0
user_0153,34,61.46,109.41,3.98,4.28,0.22,40,1.0,0.0844,93.97,17.93,0.1306,0
user_0153,35,61.42,109.04,4.01,4.32,0.24,40,1.0,0.0879,94.25,18.04,0.1293,0
user_0153,36,61.15,109.08,4.02,4.28,0.22,40,1.0,0.0824,94.1,18.09,0.1303,0
user_0153,37,61.23,109.4,3.95,4.3,0.22,40,1.0,0.0865,94.13,18.02,0.1296,0
user_0153,38,61.26,109.15,4.05,4.3,0.24,40,1.0,0.0819,94.12,18.2,0.131,0
user_0153,39,61.28,109.16,3.98,4.3,0.24,40,0.99,0.0829,94.06,18.07,0.131,0
user_0153,40,61.3,108.49,4.1,4.3,0.23,39,1.01,0.0844,94.22,18.08,0.1293,0
user_0153,41,61.35,109.25,3.87,4.31,0.21,39,0.99,0.088,94.12,17.8,0.1293,0
user_0153,42,61.18,109.0,3.94,4.25,0.24,39,1.0,0.0871,94.29,17.99,0.1289,0
user_0153,43,61.28,109.55,3.93,4.26,0.23,39,1.0,0.0849,94.08,17.95,0.1296,0
user_0153,44,61.12,108.92,3.99,4.28,0.23,39,1.0,0.0846,94.11,17.89,0.129,0
user_0153,45,61.45,109.06,3.92,4.24,0.24,40,1.0,0.0847,94.12,17.91,0.13,0
user_0153,46,61.27,108.74,4.02,4.3,0.22,40,1.0,0.0836,94.17,18.07,0.1292,0
user_0153,47,61.35,109.08,3.97,4.3,0.21,39,1.0,0.0839,93.99,17.73,0.131,0
user_0153,48,61.18,108.59,4.03,4.33,0.23,39,1.0,0.0861,94.12,17.87,0.1325,0
user_0153,49,61.2,108.92,3.98,4.31,0.23,39,0.99,0.0837,94.12,17.95,0.1306,0
user_0153,50,61.5,108.66,4.02,4.28,0.22,39,1.0,0.0847,94.05,18.19,0.1296,0
user_0153,51,61.34,108.95,3.88,4.28,0.22,39,1.01,0.0837,94.11,18.08,0.1292,0
user_0153,52,61.13,109.04,4.0,4.3,0.21,40,1.0,0.0862,94.34,17.99,0.1291,0
user_0153,53,61.23,108.93,4.01,4.32,0.23,40,1.01,0.0848,93.94,18.09,0.1307,0
user_0153,54,61.25,108.72,4.0,4.3,0.22,39,1.02,0.0829,94.03,18.16,0.129,0
user_0153,55,61.13,109.21,3.86,4.28,0.23,40,1.0,0.0853,94.11,18.13,0.1313,0
user_0153,56,61.35,109.02,3.93,4.27,0.21,39,0.99,0.0834,94.22,18.09,0.1294,0
user_0153,57,61.22,109.53,3.94,4.31,0.24,40,1.0,0.0821,94.06,18.02,0.1314,0
user_0153,58,61.2,109.01,4.09,4.32,0.23,39,1.0,0.0848,93.98,17.98,0.1305,0
user_0153,59,61.51,108.78,4.06,4.27,0.23,39,1.01,0.0856,94.18,17.93,0.1305,0
user_0154,0,50.44,90.03,4.02,3.68,0.42,40,0.99,0.0919,95.51,17.97,0.1981,0
user_0154,1,50.5,89.99,4.03,3.65,0.42,39,1.0,0.091,95.23,17.98,0.1987,0
user_0154,2,50.3,89.91,3.97,3.65,0.43,40,0.99,0.091,95.18,17.94,0.1975,0
user_0154,3,50.51,89.85,4.07,3.63,0.44,39,0.99,0.094,95.15,17.87,0.1975,0
user_0154,4,50.55,89.27,3.99,3.66,0.43,39,1.0,0.0896,95.23,18.09,0.1988,0
user_0154,5,50.57,89.77,4.1,3.62,0.43,39,1.0,0.0944,95.22,18.02,0.1989,0
user_0154,6,50.36,89.44,3.94,3.56,0.43,40,1.0,0.0901,95.12,18.14,0.1997,0
user_0154,7,50.51,89.08,4.08,3.64,0.42,39,1.01,0.0931,95.3,17.78,0.198,0
user_0154,8,50.29,89.66,4.02,3.65,0.44,40,1.01,0.0924,95.41,18.2,0.1994,0
user_0154,9,50.36,89.79,3.95,3.62,0.44,39,1.0,0.0923,95.37,18.0,0.1981,0
user_0154,10,50.72,89.6,3.96,3.67,0.42,39,0.99,0.0902,95.3,18.03,0.1997,0
user_0154,11,50.3,90.06,4.0,3.63,0.45,40,1.0,0.0923,95.33,17.97,0.1972,0
user_0154,12,50.38,89.84,4.04,3.65,0.43,40,1.0,0.0908,95.4,18.04,0.1989,0
user_0154,13,50.77,90.28,4.05,3.65,0.43,39,1.0,0.0905,95.29,17.99,0.1979,0
user_0154,14,50.19,89.0,3.98,3.63,0.44,39,0.99,0.0929,95.28,18.0,0.2002,0
user_0154,15,50.23,89.78,3.97,3.62,0.44,40,1.0,0.0915,95.25,17.85,0.1977,0
user_0154,16,50.33,89.24,3.92,3.64,0.42,40,1.0,0.0919,95.48,17.87,0.198,0
user_0154,17,50.19,89.49,3.98,3.64,0.45,39,1.0,0.0912,95.38,17.94,0.1982,0
user_0154,18,50.67,89.85,4.01,3.68,0.43,40,1.0,0.0909,95.3,18.05,0.1955,0
user_0154,19,50.33,90.27,4.14,3.61,0.43,40,1.0,0.0934,95.41,18.02,0.1984,0
user_0154,20,50.64,89.43,4.0,3.65,0.44,40,1.0,0.0918,95.35,17.92,0.1988,0
user_0154,21,50.33,89.13,4.07,3.64,0.43,40,0.99,0.0922,95.46,18.19,0.1983,0
user_0154,22,50.43,89.7,3.91,3.65,0.44,40,1.0,0.0907,95.27,18.21,0.198,0
user_0154,23,50.45,89.94,4.08,3.67,0.44,39,1.0,0.0916,95.42,18.01,0.1983,0
user_0154,24,50.5,89.41,4.01,3.61,0.44,40,1.0,0.0931,95.32,18.03,0.1984,0
user_0154,25,50.44,89.63,3.99,3.67,0.44,39,1.0,0.0934,95.23,17.9,0.2,0
user_0154,26,50.6,89.72,3.92,3.63,0.42,40,1.0,0.0923,95.25,17.95,0.1993,0
user_0154,27,50.36,90.05,3.93,3.64,0.44,39,1.01,0.0914,95.4,18.07,0.197,0
user_0154,28,50.51,89.27,4.03,3.64,0.42,39,1.01,0.0923,95.46,17.95,0.1986,0
user_0154,29,50.35,89.65,3.91,3.66,0.44,39,1.0,0.0917,95.32,18.09,0.2006,0
user_0154,30,50.36,90.03,3.99,3.59,0.44,39,1.0,0.0886,95.32,18.17,0.1979,0
user_0154,31,50.49,89.77,3.97,3.66,0.44,39,0.99,0.0905,95.22,18.03,0.1998,0
user_0154,32,50.49,89.68,4.15,3.59,0.43,40,1.0,0.0919,95.27,18.09,0.1984,0
user_0154,33,50.6,90.04,3.97,3.62,0.43,40,1.0,0.0922,95.3,18.07,0.2,0
user_0154,34,50.07,90.1,3.91,3.65,0.44,40,1.0,0.0906,95.37,18.07,0.199,0
user_0154,35,50.19,89.82,3.99,3.64,0.44,39,0.99,0.0911,95.35,17.92,0.1998,0
user_0154,36,50.66,90.06,4.1,3.6,0.44,40,1.0,0.0943,95.14,18.07,0.1976,0
user_0154,37,50.5,88.99,4.04,3.69,0.44,40,1.0,0.0933,95.39,17.99,0.1986,0
user_0154,38,50.58,89.6,4.11,3.63,0.44,40,1.0,0.0919,95.33,18.14,0.1973,0
user_0154,39,50.65,89.17,4.04,3.63,0.43,40,1.0,0.0902,95.26,18.17,0.1991,0
user_0154,40,50.46,89.45,3.87,3.63,0.43,39,1.0,0.0924,95.23,18.02,0.1981,0
user_0154,41,50.42,90.03,3.9,3.67,0.45,39,1.0,0.091,95.21,18.04,0.1982,0
user_0154,42,50.18,89.63,3.98,3.63,0.42,40,1.0,0.0919,95.43,17.94,0.2004,0
user_0154,43,50.32,90.23,3.94,3.63,0.44,39,1.0,0.0913,95.35,17.98,0.1997,0
user_0154,44,50.26,89.6,4.01,3.66,0.42,40,1.0,0.0901,95.39,17.95,0.2009,0
user_0154,45,50.42,90.0,4.12,3.62,0.44,40,1.01,0.0907,95.45,18.02,0.1979,0
user_0154,46,50.32,89.92,4.1,3.68,0.44,39,1.0,0.0898,95.34,18.16,0.1989,0
user_0154,47,50.6,89.8,3.9,3.66,0.44,40,1.0,0.0924,95.26,17.93,0.1977,0
user_0154,48,50.38,89.47,3.95,3.64,0.43,40,0.99,0.0918,95.42,18.03,0.1985,0
user_0154,49,50.49,89.94,4.01,3.64,0.46,40,1.0,0.0931,95.37,18.04,0.1993,0
user_0154,50,50.56,89.38,3.97,3.62,0.43,40,1.0,0.0907,95.27,17.95,0.1973,0
user_0154,51,50.32,89.65,3.98,3.63,0.45,40,1.0,0.0948,95.03,17.89,0.1968,0
user_0154,52,50.53,89.67,4.07,3.61,0.44,40,1.0,0.0916,95.29,17.79,0.1988,0
user_0154,53,50.54,90.31,4.11,3.63,0.44,40,1.01,0.0917,95.29,18.05,0.1982,0
user_0154,54,50.43,89.63,3.96,3.67,0.43,40,1.0,0.0925,95.15,17.98,0.199,0
user_0154,55,50.65,89.44,3.98,3.65,0.45,40,1.0,0.0911,95.2,17.9,0.2003,0
user_0154,56,50.31,89.81,3.9,3.6,0.44,39,1.0,0.0899,95.41,17.99,0.1993,0
user_0154,57,50.41,89.83,4.05,3.67,0.43,39,1.0,0.0921,95.32,18.05,0.1979,0
user_0154,58,50.35,89.71,3.97,3.64,0.44,39,1.01,0.0892,95.21,18.03,0.1992,0
user_0154,59,50.27,89.51,4.01,3.66,0.44,39,1.0,0.0893,95.09,17.92,0.196,0
user_0155,0,59.26,125.73,3.96,4.68,0.22,39,1.0,0.0781,96.7,17.92,0.1116,0
user_0155,1,59.28,125.8,3.98,4.71,0.19,39,1.0,0.0786,96.57,17.82,0.1111,0
user_0155,2,59.14,126.16,4.01,4.64,0.2,39,1.0,0.0777,96.69,18.03,0.1146,0
user_0155,3,59.25,125.88,3.99,4.68,0.21,40,1.01,0.0789,96.88,17.94,0.1131,0
user_0155,4,59.28,126.12,4.12,4.7,0.21,39,1.0,0.0799,96.83,17.8,0.112,0
user_0155,5,59.16,126.02,3.94,4.72,0.22,40,1.0,0.0763,96.74,18.2,0.1128,0
user_0155,6,59.18,126.09,3.9,4.66,0.21,39,1.0,0.0774,96.48,17.91,0.1121,0
user_0155,7,59.29,125.77,3.75,4.66,0.21,39,1.0,0.0793,96.73,18.05,0.1121,0
user_0155,8,58.99,125.81,3.98,4.73,0.2,40,1.0,0.0786,96.72,17.66,0.1127,0
user_0155,9,58.99,125.53,4.02,4.71,0.21,40,1.01,0.0785,96.75,18.03,0.1134,0
user_0155,10,58.99,126.23,4.08,4.69,0.23,40,0.99,0.0786,96.81,18.11,0.11,0
user_0155,11,59.08,126.28,4.08,4.64,0.2,40,1.0,0.0783,96.73,17.98,0.1123,0
user_0155,12,59.18,126.17,4.01,4.72,0.21,40,1.0,0.0764,96.78,18.11,0.1134,0
user_0155,13,59.13,125.59,4.05,4.73,0.21,40,1.01,0.0787,96.71,18.0,0.1134,0
user_0155,14,59.23,125.44,4.05,4.69,0.2,40,1.0,0.0766,96.8,18.12,0.1118,0
user_0155,15,59.13,125.95,4.0,4.67,0.21,40,1.0,0.0798,96.83,18.16,0.1118,0
user_0155,16,59.29,126.09,4.01,4.69,0.21,39,1.0,0.0795,96.76,17.85,0.1128,0
user_0155,17,59.16,126.44,4.03,4.64,0.22,40,1.0,0.0763,96.91,18.01,0.1121,0
user_0155,18,59.21,125.74,3.93,4.67,0.21,39,1.0,0.0796,96.72,17.98,0.1134,0
user_0155,19,59.18,125.7,4.09,4.7,0.21,39,1.0,0.0789,96.75,18.14,0.1126,0
user_0155,20,59.15,126.11,3.97,4.7,0.22,39,0.99,0.0774,96.73,17.84,0.1121,0
user_0155,21,59.1,126.13,4.07,4.69,0.21,39,1.0,0.0798,96.78,18.0,0.1139,0
user_0155,22,59.04,126.24,3.97,4.65,0.21,39,1.0,0.0798,96.8,18.13,0.1119,0
user_0155,23,58.93,126.13,3.94,4.69,0.2,39,1.0,0.0786,96.71,18.02,0.1128,0
user_0155,24,59.16,125.89,4.04,4.71,0.2,39,1.0,0.0798,96.69,18.06,0.1122,0
user_0155,25,59.09,125.97,4.01,4.72,0.24,39,1.0,0.0776,96.86,18.12,0.1135,0
user_0155,26,59.03,126.02,3.88,4.7,0.22,39,1.0,0.0783,96.54,18.13,0.1143,0
user_0155,27,58.89,126.04,4.11,4.65,0.19,39,1.0,0.0805,96.95,18.07,0.1109,0
user_0155,28,59.16,125.94,4.07,4.64,0.22,40,1.0,0.0804,96.8,17.78,0.1128,0
user_0155,29,59.14,125.7,4.02,4.64,0.21,40,1.01,0.0772,96.8,17.88,0.1138,0
user_0155,30,59.09,126.11,3.93,4.7,0.21,39,0.99,0.0781,96.75,18.0,0.1138,0
user_0155,31,59.01,126.37,3.97,4.72,0.21,40,1.0,0.0763,96.7,18.0,0.1142,0
user_0155,32,58.83,125.74,4.02,4.69,0.22,39,1.0,0.0799,96.72,18.07,0.1125,0
user_0155,33,59.25,125.81,3.98,4.68,0.2,40,1.0,0.0791,96.75,17.93,0.1132,0
user_0155,34,59.13,125.82,4.07,4.69,0.22,40,0.99,0.0811,96.78,18.03,0.1119,0
user_0155,35,59.14,125.42,3.92,4.64,0.21,40,1.0,0.0795,96.7,18.0,0.1108,0
user_0155,36,59.25,126.1,4.06,4.69,0.21,40,1.0,0.0785,96.84,18.1,0.1121,0
user_0155,37,59.15,126.24,3.89,4.69,0.21,39,1.0,0.0768,96.71,18.02,0.1112,0
user_0155,38,58.99,125.92,4.14,4.67,0.21,40,1.01,0.0788,96.9,17.85,0.1133,0
user_0155,39,58.97,125.91,3.97,4.66,0.22,39,1.0,0.0782,96.66,18.03,0.1107,0
user_0155,40,58.96,125.78,3.93,4.72,0.21,39,1.0,0.0801,96.66,18.03,0.1113,0
user_0155,41,59.14,125.96,3.92,4.64,0.22,40,1.0,0.0805,96.78,17.91,0.1128,0
user_0155,42,59.32,125.84,3.98,4.69,0.23,40,1.0,0.0788,96.74,18.07,0.1112,0
user_0155,43,58.89,125.94,4.0,4.66,0.21,40,1.01,0.078,96.61,18.15,0.1121,0
user_0155,44,59.16,126.25,4.13,4.69,0.2,40,1.0,0.077,96.82,18.09,0.114,0
user_0155,45,59.13,125.56,4.14,4.65,0.2,39,1.0,0.0781,96.79,17.89,0.1124,0
user_0155,46,59.23,126.25,4.06,4.69,0.2,39,1.0,0.0787,96.64,18.09,0.112,0
user_0155,47,59.3,125.85,3.95,4.67,0.21,40,1.0,0.081,96.72,17.9,0.1128,0
user_0155,48,59.4,125.97,3.87,4.66,0.21,39,1.01,0.078,96.43,18.25,0.1141,0
user_0155,49,59.0,125.75,3.99,4.72,0.21,39,1.01,0.0794,96.59,17.93,0.1124,0
user_0155,50,59.07,126.2,4.08,4.69,0.22,40,0.99,0.0787,96.67,18.12,0.1119,0
user_0155,51,59.14,125.81,3.88,4.68,0.21,40,1.0,0.0768,96.72,17.89,0.1118,0
user_0155,52,59.14,126.1,3.88,4.69,0.21,39,1.0,0.077,96.54,18.1,0.1135,0
user_0155,53,59.07,126.08,3.92,4.7,0.21,39,1.0,0.0792,96.67,17.85,0.1121,0
user_0155,54,59.26,126.14,4.02,4.67,0.21,39,1.0,0.0789,96.84,17.85,0.1124,0
user_0155,55,58.99,125.98,4.05,4.67,0.22,40,1.0,0.08,96.77,17.93,0.1118,0
user_0155,56,59.22,125.83,4.05,4.65,0.22,39,0.99,0.0779,96.85,18.11,0.1133,0
user_0155,57,59.18,125.79,3.89,4.72,0.22,39,1.0,0.0783,96.62,17.86,0.1129,0
user_0155,58,59.07,125.86,3.99,4.68,0.21,40,1.0,0.0798,96.68,17.93,0.1119,0
user_0155,59,59.23,126.16,3.87,4.71,0.21,40,1.01,0.079,96.64,17.92,0.1128,0
user_0156,0,61.49,120.93,3.85,5.9,0.42,40,1.0,0.0816,94.05,17.92,0.1102,0
user_0156,1,61.51,121.09,4.18,5.84,0.42,40,1.0,0.0837,94.1,18.01,0.1096,0
user_0156,2,61.36,121.14,3.98,5.85,0.43,40,1.0,0.0817,94.1,17.9,0.113,0
user_0156,3,61.11,121.5,3.99,5.9,0.44,40,0.99,0.0805,94.2,17.97,0.112,0
user_0156,4,61.47,120.96,4.06,5.83,0.43,39,1.0,0.0845,93.94,18.06,0.1105,0
user_0156,5,61.62,121.15,4.08,5.83,0.43,39,1.0,0.0826,94.32,18.11,0.1115,0
user_0156,6,61.69,121.27,4.1,5.86,0.42,40,1.0,0.0801,94.06,17.91,0.1107,0
user_0156,7,61.7,121.08,4.06,5.86,0.43,40,1.0,0.0833,94.13,18.13,0.1108,0
user_0156,8,61.58,121.49,3.9,5.85,0.42,40,1.0,0.0844,94.07,17.91,0.1101,0
user_0156,9,61.37,120.99,4.02,5.82,0.42,40,1.0,0.0817,94.05,18.08,0.1089,0
user_0156,10,61.72,120.95,4.01,5.88,0.41,39,1.0,0.0831,94.12,18.09,0.1102,0
user_0156,11,61.47,121.21,3.93,5.85,0.43,40,1.0,0.0804,93.97,18.04,0.1116,0
user_0156,12,61.45,121.32,3.94,5.78,0.43,40,0.99,0.081,94.24,18.32,0.1105,0
user_0156,13,61.31,121.42,3.84,5.85,0.44,39,1.01,0.0822,94.18,17.89,0.111,0
user_0156,14,61.5,121.39,4.0,5.82,0.43,39,1.0,0.0824,94.17,17.98,0.1123,0
user_0156,15,61.59,121.42,4.12,5.85,0.43,40,1.0,0.0815,94.21,18.07,0.1109,0
user_0156,16,61.58,121.17,4.08,5.85,0.42,39,1.01,0.081,94.11,18.06,0.1099,0
user_0156,17,61.53,120.31,3.91,5.85,0.43,40,1.0,0.0827,94.18,18.02,0.1107,0
user_0156,18,61.41,120.96,3.95,5.85,0.43,40,0.99,0.0847,94.11,17.81,0.1098,0
user_0156,19,61.52,121.36,3.93,5.87,0.45,39,0.99,0.0809,94.08,18.06,0.1113,0
user_0156,20,61.73,121.26,3.95,5.84,0.44,40,1.01,0.081,94.21,18.03,0.1106,0
user_0156,21,61.48,121.06,4.02,5.82,0.43,39,1.0,0.0815,94.19,18.07,0.1117,0
user_0156,22,61.48,120.85,4.1,5.82,0.44,40,1.01,0.0826,94.12,18.0,0.1103,0
user_0156,23,61.43,121.4,3.9,5.89,0.45,40,1.0,0.0826,94.07,18.02,0.1116,0
user_0156,24,61.48,121.74,4.15,5.86,0.41,39,1.0,0.0832,94.03,18.18,0.1097,0
user_0156,25,61.4,121.28,3.85,5.8,0.42,40,1.0,0.0802,94.07,18.01,0.1134,0
user_0156,26,61.31,121.12,3.92,5.84,0.43,39,1.01,0.079,94.05,18.02,0.1105,0
user_0156,27,61.63,121.1,4.04,5.89,0.42,39,1.0,0.0826,94.1,17.96,0.1113,0
user_0156,28,61.61,121.44,4.0,5.86,0.43,40,1.01,0.0806,94.2,17.96,0.112,0
user_0156,29,61.61,121.52,4.03,5.85,0.42,39,1.0,0.0827,94.04,18.1,0.1113,0
user_0156,30,61.6,121.05,3.94,5.83,0.44,39,1.0,0.0822,94.16,18.03,0.1123,0
user_0156,31,61.48,120.83,4.08,5.85,0.42,40,0.99,0.0826,94.14,17.84,0.1102,0
user_0156,32,61.48,121.22,4.03,5.84,0.42,40,0.99,0.0838,94.03,17.94,0.1113,0
user_0156,33,61.42,121.02,4.1,5.88,0.45,40,1.0,0.0825,94.32,18.02,0.1108,0
user_0156,34,61.38,121.14,3.97,5.83,0.42,40,1.0,0.0811,94.15,18.11,0.1111,0
user_0156,35,61.24,120.95,4.07,5.81,0.42,39,0.99,0.0801,94.15,17.9,0.1102,0
user_0156,36,61.37,121.54,3.93,5.86,0.45,40,1.0,0.0816,94.17,18.09,0.1104,0
user_0156,37,61.32,121.36,3.97,5.85,0.43,40,1.0,0.0816,94.27,17.98,0.1117,0
user_0156,38,61.43,121.39,3.96,5.85,0.42,39,1.0,0.0817,94.12,17.94,0.1107,0
user_0156,39,61.81,121.44,4.01,5.83,0.42,39,1.01,0.0808,94.02,18.0,0.1095,0
user_0156,40,61.44,121.44,4.04,5.85,0.42,39,1.0,0.081,94.01,17.95,0.1122,0
user_0156,41,61.4,121.24,4.05,5.88,0.41,40,1.0,0.085,94.16,18.06,0.1114,0
user_0156,42,61.32,121.04,4.02,5.88,0.42,39,1.0,0.0826,94.09,18.05,0.1122,0
user_0156,43,61.36,121.04,4.05,5.83,0.44,40,1.0,0.0827,94.18,18.13,0.1119,0
user_0156,44,61.49,121.2,3.91,5.86,0.43,40,1.0,0.0842,94.18,18.03,0.1128,0
user_0156,45,61.41,121.3,4.13,5.82,0.42,40,1.0,0.079,94.03,17.87,0.11,0
user_0156,46,61.54,121.3,4.0,5.84,0.43,40,1.0,0.0793,93.96,17.9,0.1129,0
user_0156,47,61.34,120.9,3.99,5.84,0.42,39,1.0,0.0803,93.99,18.14,0.1109,0
user_0156,48,61.5,120.64,4.03,5.85,0.42,39,1.0,0.0805,94.08,17.8,0.1097,0
user_0156,49,61.23,121.35,4.05,5.82,0.4,40,1.0,0.0821,94.34,18.07,0.1118,0
user_0156,50,61.55,121.19,3.94,5.86,0.41,40,1.0,0.0812,93.97,17.93,0.111,0
user_0156,51,61.37,121.44,4.13,5.83,0.44,40,1.0,0.0819,94.09,17.97,0.1099,0
user_0156,52,61.19,121.18,4.03,5.84,0.42,40,1.01,0.0843,94.27,18.0,0.1117,0
user_0156,53,61.37,121.23,4.07,5.84,0.42,40,1.0,0.0827,94.18,18.05,0.1115,0
user_0156,54,61.68,121.23,3.94,5.85,0.42,40,1.0,0.0827,94.22,18.11,0.1102,0
user_0156,55,61.35,121.6,3.98,5.85,0.43,40,1.0,0.0836,94.05,17.89,0.1116,0
user_0156,56,61.55,121.03,3.92,5.85,0.42,39,1.0,0.0817,94.25,18.06,0.1128,0
user_0156,57,61.31,121.14,4.07,5.9,0.43,40,1.0,0.0822,93.98,17.99,0.1097,0
user_0156,58,61.34,121.42,4.0,5.85,0.42,39,1.0,0.0836,94.13,17.97,0.1117,0
user_0156,59,61.72,121.2,3.91,5.87,0.4,40,0.99,0.0813,94.24,17.92,0.1106,0
user_0157,0,58.5,128.06,3.98,4.27,0.31,39,1.0,0.085,90.42,17.89,0.1598,0
user_0157,1,58.6,128.04,4.02,4.28,0.33,39,1.0,0.0871,90.32,18.05,0.1591,0
user_0157,2,59.0,128.33,4.11,4.28,0.32,40,1.0,0.0883,90.31,17.85,0.1566,0
user_0157,3,58.85,128.14,4.04,4.24,0.32,39,1.0,0.0854,90.32,18.11,0.1587,0
user_0157,4,58.85,128.6,4.06,4.24,0.33,40,1.0,0.0851,90.15,17.78,0.1593,0
user_0157,5,59.0,128.47,4.06,4.28,0.33,39,1.0,0.0875,90.34,17.91,0.157,0
user_0157,6,59.02,128.63,4.05,4.29,0.31,40,1.0,0.0887,90.15,18.0,0.1589,0
user_0157,7,58.87,128.6,3.93,4.3,0.32,40,0.99,0.0888,90.17,18.03,0.1596,0
user_0157,8,59.14,128.55,4.04,4.31,0.32,40,1.0,0.0869,90.08,18.12,0.159,0
user_0157,9,58.63,128.07,4.02,4.38,0.32,39,0.99,0.0877,90.34,17.97,0.1581,0
user_0157,10,58.76,128.11,3.93,4.22,0.31,40,1.0,0.0878,90.1,18.04,0.1577,0
user_0157,11,58.71,128.69,3.82,4.3,0.33,39,0.99,0.0873,90.22,18.1,0.1591,0
user_0157,12,58.8,128.09,3.99,4.29,0.32,39,1.0,0.0853,90.25,18.01,0.1584,0
user_0157,13,58.8,127.88,3.94,4.32,0.33,39,1.0,0.0855,90.16,17.93,0.158,0
user_0157,14,58.72,128.39,4.0,4.29,0.3,40,1.0,0.0867,90.23,18.0,0.1578,0
user_0157,15,58.69,128.34,4.06,4.28,0.32,40,1.0,0.0897,90.12,17.91,0.1574,0
user_0157,16,58.54,128.16,4.05,4.32,0.32,40,1.0,0.0884,90.34,18.02,0.1582,0
user_0157,17,58.76,128.57,4.04,4.29,0.33,39,1.0,0.0862,90.28,18.0,0.1581,0
user_0157,18,58.82,128.21,4.19,4.31,0.33,40,1.0,0.0886,90.24,17.97,0.1575,0
user_0157,19,58.91,127.93,4.03,4.28,0.3,40,1.0,0.0878,90.22,17.86,0.1581,0
user_0157,20,58.67,127.89,4.06,4.27,0.32,39,1.0,0.0882,90.07,17.99,0.1576,0
user_0157,21,58.91,128.24,4.04,4.3,0.32,40,1.0,0.0877,90.18,17.91,0.1571,0
user_0157,22,58.84,128.66,4.07,4.28,0.32,40,1.01,0.084,90.22,18.02,0.1582,0
user_0157,23,58.79,128.83,3.94,4.27,0.31,39,1.0,0.0858,90.24,18.09,0.1576,0
user_0157,24,58.93,128.59,3.99,4.3,0.33,39,1.0,0.0877,90.32,17.99,0.159,0
user_0157,25,58.78,128.5,4.03,4.27,0.33,40,0.99,0.0882,90.24,18.08,0.1594,0
user_0157,26,58.89,128.65,4.04,4.27,0.3,39,1.0,0.0879,90.14,17.86,0.1578,0
user_0157,27,58.76,128.38,4.09,4.27,0.32,40,1.0,0.0889,90.17,17.95,0.1575,0
user_0157,28,59.04,128.38,3.98,4.26,0.33,40,1.0,0.0872,90.31,18.03,0.1578,0
user_0157,29,59.03,128.3,3.98,4.31,0.33,40,1.01,0.0862,90.29,17.92,0.1577,0
user_0157,30,58.68,128.34,4.06,4.28,0.32,39,1.0,0.0851,90.24,17.98,0.1582,0
user_0157,31,58.69,128.44,3.98,4.26,0.32,40,1.0,0.0888,90.31,18.26,0.1578,0
user_0157,32,58.81,128.07,3.96,4.24,0.32,40,1.0,0.0847,90.49,17.96,0.1578,0
user_0157,33,58.92,128.11,3.95,4.3,0.33,39,0.99,0.0886,90.04,18.05,0.1569,0
user_0157,34,58.75,128.43,3.93,4.27,0.32,39,1.0,0.0872,90.27,18.11,0.1597,0
user_0157,35,58.87,128.43,3.89,4.23,0.32,40,1.0,0.0883,90.25,18.02,0.1576,0
user_0157,36,58.92,128.36,3.94,4.25,0.33,40,1.0,0.0859,90.35,17.93,0.1592,0
user_0157,37,58.66,128.05,4.0,4.3,0.33,40,1.01,0.0876,90.28,17.77,0.1572,0
user_0157,38,58.96,128.12,3.98,4.28,0.31,39,1.0,0.0854,90.24,17.93,0.1584,0
user_0157,39,58.94,128.7,4.01,4.26,0.33,40,1.0,0.0867,90.2,18.07,0.1593,0
user_0157,40,58.85,128.63,4.0,4.34,0.32,39,1.0,0.0866,90.38,18.03,0.1576,0
user_0157,41,58.79,127.99,3.94,4.29,0.33,40,1.0,0.0888,90.27,18.06,0.1594,0
user_0157,42,58.84,128.13,4.09,4.3,0.32,39,1.01,0.0878,90.14,17.98,0.1582,0
user_0157,43,58.81,128.31,4.0,4.31,0.32,39,1.0,0.0888,90.35,17.77,0.157,0
user_0157,44,58.53,128.47,4.08,4.28,0.32,39,1.01,0.086,90.38,17.94,0.1599,0
user_0157,45,58.59,128.1,4.09,4.31,0.32,39,0.99,0.0893,90.31,18.02,0.1576,0
user_0157,46,58.75,128.57,3.92,4.31,0.33,40,1.0,0.0885,90.13,17.98,0.1582,0
user_0157,47,58.86,128.39,4.08,4.29,0.31,39,1.01,0.0876,90.28,18.03,0.1585,0
user_0157,48,58.76,128.51,4.08,4.31,0.32,39,0.99,0.0886,90.22,18.02,0.1574,0
user_0157,49,58.83,128.64,4.1,4.25,0.33,39,1.01,0.0901,90.31,18.01,0.1581,0
user_0157,50,59.03,128.4,4.02,4.28,0.32,40,1.0,0.0885,90.29,17.99,0.1586,0
user_0157,51,58.84,128.18,3.84,4.26,0.31,40,1.0,0.0893,90.2,18.06,0.1602,0
user_0157,52,58.89,128.84,3.93,4.32,0.31,40,1.0,0.0876,90.27,17.97,0.1584,0
user_0157,53,58.87,127.98,3.98,4.3,0.32,40,0.99,0.0877,90.35,17.97,0.1579,0
user_0157,54,59.01,127.63,3.96,4.27,0.33,40,1.01,0.0863,90.3,17.95,0.1593,0
user_0157,55,58.85,128.34,4.01,4.31,0.32,39,1.0,0.0883,90.17,18.1,0.1563,0
user_0157,56,58.82,128.19,4.21,4.23,0.32,39,1.0,0.0891,90.26,17.73,0.1602,0
user_0157,57,58.95,128.81,3.99,4.29,0.31,39,1.0,0.0858,90.26,17.84,0.1589,0
user_0157,58,58.86,127.83,3.82,4.26,0.33,40,0.99,0.0864,90.14,17.98,0.1581,0
user_0157,59,58.95,127.99,4.07,4.3,0.31,39,1.0,0.0861,90.24,17.82,0.158,0
user_0158,0,56.78,116.69,3.91,5.03,0.28,39,1.0,0.0816,90.54,17.99,0.1374,0
user_0158,1,56.82,116.85,3.96,5.0,0.29,40,1.0,0.0799,90.54,18.08,0.1369,0
user_0158,2,56.67,116.5,3.96,5.0,0.29,39,1.0,0.0788,90.5,17.93,0.1365,0
user_0158,3,56.62,115.9,4.11,5.02,0.27,40,0.99,0.0782,90.46,18.05,0.1372,0
user_0158,4,56.89,116.59,3.97,5.02,0.29,40,1.0,0.0827,90.51,18.09,0.1358,0
user_0158,5,56.84,116.29,4.0,5.03,0.29,40,1.0,0.0812,90.46,17.96,0.1372,0
user_0158,6,56.61,116.85,3.99,5.01,0.27,40,1.0,0.0787,90.46,18.0,0.1366,0
user_0158,7,56.98,116.72,4.0,5.02,0.29,40,1.0,0.0807,90.54,18.05,0.1381,0
user_0158,8,56.79,116.84,3.95,4.97,0.29,39,1.0,0.0795,90.54,17.98,0.1378,0
user_0158,9,56.67,116.31,3.97,5.02,0.28,39,1.0,0.0796,90.69,18.18,0.1382,0
user_0158,10,56.85,116.59,3.94,5.0,0.28,40,1.0,0.0808,90.34,18.06,0.1367,0
user_0158,11,56.49,116.75,4.03,4.98,0.28,40,1.0,0.0817,90.58,18.13,0.1352,0
user_0158,12,57.01,116.5,4.15,4.97,0.28,40,1.0,0.0766,90.54,18.05,0.1375,0
user_0158,13,56.8,116.5,4.05,4.95,0.29,40,1.0,0.0788,90.64,17.96,0.1395,0
user_0158,14,48.63,136.67,8.59,6.45,1.18,57,0.86,0.2001,83.08,23.05,0.2354,1
user_0158,15,48.76,136.42,8.44,6.53,1.2,57,0.86,0.2018,83.03,23.29,0.2368,1
user_0158,16,48.69,136.84,8.53,6.5,1.19,57,0.85,0.1988,83.0,23.22,0.2364,1
user_0158,17,48.82,136.36,8.59,6.52,1.17,57,0.85,0.1999,83.08,22.88,0.2361,1
user_0158,18,49.04,136.79,8.49,6.51,1.17,58,0.86,0.2004,82.95,22.97,0.2355,1
user_0158,19,48.96,136.25,8.52,6.52,1.17,58,0.86,0.2006,83.0,22.87,0.238,1
user_0158,20,36.54,166.61,15.21,8.77,2.54,84,0.63,0.3787,71.64,30.35,0.3868,3
user_0158,21,37.2,166.21,15.04,8.74,2.52,84,0.62,0.3794,71.89,30.28,0.387,3
user_0158,22,36.77,166.5,15.26,8.74,2.52,85,0.63,0.3811,71.83,30.48,0.3872,3
user_0158,23,37.12,166.64,15.34,8.76,2.54,85,0.62,0.3821,71.88,30.51,0.3868,3
user_0158,24,36.92,166.44,15.23,8.76,2.52,84,0.63,0.3786,71.89,30.47,0.3892,3
user_0158,25,36.51,166.18,15.14,8.78,2.51,85,0.63,0.3802,71.81,30.41,0.3891,3
user_0158,26,36.79,166.42,15.39,8.73,2.54,84,0.64,0.3808,71.76,30.45,0.3866,3
user_0158,27,36.77,166.56,15.36,8.77,2.53,85,0.63,0.3819,71.96,30.51,0.3861,3
user_0158,28,36.76,166.38,15.18,8.7,2.52,85,0.63,0.3782,71.74,30.54,0.3861,3
user_0158,29,36.67,166.46,15.24,8.75,2.53,84,0.62,0.3809,71.82,30.51,0.3856,3
user_0158,30,36.66,166.54,15.3,8.75,2.56,85,0.61,0.382,71.74,30.49,0.3872,3
user_0158,31,36.59,166.9,15.22,8.75,2.53,84,0.63,0.3778,71.94,30.36,0.3868,3
user_0158,32,36.45,166.27,15.36,8.76,2.55,84,0.62,0.3784,71.74,30.46,0.3872,3
user_0158,33,36.73,166.39,15.3,8.78,2.55,84,0.62,0.3834,72.01,30.57,0.3875,3
user_0158,34,36.73,166.62,15.31,8.81,2.54,84,0.62,0.3781,71.79,30.6,0.3883,3
user_0158,35,36.99,166.65,15.2,8.79,2.52,84,0.62,0.3805,71.9,30.5,0.3863,3
user_0158,36,36.81,166.28,15.27,8.78,2.52,84,0.62,0.3791,71.7,30.44,0.3877,3
user_0158,37,36.69,166.17,15.27,8.77,2.54,85,0.62,0.382,71.63,30.37,0.387,3
user_0158,38,36.79,166.09,15.16,8.76,2.53,85,0.62,0.3789,71.65,30.28,0.3863,3
user_0158,39,36.79,166.38,15.26,8.76,2.52,84,0.63,0.3815,71.85,30.47,0.3861,3
user_0158,40,31.2,180.42,18.36,9.81,3.15,97,0.52,0.4658,66.5,33.96,0.4564,4
user_0158,41,31.0,180.31,18.35,9.84,3.16,97,0.52,0.4641,66.53,33.79,0.4566,4
user_0158,42,31.28,180.62,18.36,9.85,3.16,97,0.52,0.4624,66.59,34.11,0.4567,4
user_0158,43,30.98,180.55,18.36,9.82,3.15,97,0.53,0.4639,66.55,34.01,0.459,4
user_0158,44,31.22,180.4,18.41,9.8,3.19,97,0.52,0.4644,66.43,34.05,0.4562,4
user_0158,45,31.03,180.76,18.35,9.82,3.16,97,0.52,0.4613,66.47,33.98,0.458,4
user_0158,46,31.0,180.41,18.4,9.8,3.17,97,0.52,0.4641,66.71,34.0,0.4584,4
user_0158,47,31.2,180.48,18.48,9.83,3.16,97,0.52,0.4644,66.63,33.93,0.4566,4
user_0158,48,31.01,180.99,18.25,9.81,3.15,97,0.51,0.4633,66.58,33.89,0.4583,4
user_0158,49,31.02,180.11,18.52,9.82,3.17,98,0.51,0.4663,66.35,33.87,0.4579,4
user_0158,50,31.17,179.9,18.35,9.79,3.17,97,0.52,0.4626,66.48,34.04,0.457,4
user_0158,51,31.28,180.24,18.3,9.82,3.18,97,0.51,0.4635,66.52,34.09,0.4557,4
user_0158,52,31.09,180.33,18.44,9.82,3.17,97,0.53,0.4637,66.68,33.83,0.4582,4
user_0158,53,31.0,180.8,18.47,9.8,3.16,97,0.51,0.4647,66.38,34.14,0.4573,4
user_0158,54,31.15,180.39,18.5,9.83,3.15,97,0.52,0.4646,66.48,34.07,0.4574,4
user_0158,55,31.16,180.15,18.32,9.82,3.14,97,0.52,0.4646,66.48,33.97,0.4555,4
user_0158,56,31.12,180.59,18.34,9.8,3.17,97,0.52,0.4651,66.51,34.05,0.4548,4
user_0158,57,31.23,180.63,18.42,9.8,3.17,97,0.52,0.4649,66.47,33.83,0.4563,4
user_0158,58,31.21,180.49,18.41,9.77,3.16,97,0.52,0.466,66.55,34.06,0.4554,4
user_0158,59,31.21,180.57,18.45,9.8,3.16,97,0.52,0.463,66.34,34.03,0.4565,4
user_0159,0,63.57,111.07,4.02,3.5,0.24,39,1.0,0.1099,95.7,18.02,0.0926,0
user_0159,1,63.7,111.09,4.05,3.45,0.24,39,1.0,0.1108,95.57,18.04,0.0945,0
user_0159,2,63.65,110.89,4.13,3.41,0.23,39,1.0,0.1094,95.7,17.82,0.094,0
user_0159,3,63.78,111.25,4.05,3.42,0.25,39,1.0,0.1102,95.71,18.0,0.0945,0
user_0159,4,63.75,110.48,4.0,3.47,0.25,40,0.99,0.1091,95.65,18.05,0.094,0
user_0159,5,63.82,111.53,4.04,3.5,0.25,40,1.01,0.1123,95.43,17.94,0.0951,0
user_0159,6,63.52,110.83,4.04,3.45,0.24,40,1.0,0.109,95.53,18.13,0.0946,0
user_0159,7,63.94,110.97,4.01,3.44,0.26,39,1.01,0.109,95.5,18.03,0.0935,0
user_0159,8,63.66,111.3,4.11,3.47,0.25,39,1.0,0.1072,95.63,17.89,0.0946,0
user_0159,9,63.71,111.06,4.01,3.48,0.24,40,1.0,0.111,95.63,17.94,0.0949,0
user_0159,10,63.77,111.55,3.94,3.5,0.25,39,1.0,0.1113,95.62,18.05,0.0934,0
user_0159,11,63.77,111.04,3.97,3.47,0.25,40,1.0,0.1115,95.65,17.9,0.0936,0
user_0159,12,63.87,111.14,3.97,3.49,0.24,39,1.01,0.1127,95.59,18.07,0.0952,0
user_0159,13,63.76,110.99,3.95,3.47,0.25,40,1.01,0.1106,95.69,18.04,0.0959,0
user_0159,14,55.74,131.14,8.49,4.98,1.14,57,0.86,0.2297,88.02,23.04,0.1943,1
user_0159,15,55.58,131.08,8.46,4.94,1.15,58,0.85,0.2295,88.22,22.9,0.1943,1
user_0159,16,55.67,130.82,8.54,4.98,1.15,57,0.85,0.2308,88.05,22.97,0.1934,1
user_0159,17,55.83,130.46,8.49,4.98,1.15,57,0.84,0.2312,88.23,22.99,0.1951,1
user_0159,18,55.77,131.03,8.53,4.97,1.16,58,0.85,0.2334,88.09,23.05,0.1948,1
user_0159,19,55.89,131.13,8.48,4.97,1.15,58,0.84,0.2322,88.24,23.08,0.1944,1
user_0159,20,43.68,160.92,15.32,7.24,2.48,84,0.62,0.41,76.96,30.45,0.3471,3
user_0159,21,43.67,160.82,15.33,7.21,2.51,85,0.63,0.4101,76.73,30.66,0.343,3
user_0159,22,44.05,161.0,15.23,7.2,2.5,84,0.63,0.4106,76.78,30.4,0.344,3
user_0159,23,43.41,160.64,15.34,7.25,2.51,85,0.63,0.4114,76.82,30.6,0.3433,3
user_0159,24,44.12,160.91,15.18,7.3,2.49,85,0.63,0.4117,77.0,30.58,0.3428,3
user_0159,25,43.79,161.11,15.31,7.22,2.49,84,0.62,0.4089,76.83,30.45,0.344,3
user_0159,26,44.1,160.8,15.04,7.23,2.49,85,0.62,0.4109,76.75,30.51,0.3456,3
user_0159,27,43.87,161.08,15.16,7.23,2.5,85,0.63,0.4116,76.85,30.44,0.3448,3
user_0159,28,43.78,161.1,15.26,7.16,2.5,85,0.62,0.4117,76.87,30.51,0.3436,3
user_0159,29,43.74,160.64,15.23,7.26,2.5,84,0.62,0.4097,76.9,30.4,0.3451,3
user_0159,30,43.87,161.21,15.32,7.24,2.5,85,0.63,0.4098,76.88,30.59,0.3448,3
user_0159,31,43.66,161.05,15.19,7.24,2.51,84,0.63,0.4091,76.75,30.63,0.3454,3
user_0159,32,43.77,160.91,15.23,7.2,2.52,85,0.63,0.4108,76.77,30.48,0.3443,3
user_0159,33,43.64,161.38,15.39,7.21,2.51,85,0.62,0.4125,77.05,30.56,0.3439,3
user_0159,34,43.86,160.98,15.32,7.25,2.49,85,0.62,0.4125,76.89,30.65,0.3468,3
user_0159,35,43.62,161.12,15.34,7.21,2.51,84,0.62,0.4118,76.96,30.42,0.3439,3
user_0159,36,43.72,161.21,15.33,7.23,2.49,84,0.62,0.4103,76.99,30.63,0.3453,3
user_0159,37,43.95,161.06,15.21,7.19,2.5,84,0.63,0.412,76.8,30.48,0.3437,3
user_0159,38,43.65,160.94,15.23,7.21,2.5,84,0.63,0.4108,76.89,30.46,0.3442,3
user_0159,39,43.55,160.97,15.34,7.2,2.5,85,0.63,0.4102,76.95,30.5,0.3452,3
user_0159,40,38.19,174.64,18.36,8.27,3.14,97,0.52,0.4945,71.57,33.94,0.4136,4
user_0159,41,38.47,175.5,18.31,8.28,3.13,97,0.52,0.494,71.59,34.05,0.4156,4
user_0159,42,38.45,175.17,18.34,8.29,3.12,97,0.53,0.4968,71.73,34.17,0.412,4
user_0159,43,38.04,175.2,18.4,8.3,3.12,97,0.52,0.4949,71.48,34.22,0.4131,4
user_0159,44,37.94,175.2,18.49,8.26,3.12,97,0.52,0.4939,71.76,33.92,0.4127,4
user_0159,45,38.38,174.87,18.44,8.28,3.12,97,0.52,0.4937,71.63,34.18,0.4146,4
user_0159,46,38.28,175.06,18.36,8.28,3.13,97,0.52,0.4954,71.58,34.09,0.4143,4
user_0159,47,38.27,174.87,18.34,8.26,3.13,97,0.53,0.4935,71.44,34.0,0.4148,4
user_0159,48,38.09,175.09,18.34,8.24,3.13,97,0.52,0.4955,71.68,33.99,0.415,4
user_0159,49,38.02,175.35,18.47,8.23,3.14,97,0.53,0.4932,71.51,34.1,0.4147,4
user_0159,50,37.94,175.54,18.37,8.26,3.14,98,0.52,0.4956,71.54,34.0,0.416,4
user_0159,51,38.36,174.93,18.47,8.27,3.13,97,0.52,0.4931,71.67,33.92,0.412,4
user_0159,52,38.19,175.18,18.34,8.21,3.13,97,0.51,0.4944,71.6,33.92,0.4146,4
user_0159,53,38.16,174.93,18.42,8.26,3.12,97,0.52,0.4944,71.89,34.0,0.4147,4
user_0159,54,38.17,175.19,18.44,8.25,3.13,97,0.52,0.4944,71.62,34.13,0.4135,4
user_0159,55,38.18,175.1,18.38,8.3,3.13,97,0.53,0.4983,71.84,34.05,0.4132,4
user_0159,56,38.16,174.71,18.48,8.28,3.15,97,0.52,0.4968,71.63,33.99,0.4146,4
user_0159,57,38.07,174.89,18.58,8.3,3.14,97,0.51,0.4962,71.59,33.98,0.4152,4
user_0159,58,37.91,175.01,18.42,8.28,3.12,97,0.52,0.4934,71.69,34.11,0.4145,4
user_0159,59,37.96,175.1,18.42,8.25,3.14,97,0.52,0.4948,71.81,34.16,0.414,4
user_0160,0,67.4,114.53,3.93,4.56,0.22,39,1.0,0.0977,90.59,18.05,0.121,0
user_0160,1,67.39,115.11,4.1,4.55,0.23,40,1.0,0.0959,90.74,18.11,0.1198,0
user_0160,2,67.38,113.76,3.95,4.58,0.24,39,1.0,0.0962,90.99,17.83,0.1198,0
user_0160,3,67.47,114.46,4.04,4.6,0.22,39,0.99,0.096,90.82,18.07,0.1197,0
user_0160,4,67.54,115.05,4.06,4.52,0.24,39,1.0,0.0961,90.73,18.06,0.1181,0
user_0160,5,67.67,114.99,4.03,4.59,0.21,39,1.0,0.0952,90.69,18.12,0.1194,0
user_0160,6,67.68,114.32,3.92,4.59,0.23,40,1.0,0.0987,90.93,18.05,0.1187,0
user_0160,7,67.38,114.24,4.05,4.57,0.21,39,1.0,0.0959,90.8,18.16,0.1196,0
user_0160,8,67.31,114.6,4.04,4.55,0.23,40,1.01,0.0974,90.77,17.96,0.1188,0
user_0160,9,67.55,114.65,3.87,4.56,0.23,39,1.01,0.0965,90.72,18.0,0.1198,0
user_0160,10,67.6,114.55,4.01,4.55,0.22,40,0.99,0.0958,91.05,18.09,0.1206,0
user_0160,11,67.81,114.5,4.02,4.6,0.21,40,1.0,0.097,90.78,18.15,0.119,0
user_0160,12,67.68,114.98,3.99,4.55,0.21,40,1.0,0.0969,90.69,18.15,0.1197,0
user_0160,13,67.53,115.21,4.02,4.6,0.22,39,1.0,0.0957,90.82,18.04,0.1199,0
user_0160,14,57.91,138.59,9.47,6.4,1.31,62,0.81,0.241,81.64,24.1,0.2416,1
user_0160,15,58.02,139.14,9.42,6.41,1.3,61,0.82,0.2435,81.9,23.81,0.2408,1
user_0160,16,58.11,138.43,9.45,6.38,1.31,61,0.81,0.2396,81.79,23.97,0.2396,1
user_0160,17,58.22,138.76,9.47,6.39,1.31,62,0.83,0.2417,81.84,24.0,0.2403,1
user_0160,18,57.68,138.69,9.48,6.34,1.3,61,0.82,0.2413,81.85,24.15,0.2386,1
user_0160,19,57.95,139.1,9.52,6.33,1.29,61,0.81,0.2394,81.88,24.01,0.241,1
user_0160,20,57.75,138.72,9.37,6.39,1.31,61,0.83,0.2415,81.97,23.99,0.2407,2
user_0160,21,57.86,138.55,9.32,6.43,1.3,61,0.82,0.2409,81.85,24.01,0.2393,2
user_0160,22,58.18,138.44,9.42,6.38,1.32,61,0.82,0.2403,81.74,24.09,0.2408,2
user_0160,23,57.87,138.83,9.42,6.37,1.32,62,0.81,0.2407,81.69,23.89,0.2395,2
user_0160,24,57.85,138.26,9.5,6.37,1.31,61,0.82,0.2393,81.79,23.8,0.2397,2
user_0160,25,57.66,138.83,9.35,6.37,1.3,61,0.83,0.2397,81.74,23.93,0.2401,2
user_0160,26,58.2,138.52,9.39,6.31,1.3,61,0.82,0.2381,81.96,23.93,0.2408,2
user_0160,27,57.6,138.32,9.55,6.35,1.31,61,0.82,0.2405,81.75,23.95,0.238,2
user_0160,28,57.91,138.93,9.45,6.4,1.31,61,0.82,0.2371,81.77,23.77,0.2405,2
user_0160,29,57.83,138.59,9.57,6.36,1.31,61,0.82,0.2385,81.97,24.13,0.2398,2
user_0160,30,58.09,138.14,9.45,6.38,1.33,61,0.82,0.2394,81.82,23.99,0.2401,2
user_0160,31,57.77,138.48,9.44,6.4,1.32,61,0.82,0.2414,81.69,24.03,0.2383,2
user_0160,32,57.92,139.12,9.35,6.39,1.31,61,0.83,0.2373,81.73,23.98,0.2407,2
user_0160,33,57.89,139.34,9.3,6.38,1.31,61,0.82,0.2417,81.72,23.85,0.2372,2
user_0160,34,57.82,139.14,9.31,6.36,1.32,61,0.82,0.24,81.69,23.95,0.2416,2
user_0160,35,58.07,138.86,9.27,6.38,1.33,61,0.82,0.2367,81.98,24.12,0.2396,2
user_0160,36,63.56,124.74,6.3,5.32,0.68,48,0.93,0.1583,87.02,20.53,0.1696,1
user_0160,37,63.41,124.85,6.25,5.32,0.7,49,0.92,0.1552,87.01,20.43,0.1693,1
user_0160,38,63.68,124.94,6.39,5.34,0.69,49,0.92,0.1552,87.27,20.63,0.1681,1
user_0160,39,63.5,125.1,6.34,5.31,0.69,48,0.92,0.1582,87.02,20.57,0.1714,1
user_0160,40,63.6,124.62,6.45,5.34,0.67,49,0.93,0.1568,87.18,20.51,0.1698,1
user_0160,41,63.47,124.24,6.25,5.35,0.68,48,0.93,0.154,87.02,20.36,0.1696,1
user_0160,42,63.53,124.77,6.43,5.29,0.67,48,0.93,0.1553,86.8,20.47,0.169,1
user_0160,43,63.4,124.7,6.32,5.36,0.66,49,0.93,0.1558,87.12,20.43,0.1675,1
user_0160,44,63.5,124.64,6.11,5.33,0.7,49,0.93,0.1582,87.24,20.35,0.1687,1
user_0160,45,63.48,124.67,6.11,5.34,0.68,49,0.92,0.1588,87.01,20.49,0.1703,1
user_0160,46,63.5,124.56,6.35,5.32,0.68,48,0.93,0.1565,86.89,20.61,0.1693,1
user_0160,47,63.71,124.76,6.27,5.28,0.67,48,0.92,0.1544,87.07,20.69,0.1688,1
user_0160,48,63.75,124.45,6.11,5.29,0.67,48,0.93,0.1553,87.22,20.63,0.1698,1
user_0160,49,63.57,124.4,6.24,5.31,0.68,49,0.92,0.1583,87.19,20.49,0.1723,1
user_0160,50,63.56,124.76,6.28,5.34,0.67,48,0.92,0.1562,87.16,20.6,0.1701,1
user_0160,51,63.61,124.19,6.22,5.3,0.67,48,0.93,0.1564,86.93,20.55,0.1705,1
user_0160,52,63.81,124.07,6.21,5.31,0.69,48,0.93,0.1562,86.99,20.46,0.1687,1
user_0160,53,63.5,124.67,6.2,5.27,0.69,49,0.93,0.1559,87.14,20.31,0.1696,1
user_0160,54,63.42,124.49,6.32,5.28,0.69,48,0.92,0.1564,87.07,20.57,0.1686,1
user_0160,55,63.37,124.74,6.21,5.31,0.67,49,0.92,0.158,86.92,20.4,0.1691,1
user_0160,56,63.64,124.53,6.11,5.33,0.68,48,0.93,0.1583,86.99,20.47,0.1693,1
user_0160,57,63.53,124.81,6.35,5.31,0.69,49,0.93,0.154,86.97,20.51,0.1723,1
user_0160,58,63.54,124.77,6.38,5.37,0.7,49,0.92,0.1585,87.16,20.38,0.1698,1
user_0160,59,63.51,124.36,6.21,5.32,0.68,49,0.92,0.1556,86.97,20.34,0.1693,1
user_0161,0,54.06,122.97,4.04,4.31,0.33,39,1.0,0.1035,92.54,18.2,0.0807,0
user_0161,1,53.53,123.1,4.09,4.3,0.34,39,1.01,0.1036,92.6,18.1,0.082,0
user_0161,2,54.19,122.91,3.87,4.3,0.34,39,1.0,0.102,92.78,17.9,0.0792,0
user_0161,3,54.06,123.07,3.87,4.31,0.34,39,1.0,0.1023,92.8,17.98,0.0804,0
user_0161,4,53.77,122.75,3.87,4.32,0.33,39,1.0,0.1014,92.74,18.24,0.0819,0
user_0161,5,53.75,122.65,3.98,4.36,0.34,40,1.0,0.1026,92.66,17.98,0.0795,0
user_0161,6,53.76,122.48,4.06,4.31,0.34,40,1.01,0.103,92.73,18.07,0.0802,0
user_0161,7,53.6,123.17,4.02,4.29,0.33,39,1.01,0.1018,92.63,17.97,0.0804,0
user_0161,8,53.96,122.78,4.06,4.35,0.34,39,0.99,0.1061,92.69,18.07,0.0832,0
user_0161,9,54.0,123.14,4.01,4.32,0.35,39,1.01,0.0994,92.46,18.0,0.0827,0
user_0161,10,53.8,122.87,3.95,4.35,0.34,40,1.01,0.1,92.74,17.86,0.0804,0
user_0161,11,53.91,123.09,4.04,4.31,0.34,40,1.01,0.102,92.65,18.15,0.083,0
user_0161,12,53.71,122.64,3.93,4.29,0.36,40,1.0,0.1008,92.58,18.03,0.0794,0
user_0161,13,53.81,123.05,3.95,4.31,0.34,40,1.0,0.1023,92.74,18.16,0.0801,0
user_0161,14,54.01,122.87,4.03,4.34,0.32,40,1.01,0.1024,92.62,18.1,0.0808,0
user_0161,15,53.8,123.01,4.04,4.31,0.34,39,1.0,0.1021,92.67,17.89,0.0808,0
user_0161,16,53.65,122.82,3.95,4.32,0.32,40,1.0,0.1002,92.59,18.11,0.0797,0
user_0161,17,54.06,122.99,3.95,4.3,0.33,39,1.0,0.1013,92.53,18.03,0.0804,0
user_0161,18,53.74,123.14,3.87,4.32,0.34,40,1.0,0.1019,92.46,17.96,0.082,0
user_0161,19,53.63,122.4,4.09,4.31,0.34,39,1.0,0.1013,92.62,18.01,0.0818,0
user_0161,20,53.75,123.17,3.95,4.34,0.34,40,1.0,0.0992,92.56,17.89,0.0805,0
user_0161,21,54.12,122.86,3.89,4.3,0.34,40,1.0,0.1049,92.58,18.15,0.0817,0
user_0161,22,53.7,123.27,4.02,4.35,0.33,39,0.99,0.1029,92.53,17.82,0.0816,0
user_0161,23,53.91,122.93,3.99,4.34,0.33,39,0.99,0.1,92.59,17.92,0.0827,0
user_0161,24,53.8,122.64,4.02,4.31,0.34,40,1.0,0.1025,92.79,17.93,0.0806,0
user_0161,25,53.59,123.23,3.99,4.28,0.32,39,1.01,0.1023,92.57,17.93,0.0811,0
user_0161,26,53.69,123.24,4.01,4.29,0.33,40,1.0,0.1044,92.61,18.04,0.0805,0
user_0161,27,53.91,122.61,3.94,4.33,0.33,40,1.0,0.102,92.59,18.18,0.079,0
user_0161,28,53.71,122.86,4.07,4.34,0.31,40,1.0,0.1032,92.53,18.06,0.0815,0
user_0161,29,53.77,123.32,4.17,4.32,0.32,40,1.0,0.1026,92.63,18.02,0.08,0
user_0161,30,53.57,122.64,3.99,4.35,0.33,40,0.99,0.1028,92.75,17.91,0.0809,0
user_0161,31,53.81,123.09,3.92,4.29,0.34,40,1.0,0.103,92.57,17.91,0.0802,0
user_0161,32,53.74,123.62,4.02,4.3,0.32,40,1.0,0.102,92.54,17.88,0.0811,0
user_0161,33,54.1,122.88,3.99,4.33,0.33,39,1.0,0.1013,92.67,17.94,0.0799,0
user_0161,34,53.96,123.13,4.02,4.3,0.31,40,1.01,0.1023,92.6,17.92,0.0787,0
user_0161,35,53.75,122.39,4.06,4.33,0.32,40,1.01,0.1021,92.56,17.99,0.0828,0
user_0161,36,53.8,123.05,4.15,4.29,0.3,40,1.0,0.1008,92.64,18.13,0.0793,0
user_0161,37,53.63,123.0,3.93,4.31,0.34,39,0.99,0.1013,92.61,18.08,0.0798,0
user_0161,38,53.65,123.1,3.91,4.29,0.35,39,0.99,0.1023,92.65,18.05,0.0809,0
user_0161,39,53.67,123.32,4.08,4.3,0.33,39,1.0,0.1023,92.62,18.14,0.0818,0
user_0161,40,53.67,122.64,4.02,4.34,0.35,39,1.0,0.1013,92.76,17.96,0.0822,0
user_0161,41,54.16,123.03,3.94,4.3,0.32,39,1.0,0.1057,92.51,18.01,0.0815,0
user_0161,42,53.85,123.37,3.89,4.29,0.32,40,1.0,0.105,92.39,18.06,0.0815,0
user_0161,43,53.54,123.02,4.04,4.3,0.34,39,1.0,0.1038,92.5,18.09,0.0796,0
user_0161,44,53.8,122.92,3.97,4.31,0.35,39,1.01,0.1001,92.76,18.1,0.0814,0
user_0161,45,53.97,122.79,4.04,4.31,0.34,40,1.0,0.1015,92.6,17.99,0.0804,0
user_0161,46,53.94,123.24,4.18,4.3,0.34,40,1.0,0.1034,92.59,17.99,0.081,0
user_0161,47,53.68,123.23,4.01,4.34,0.35,39,1.01,0.1022,92.63,18.08,0.0801,0
user_0161,48,53.66,122.85,4.01,4.3,0.32,40,0.99,0.1034,92.47,17.93,0.0809,0
user_0161,49,54.13,122.96,4.02,4.31,0.32,40,1.0,0.1042,92.47,18.13,0.0813,0
user_0161,50,53.67,122.99,3.94,4.35,0.33,39,1.0,0.1009,92.74,17.89,0.081,0
user_0161,51,53.82,122.8,3.9,4.37,0.33,39,1.0,0.1022,92.57,17.86,0.0813,0
user_0161,52,53.61,123.1,4.03,4.31,0.36,39,1.0,0.1044,92.66,17.91,0.0814,0
user_0161,53,53.94,122.25,3.97,4.36,0.33,40,1.0,0.1024,92.59,17.93,0.0793,0
user_0161,54,53.91,122.76,4.15,4.31,0.33,40,1.0,0.102,92.42,18.09,0.0795,0
user_0161,55,53.92,122.83,3.95,4.31,0.34,40,1.0,0.1008,92.47,17.77,0.0823,0
user_0161,56,53.83,123.22,4.07,4.34,0.33,40,1.0,0.1029,92.6,18.05,0.0809,0
user_0161,57,53.96,122.78,3.93,4.36,0.34,39,0.99,0.1014,92.37,17.91,0.0806,0
user_0161,58,53.88,122.91,3.94,4.35,0.32,39,1.0,0.1014,92.66,17.92,0.0803,0
user_0161,59,53.6,122.96,4.05,4.34,0.35,40,0.99,0.104,92.6,18.09,0.0806,0
user_0162,0,61.13,116.6,4.0,3.13,0.11,39,0.99,0.0916,96.91,18.03,0.1136,0
user_0162,1,61.19,116.61,4.04,3.14,0.13,40,1.01,0.0932,96.99,18.01,0.1105,0
user_0162,2,61.27,116.26,4.07,3.12,0.12,40,0.99,0.0923,96.91,17.99,0.1135,0
user_0162,3,61.02,116.18,3.98,3.16,0.11,40,1.01,0.0944,96.79,17.89,0.112,0
user_0162,4,61.1,116.31,3.97,3.12,0.13,39,1.0,0.0941,96.85,17.86,0.1128,0
user_0162,5,60.89,116.25,3.9,3.11,0.12,40,1.01,0.0894,96.87,17.84,0.1117,0
user_0162,6,61.13,115.96,4.17,3.11,0.11,39,1.01,0.09,97.05,18.01,0.1102,0
user_0162,7,61.01,116.29,3.93,3.08,0.12,40,1.0,0.0926,96.9,18.03,0.1108,0
user_0162,8,61.31,116.62,3.9,3.14,0.12,39,1.01,0.0903,97.06,17.83,0.1118,0
user_0162,9,60.9,116.09,3.89,3.12,0.13,39,1.0,0.0899,97.13,17.99,0.1103,0
user_0162,10,61.13,116.89,3.93,3.11,0.11,39,1.0,0.0919,96.84,18.16,0.1126,0
user_0162,11,61.06,116.53,4.04,3.14,0.13,40,1.0,0.0947,96.89,17.99,0.1115,0
user_0162,12,60.99,116.41,4.0,3.14,0.11,39,1.01,0.0916,96.86,18.18,0.113,0
user_0162,13,61.29,116.12,3.91,3.15,0.13,40,1.0,0.0934,97.02,18.13,0.1114,0
user_0162,14,53.16,136.28,8.61,4.61,1.01,58,0.85,0.2105,89.27,22.86,0.2123,1
user_0162,15,53.31,136.39,8.53,4.66,1.02,58,0.85,0.2129,89.36,22.89,0.2119,1
user_0162,16,53.19,136.35,8.39,4.6,1.01,58,0.85,0.2147,89.46,23.1,0.2113,1
user_0162,17,53.21,136.38,8.51,4.65,1.04,58,0.85,0.2104,89.48,22.9,0.2121,1
user_0162,18,53.05,136.09,8.53,4.6,1.02,57,0.85,0.2145,89.59,22.94,0.2109,1
user_0162,19,53.17,136.42,8.45,4.58,1.01,58,0.85,0.2119,89.36,23.04,0.2135,1
user_0162,20,41.09,166.57,15.32,6.84,2.36,85,0.63,0.389,78.2,30.36,0.3605,3
user_0162,21,41.04,166.35,15.34,6.87,2.38,84,0.62,0.3912,78.14,30.59,0.3623,3
user_0162,22,41.3,166.26,15.16,6.92,2.36,84,0.62,0.3924,78.25,30.55,0.3623,3
user_0162,23,41.3,166.23,15.24,6.9,2.37,85,0.64,0.3928,78.1,30.64,0.3618,3
user_0162,24,41.26,165.98,15.22,6.91,2.36,85,0.63,0.3888,78.21,30.52,0.3624,3
user_0162,25,41.01,166.59,15.23,6.85,2.38,85,0.62,0.39,78.14,30.59,0.3627,3
user_0162,26,40.96,166.07,15.29,6.92,2.37,85,0.63,0.3885,78.06,30.48,0.3627,3
user_0162,27,41.19,166.65,15.2,6.86,2.37,84,0.63,0.3912,78.22,30.57,0.3623,3
user_0162,28,41.16,166.25,15.3,6.8,2.36,84,0.63,0.3913,78.29,30.43,0.363,3
user_0162,29,41.06,166.51,15.28,6.88,2.36,85,0.63,0.3898,78.15,30.69,0.3605,3
user_0162,30,40.77,166.33,15.28,6.94,2.37,84,0.62,0.3913,78.15,30.56,0.3625,3
user_0162,31,41.31,166.29,15.34,6.91,2.37,85,0.63,0.3912,78.34,30.57,0.3628,3
user_0162,32,41.17,166.68,15.3,6.84,2.37,84,0.62,0.3944,78.27,30.46,0.3624,3
user_0162,33,41.2,166.3,15.27,6.88,2.38,84,0.62,0.3888,78.21,30.51,0.3639,3
user_0162,34,41.26,166.32,15.27,6.9,2.37,84,0.62,0.3933,78.3,30.45,0.3619,3
user_0162,35,41.06,166.99,15.22,6.88,2.38,85,0.63,0.3909,78.25,30.61,0.3622,3
user_0162,36,40.91,165.94,15.26,6.84,2.37,85,0.63,0.3897,78.05,30.62,0.3617,3
user_0162,37,41.29,166.35,15.1,6.92,2.37,84,0.63,0.3933,78.32,30.47,0.3601,3
user_0162,38,41.23,166.47,15.19,6.86,2.37,85,0.63,0.3926,78.03,30.53,0.3618,3
user_0162,39,41.45,166.24,15.23,6.89,2.37,84,0.62,0.3924,78.11,30.53,0.3631,3
user_0162,40,35.31,180.47,18.33,7.94,3.03,97,0.51,0.4729,73.11,33.83,0.4311,4
user_0162,41,35.65,180.46,18.37,7.93,3.01,97,0.52,0.4762,73.08,33.95,0.431,4
user_0162,42,35.57,180.28,18.41,7.93,2.98,97,0.51,0.4755,72.82,34.05,0.4326,4
user_0162,43,35.56,181.01,18.45,7.92,3.01,97,0.52,0.4757,72.65,34.05,0.4319,4
user_0162,44,35.59,180.76,18.48,7.91,2.99,97,0.52,0.4736,72.88,34.0,0.4299,4
user_0162,45,35.31,180.39,18.37,7.95,3.01,97,0.51,0.4751,72.95,33.94,0.4322,4
user_0162,46,35.44,180.37,18.47,7.9,3.0,97,0.52,0.4771,72.87,33.99,0.4307,4
user_0162,47,35.43,180.11,18.34,7.92,2.98,97,0.52,0.4762,72.9,34.04,0.4321,4
user_0162,48,35.6,180.37,18.32,7.93,3.02,97,0.52,0.4782,72.92,33.97,0.4306,4
user_0162,49,35.45,180.25,18.5,7.86,3.0,97,0.52,0.4759,72.81,33.91,0.4309,4
user_0162,50,35.61,179.85,18.39,7.92,3.01,97,0.52,0.4765,72.83,33.87,0.432,4
user_0162,51,35.53,180.44,18.49,7.92,2.99,97,0.52,0.4785,73.15,34.0,0.4314,4
user_0162,52,35.64,180.64,18.42,7.9,3.0,97,0.52,0.4733,73.02,34.15,0.432,4
user_0162,53,35.65,180.42,18.35,7.92,2.99,97,0.53,0.4739,72.97,34.18,0.4317,4
user_0162,54,35.76,180.75,18.36,7.88,3.0,97,0.52,0.4781,73.09,34.22,0.4319,4
user_0162,55,35.49,180.51,18.49,7.94,3.01,97,0.53,0.4751,73.03,33.89,0.4333,4
user_0162,56,35.54,180.32,18.41,7.9,2.99,97,0.52,0.4775,72.95,34.04,0.4307,4
user_0162,57,35.55,180.34,18.44,7.89,3.0,97,0.51,0.4768,72.97,33.72,0.4304,4
user_0162,58,35.55,180.92,18.44,7.85,2.99,97,0.51,0.4768,72.93,34.14,0.4307,4
user_0162,59,35.63,180.53,18.55,7.95,3.0,97,0.52,0.4765,72.93,34.11,0.4306,4
user_0163,0,57.11,129.35,4.07,4.24,0.3,39,1.0,0.0615,92.75,18.05,0.1003,0
user_0163,1,57.01,129.29,3.94,4.27,0.3,39,1.0,0.0618,92.77,18.05,0.0979,0
user_0163,2,57.1,129.25,4.06,4.2,0.29,40,1.0,0.0602,92.86,18.11,0.0976,0
user_0163,3,57.35,129.25,4.08,4.25,0.31,39,1.0,0.0584,92.75,18.09,0.0969,0
user_0163,4,57.24,129.24,4.07,4.26,0.27,39,0.99,0.0557,92.82,17.84,0.0976,0
user_0163,5,56.98,129.37,4.01,4.26,0.3,40,1.0,0.0598,92.84,17.93,0.0974,0
user_0163,6,57.23,129.49,3.89,4.24,0.3,39,1.0,0.0632,92.85,18.0,0.0981,0
user_0163,7,57.47,129.47,3.95,4.22,0.3,39,1.0,0.0603,92.91,17.92,0.0974,0
user_0163,8,57.17,129.79,4.0,4.24,0.29,39,1.0,0.0611,92.76,17.86,0.0985,0
user_0163,9,56.98,129.28,4.02,4.24,0.29,40,1.01,0.0603,92.75,17.89,0.099,0
user_0163,10,56.98,129.48,3.9,4.21,0.3,39,1.01,0.0603,92.8,17.87,0.0994,0
user_0163,11,57.06,129.22,3.98,4.24,0.3,40,0.99,0.0614,92.86,18.11,0.0992,0
user_0163,12,57.09,129.29,3.98,4.2,0.31,39,1.0,0.0578,92.78,17.78,0.0977,0
user_0163,13,56.96,129.13,4.01,4.2,0.29,40,1.0,0.0571,92.93,17.89,0.0978,0
user_0163,14,47.52,153.59,9.4,6.03,1.37,61,0.81,0.2032,83.59,23.85,0.2185,1
user_0163,15,47.36,153.16,9.33,6.06,1.37,61,0.82,0.2073,83.75,23.95,0.219,1
user_0163,16,47.47,153.36,9.45,6.05,1.39,61,0.81,0.2054,83.85,24.05,0.2164,1
user_0163,17,47.61,153.14,9.36,6.06,1.37,61,0.82,0.2047,83.86,23.97,0.2171,1
user_0163,18,47.62,153.28,9.47,6.06,1.38,61,0.82,0.2014,83.74,23.69,0.2173,1
user_0163,19,47.69,153.41,9.35,6.07,1.37,61,0.81,0.2044,83.79,23.99,0.2158,1
user_0163,20,47.39,153.48,9.44,6.05,1.38,61,0.82,0.205,83.95,23.84,0.2177,2
user_0163,21,47.55,153.08,9.44,6.01,1.38,60,0.82,0.2033,84.02,23.97,0.2166,2
user_0163,22,47.64,153.26,9.42,6.02,1.39,61,0.82,0.2049,83.94,24.24,0.2187,2
user_0163,23,47.53,152.99,9.32,6.04,1.39,61,0.82,0.2021,83.79,23.96,0.2175,2
user_0163,24,47.43,153.54,9.5,6.03,1.37,61,0.82,0.2049,83.86,24.11,0.2174,2
user_0163,25,47.38,153.25,9.39,6.04,1.37,61,0.82,0.2056,83.84,23.82,0.2177,2
user_0163,26,47.63,153.66,9.45,6.06,1.38,61,0.81,0.2042,83.96,24.01,0.2188,2
user_0163,27,47.53,153.16,9.43,6.02,1.38,61,0.81,0.2054,83.8,24.03,0.2172,2
user_0163,28,47.54,153.26,9.36,6.04,1.38,61,0.83,0.2029,83.82,23.77,0.2164,2
user_0163,29,47.35,152.72,9.28,6.03,1.37,61,0.82,0.2085,83.93,24.0,0.2189,2
user_0163,30,47.47,152.9,9.34,6.08,1.37,61,0.82,0.2048,83.83,24.02,0.2189,2
user_0163,31,47.6,153.19,9.49,6.08,1.37,62,0.82,0.2053,83.9,24.06,0.2181,2
user_0163,32,47.42,153.31,9.48,6.02,1.39,61,0.82,0.2085,83.93,23.87,0.2185,2
user_0163,33,47.73,153.38,9.37,6.01,1.38,61,0.81,0.2064,83.59,24.1,0.2184,2
user_0163,34,47.66,152.91,9.48,6.1,1.37,61,0.81,0.2032,83.86,23.87,0.2165,2
user_0163,35,47.43,153.39,9.29,6.04,1.36,61,0.83,0.2047,84.01,24.0,0.2179,2
user_0163,36,52.97,139.42,6.2,4.96,0.75,48,0.93,0.1232,89.11,20.48,0.1481,1
user_0163,37,53.18,139.28,6.13,5.02,0.76,48,0.91,0.1244,89.07,20.36,0.1447,1
user_0163,38,53.02,139.39,6.39,4.98,0.73,49,0.93,0.1193,89.11,20.52,0.1484,1
user_0163,39,53.18,139.31,6.25,5.04,0.75,49,0.93,0.1209,89.29,20.42,0.1484,1
user_0163,40,52.9,139.26,6.11,4.96,0.74,49,0.92,0.1214,89.29,20.48,0.1493,1
user_0163,41,53.09,138.99,6.33,5.0,0.74,48,0.93,0.1187,88.92,20.62,0.1485,1
user_0163,42,53.2,139.18,6.3,4.97,0.75,49,0.92,0.121,89.01,20.45,0.1474,1
user_0163,43,53.26,139.76,6.28,4.94,0.73,49,0.92,0.1215,89.18,20.5,0.1479,1
user_0163,44,53.12,138.92,6.23,5.04,0.74,48,0.92,0.1232,89.05,20.45,0.1466,1
user_0163,45,53.02,139.18,6.29,4.95,0.75,48,0.93,0.1181,89.11,20.41,0.1477,1
user_0163,46,53.33,139.4,6.3,4.99,0.74,48,0.92,0.1194,89.07,20.42,0.1473,1
user_0163,47,52.95,139.3,6.14,5.0,0.75,49,0.93,0.1187,89.14,20.53,0.147,1
user_0163,48,52.96,139.31,6.3,4.99,0.74,48,0.92,0.1214,89.16,20.51,0.1481,1
user_0163,49,53.49,139.72,6.28,4.97,0.75,48,0.93,0.1216,89.19,20.52,0.1482,1
user_0163,50,53.26,138.92,6.29,4.96,0.75,48,0.93,0.1205,89.13,20.57,0.1473,1
user_0163,51,53.06,139.23,6.2,4.98,0.75,49,0.92,0.1214,88.99,20.47,0.1465,1
user_0163,52,53.1,139.25,6.36,5.02,0.74,49,0.92,0.1194,88.99,20.56,0.1469,1
user_0163,53,52.98,139.13,6.21,4.96,0.75,49,0.92,0.1202,89.12,20.48,0.1482,1
user_0163,54,53.15,139.73,6.18,5.03,0.75,48,0.92,0.1195,89.15,20.39,0.1475,1
user_0163,55,53.37,139.31,6.28,4.96,0.75,48,0.91,0.121,89.15,20.64,0.1458,1
user_0163,56,53.22,139.19,6.3,4.95,0.75,48,0.93,0.1195,89.12,20.54,0.1467,1
user_0163,57,53.2,139.54,6.13,4.98,0.74,48,0.92,0.1209,89.06,20.66,0.1476,1
user_0163,58,53.11,139.3,6.14,4.95,0.76,49,0.93,0.1197,89.06,20.44,0.1455,1
user_0163,59,53.05,139.22,6.24,4.97,0.75,49,0.92,0.1195,88.76,20.62,0.147,1
user_0164,0,60.9,109.86,3.91,4.11,0.35,40,1.0,0.0868,94.98,18.0,0.0642,0
user_0164,1,60.64,109.98,3.95,4.06,0.36,40,0.99,0.0846,94.93,18.11,0.0685,0
user_0164,2,61.09,109.93,4.08,4.08,0.34,39,1.0,0.0883,94.83,18.0,0.0675,0
user_0164,3,60.78,109.79,4.09,4.15,0.34,39,1.01,0.0868,94.83,18.06,0.0666,0
user_0164,4,60.6,109.68,4.06,4.05,0.36,40,0.99,0.0863,94.95,18.03,0.0672,0
user_0164,5,60.77,109.94,3.97,4.05,0.35,40,1.0,0.089,94.75,18.12,0.0679,0
user_0164,6,60.78,110.28,4.0,4.08,0.34,40,1.0,0.0832,95.03,18.03,0.0679,0
user_0164,7,60.8,109.37,4.03,4.08,0.35,39,1.0,0.0862,94.93,18.01,0.0666,0
user_0164,8,60.74,109.36,3.93,4.06,0.34,39,1.0,0.0857,94.97,18.08,0.065,0
user_0164,9,61.09,109.72,3.89,4.09,0.35,39,1.0,0.0857,95.01,17.95,0.0662,0
user_0164,10,60.86,109.7,3.97,4.1,0.36,39,1.01,0.0891,94.97,18.07,0.0676,0
user_0164,11,60.77,110.11,3.98,4.06,0.34,39,1.0,0.086,94.88,18.2,0.0664,0
user_0164,12,60.82,109.35,3.94,4.04,0.36,40,1.0,0.0883,94.97,18.14,0.067,0
user_0164,13,61.09,109.36,4.02,4.08,0.34,40,1.0,0.0847,95.07,18.0,0.066,0
user_0164,14,51.12,133.39,9.54,5.84,1.43,61,0.82,0.2285,86.08,23.85,0.1864,1
user_0164,15,51.14,134.03,9.37,5.87,1.45,61,0.82,0.2322,85.88,24.21,0.1856,1
user_0164,16,50.8,133.71,9.45,5.87,1.43,61,0.81,0.2299,85.96,24.0,0.1877,1
user_0164,17,51.18,134.2,9.39,5.89,1.43,61,0.82,0.2302,86.0,24.03,0.1864,1
user_0164,18,51.16,133.97,9.39,5.82,1.43,61,0.83,0.2296,85.94,23.92,0.1866,1
user_0164,19,51.35,133.98,9.49,5.86,1.44,61,0.82,0.229,85.85,23.89,0.1876,1
user_0164,20,51.39,133.3,9.34,5.86,1.4,61,0.82,0.228,85.92,23.81,0.1862,2
user_0164,21,51.36,133.57,9.44,5.89,1.46,61,0.82,0.23,85.79,23.87,0.1866,2
user_0164,22,51.22,133.93,9.44,5.83,1.43,61,0.82,0.2305,85.83,23.93,0.1859,2
user_0164,23,50.84,134.21,9.43,5.84,1.44,61,0.82,0.2297,85.83,24.16,0.1871,2
user_0164,24,51.25,133.54,9.35,5.87,1.45,61,0.82,0.2309,86.01,24.17,0.1877,2
user_0164,25,51.32,133.85,9.38,5.86,1.45,61,0.82,0.2309,85.94,23.98,0.1859,2
user_0164,26,51.36,134.04,9.26,5.88,1.44,61,0.81,0.2298,86.01,24.05,0.1869,2
user_0164,27,51.53,134.22,9.35,5.88,1.43,61,0.83,0.2303,85.93,23.8,0.1868,2
user_0164,28,51.16,133.86,9.36,5.84,1.45,61,0.81,0.2309,86.17,24.02,0.1861,2
user_0164,29,51.1,133.9,9.45,5.85,1.41,61,0.83,0.2297,85.89,23.84,0.187,2
user_0164,30,51.1,133.77,9.35,5.83,1.43,62,0.83,0.231,85.84,23.97,0.1877,2
user_0164,31,51.19,133.71,9.37,5.87,1.46,61,0.82,0.231,86.02,24.25,0.1878,2
user_0164,32,51.05,133.96,9.48,5.86,1.42,61,0.82,0.231,85.74,24.04,0.1879,2
user_0164,33,51.29,133.64,9.43,5.89,1.43,61,0.82,0.2312,85.83,24.12,0.1872,2
user_0164,34,51.31,133.7,9.44,5.88,1.44,61,0.82,0.2296,85.89,24.05,0.1869,2
user_0164,35,51.31,133.89,9.41,5.9,1.43,61,0.83,0.23,86.03,24.05,0.1853,2
user_0164,36,56.83,119.96,6.32,4.89,0.81,49,0.92,0.1478,91.27,20.46,0.1167,1
user_0164,37,56.98,119.97,6.16,4.77,0.81,48,0.93,0.1487,91.24,20.53,0.117,1
user_0164,38,56.88,119.9,6.33,4.8,0.8,49,0.92,0.1462,91.06,20.56,0.1159,1
user_0164,39,56.75,119.66,6.27,4.85,0.8,48,0.92,0.1479,91.32,20.39,0.1161,1
user_0164,40,56.87,119.55,6.26,4.79,0.8,49,0.93,0.1447,91.23,20.64,0.1173,1
user_0164,41,56.84,119.75,6.14,4.78,0.81,48,0.93,0.1443,91.24,20.43,0.1169,1
user_0164,42,56.77,120.1,6.3,4.78,0.79,49,0.93,0.147,91.1,20.47,0.1177,1
user_0164,43,56.84,119.75,6.11,4.82,0.8,48,0.92,0.1469,91.32,20.3,0.1171,1
user_0164,44,56.83,120.18,6.39,4.82,0.81,49,0.91,0.1469,91.34,20.34,0.1181,1
user_0164,45,56.82,119.63,6.14,4.84,0.82,49,0.93,0.1454,91.07,20.52,0.1178,1
user_0164,46,56.78,119.65,6.28,4.79,0.8,49,0.93,0.1493,91.22,20.32,0.1177,1
user_0164,47,56.81,119.97,6.2,4.83,0.82,48,0.93,0.1453,91.3,20.5,0.1158,1
user_0164,48,56.92,119.69,6.17,4.8,0.79,48,0.92,0.1448,91.29,20.61,0.1179,1
user_0164,49,56.8,119.54,6.17,4.83,0.83,49,0.93,0.1473,91.13,20.58,0.116,1
user_0164,50,56.46,119.6,6.24,4.78,0.81,48,0.93,0.1477,91.15,20.54,0.1175,1
user_0164,51,56.77,120.23,6.15,4.81,0.8,49,0.92,0.1492,91.09,20.6,0.1165,1
user_0164,52,56.61,120.1,6.23,4.8,0.8,48,0.92,0.1466,91.19,20.61,0.1172,1
user_0164,53,56.36,119.96,6.17,4.82,0.81,49,0.93,0.1458,91.31,20.45,0.1159,1
user_0164,54,56.94,119.91,6.24,4.84,0.8,49,0.93,0.1471,91.1,20.46,0.1186,1
user_0164,55,56.7,119.78,6.18,4.77,0.8,48,0.93,0.144,91.15,20.42,0.117,1
user_0164,56,56.46,120.1,6.26,4.84,0.8,49,0.92,0.1453,91.03,20.42,0.1156,1
user_0164,57,57.03,119.42,6.2,4.82,0.82,49,0.93,0.1486,91.16,20.41,0.1176,1
user_0164,58,56.68,119.82,6.21,4.82,0.79,49,0.92,0.1447,91.28,20.49,0.1174,1
user_0164,59,56.93,119.64,6.3,4.8,0.8,49,0.92,0.1495,91.35,20.65,0.1171,1
user_0165,0,57.24,114.78,3.86,4.27,0.34,40,1.0,0.0867,97.83,17.98,0.1099,0
user_0165,1,57.2,115.28,3.93,4.28,0.34,39,1.0,0.0893,98.04,18.0,0.1089,0
user_0165,2,57.13,115.07,4.01,4.26,0.34,39,1.0,0.0889,97.72,18.0,0.1098,0
user_0165,3,57.1,115.59,3.92,4.3,0.35,40,0.99,0.089,97.9,17.78,0.1099,0
user_0165,4,57.28,115.31,3.94,4.33,0.34,40,1.0,0.0886,98.09,17.98,0.1106,0
user_0165,5,57.25,115.1,3.95,4.28,0.35,40,1.0,0.087,97.9,17.92,0.1113,0
user_0165,6,57.39,114.74,4.07,4.31,0.34,40,0.99,0.0882,98.11,18.07,0.1119,0
user_0165,7,57.16,114.89,3.95,4.28,0.36,39,1.0,0.0861,97.91,18.02,0.1078,0
user_0165,8,57.23,114.9,4.02,4.31,0.33,40,1.0,0.0893,97.94,18.1,0.1103,0
user_0165,9,57.49,115.25,4.01,4.31,0.36,40,1.01,0.0878,98.0,17.97,0.1091,0
user_0165,10,57.35,114.51,4.03,4.32,0.35,40,0.99,0.0904,97.93,18.06,0.1096,0
user_0165,11,57.23,115.32,4.09,4.28,0.34,39,1.01,0.0847,97.83,17.77,0.1097,0
user_0165,12,57.24,115.22,4.08,4.27,0.34,39,1.0,0.0873,97.93,18.0,0.1093,0
user_0165,13,57.23,115.45,4.09,4.29,0.34,39,1.0,0.0897,97.97,17.81,0.1087,0
user_0165,14,57.1,114.38,3.94,4.23,0.34,39,1.0,0.0884,98.23,17.96,0.1095,0
user_0165,15,57.42,115.19,4.0,4.31,0.35,39,1.0,0.0886,97.71,17.92,0.1105,0
user_0165,16,57.4,115.03,3.92,4.28,0.34,39,0.99,0.0872,97.81,17.93,0.11,0
user_0165,17,57.16,115.6,3.99,4.3,0.34,39,1.0,0.0876,97.9,18.0,0.1094,0
user_0165,18,57.27,115.36,4.06,4.29,0.34,39,1.01,0.0852,97.93,17.91,0.1106,0
user_0165,19,57.52,115.04,4.12,4.27,0.33,39,1.01,0.0897,97.93,18.06,0.1095,0
user_0165,20,57.42,115.0,4.07,4.3,0.34,39,1.0,0.0897,97.99,18.09,0.11,0
user_0165,21,57.14,115.1,4.12,4.29,0.33,40,1.0,0.0899,97.86,17.93,0.1115,0
user_0165,22,57.22,114.46,3.88,4.3,0.33,39,1.01,0.0882,98.07,18.02,0.1096,0
user_0165,23,57.01,115.01,3.97,4.25,0.35,39,1.0,0.0871,97.88,17.85,0.1094,0
user_0165,24,57.22,115.15,3.97,4.28,0.34,40,1.01,0.0895,97.87,18.01,0.1116,0
user_0165,25,57.18,115.46,4.02,4.25,0.36,40,1.0,0.0885,98.0,17.95,0.1108,0
user_0165,26,57.2,114.85,3.94,4.24,0.34,39,1.0,0.0857,97.81,18.2,0.1101,0
user_0165,27,57.21,114.97,4.03,4.28,0.34,40,1.0,0.0846,97.97,18.04,0.1098,0
user_0165,28,57.03,115.04,3.99,4.29,0.35,40,1.0,0.0884,97.96,18.09,0.1108,0
user_0165,29,57.36,115.08,4.09,4.3,0.33,40,1.0,0.0886,98.0,17.99,0.109,0
user_0165,30,57.34,115.19,3.9,4.3,0.34,39,1.0,0.0866,97.8,18.02,0.1093,0
user_0165,31,57.29,115.49,4.09,4.27,0.34,39,1.0,0.0895,98.08,18.19,0.1092,0
user_0165,32,57.24,114.83,4.0,4.31,0.34,39,1.0,0.0858,97.88,18.04,0.1114,0
user_0165,33,57.26,115.56,4.11,4.3,0.34,39,0.99,0.0875,97.77,17.91,0.1104,0
user_0165,34,57.26,115.54,3.89,4.33,0.34,40,1.01,0.0889,97.68,18.21,0.1095,0
user_0165,35,57.18,115.35,3.93,4.29,0.32,39,1.0,0.0866,97.87,18.1,0.11,0
user_0165,36,57.15,115.26,3.93,4.24,0.32,39,1.0,0.0874,98.0,17.79,0.1106,0
user_0165,37,57.14,115.14,4.06,4.32,0.33,40,1.0,0.0876,98.02,17.95,0.1089,0
user_0165,38,57.42,115.07,4.13,4.32,0.33,40,1.0,0.0886,98.0,17.9,0.1097,0
user_0165,39,57.44,115.2,3.9,4.31,0.33,40,1.01,0.0864,98.08,18.1,0.1118,0
user_0165,40,57.08,114.8,3.95,4.25,0.37,40,1.0,0.0904,97.91,18.05,0.1085,0
user_0165,41,57.21,115.56,4.1,4.29,0.34,40,1.0,0.0851,98.13,17.84,0.1089,0
user_0165,42,56.96,115.3,4.15,4.25,0.33,39,1.0,0.0877,97.95,18.09,0.11,0
user_0165,43,57.04,115.45,4.11,4.27,0.35,40,1.0,0.0872,98.12,17.99,0.1112,0
user_0165,44,57.63,115.34,3.89,4.26,0.33,40,0.99,0.0879,97.9,17.78,0.11,0
user_0165,45,57.04,114.9,4.06,4.28,0.35,40,1.01,0.0898,97.93,17.97,0.109,0
user_0165,46,57.31,115.15,3.92,4.28,0.35,39,1.0,0.0884,98.02,18.06,0.1097,0
user_0165,47,56.92,114.97,3.96,4.32,0.33,40,1.0,0.0891,97.9,17.9,0.1117,0
user_0165,48,57.11,114.89,3.9,4.25,0.34,40,1.0,0.0887,98.05,17.76,0.1102,0
user_0165,49,57.32,114.79,4.05,4.27,0.34,40,1.01,0.0888,98.01,17.91,0.1095,0
user_0165,50,57.27,114.87,3.94,4.27,0.36,40,1.0,0.0862,97.97,17.99,0.1118,0
user_0165,51,57.49,114.89,4.05,4.27,0.33,40,1.0,0.092,97.94,17.91,0.1093,0
user_0165,52,57.27,114.84,3.97,4.25,0.33,39,1.0,0.0874,97.94,17.94,0.1085,0
user_0165,53,57.15,115.5,3.9,4.27,0.33,40,1.0,0.0881,98.08,17.99,0.1094,0
user_0165,54,57.46,115.03,4.04,4.27,0.34,40,1.01,0.0873,98.08,18.07,0.1098,0
user_0165,55,57.11,114.72,3.98,4.27,0.34,39,1.0,0.0875,97.98,17.85,0.11,0
user_0165,56,57.39,115.06,3.87,4.27,0.35,39,0.99,0.0878,97.83,17.83,0.1099,0
user_0165,57,57.49,114.98,3.88,4.22,0.34,40,1.0,0.0893,98.05,17.89,0.1111,0
user_0165,58,57.27,115.03,3.91,4.26,0.33,40,1.0,0.088,97.75,17.88,0.1093,0
user_0165,59,57.55,115.05,3.97,4.25,0.33,39,1.01,0.0844,97.79,18.02,0.1108,0
user_0166,0,51.77,126.33,4.0,3.92,0.17,40,1.0,0.0721,94.44,18.06,0.1349,0
user_0166,1,52.1,126.58,4.1,3.9,0.21,40,1.01,0.0725,94.44,18.04,0.1347,0
user_0166,2,52.22,126.24,4.08,3.89,0.18,40,0.99,0.0734,94.57,17.93,0.1338,0
user_0166,3,51.96,126.54,4.02,3.88,0.19,40,0.99,0.077,94.36,17.97,0.1362,0
user_0166,4,52.09,126.38,3.88,3.84,0.17,40,1.0,0.0743,94.48,18.06,0.1367,0
user_0166,5,51.72,126.76,4.0,3.91,0.17,39,1.0,0.0741,94.49,17.83,0.1355,0
user_0166,6,51.85,126.53,3.97,3.87,0.18,39,0.99,0.0758,94.58,18.12,0.1367,0
user_0166,7,51.84,125.92,4.06,3.88,0.2,39,0.99,0.0768,94.44,17.97,0.136,0
user_0166,8,52.1,126.53,3.95,3.89,0.18,40,1.01,0.0748,94.54,18.09,0.1347,0
user_0166,9,52.05,126.22,3.93,3.89,0.18,40,1.0,0.075,94.48,18.03,0.1354,0
user_0166,10,52.19,126.2,3.92,3.87,0.17,39,1.0,0.0747,94.43,18.02,0.1366,0
user_0166,11,51.94,126.85,4.09,3.89,0.2,39,0.99,0.0758,94.38,18.06,0.1341,0
user_0166,12,52.21,125.99,3.91,3.88,0.19,39,1.01,0.0755,94.56,17.97,0.136,0
user_0166,13,52.15,126.05,4.01,3.82,0.17,39,1.0,0.0765,94.26,18.14,0.136,0
user_0166,14,52.23,126.23,3.99,3.87,0.2,40,1.0,0.0733,94.37,17.89,0.1366,0
user_0166,15,52.35,126.21,4.05,3.91,0.17,39,1.0,0.0736,94.5,17.9,0.1362,0
user_0166,16,51.94,126.64,4.05,3.85,0.17,40,0.99,0.0731,94.29,17.9,0.1362,0
user_0166,17,52.39,126.26,3.97,3.88,0.17,40,1.0,0.0746,94.49,18.13,0.1347,0
user_0166,18,52.09,126.44,3.94,3.85,0.17,39,1.0,0.0741,94.45,18.16,0.1362,0
user_0166,19,52.21,126.68,4.1,3.87,0.2,40,0.99,0.0707,94.3,17.96,0.1343,0
user_0166,20,52.45,126.41,3.99,3.84,0.18,39,1.0,0.0718,94.55,18.03,0.1347,0
user_0166,21,52.17,126.43,4.08,3.88,0.19,40,0.99,0.0749,94.42,17.96,0.1365,0
user_0166,22,52.32,126.16,3.82,3.86,0.19,40,1.0,0.0727,94.47,17.96,0.1374,0
user_0166,23,52.26,126.41,3.98,3.86,0.18,40,1.0,0.0749,94.38,18.03,0.1359,0
user_0166,24,52.07,126.59,3.93,3.85,0.19,39,1.01,0.0735,94.66,17.96,0.1359,0
user_0166,25,52.2,126.38,4.01,3.85,0.19,39,0.99,0.0741,94.28,18.1,0.1347,0
user_0166,26,52.08,126.7,4.07,3.89,0.19,40,1.01,0.0708,94.53,18.03,0.1341,0
user_0166,27,52.04,126.88,3.99,3.88,0.19,39,1.0,0.0772,94.48,18.01,0.1357,0
user_0166,28,52.07,126.41,4.02,3.86,0.18,40,0.99,0.0746,94.21,17.93,0.1371,0
user_0166,29,52.29,126.34,3.92,3.89,0.17,40,1.0,0.0732,94.41,17.99,0.1353,0
user_0166,30,51.82,127.2,4.04,3.91,0.19,40,1.0,0.0746,94.69,17.98,0.1346,0
user_0166,31,52.35,126.5,4.1,3.84,0.17,39,1.0,0.072,94.57,17.9,0.1367,0
user_0166,32,52.18,126.57,4.03,3.89,0.17,40,1.0,0.075,94.5,17.96,0.1359,0
user_0166,33,51.96,126.17,3.94,3.88,0.19,39,1.0,0.0757,94.65,17.95,0.1346,0
user_0166,34,52.13,126.48,3.95,3.89,0.2,39,0.99,0.0745,94.38,18.03,0.1356,0
user_0166,35,52.03,126.28,3.95,3.91,0.18,40,0.99,0.0738,94.57,18.16,0.1361,0
user_0166,36,52.13,126.32,4.0,3.86,0.18,39,1.0,0.0753,94.36,18.07,0.1366,0
user_0166,37,52.11,126.48,4.05,3.91,0.17,39,1.0,0.0741,94.59,17.87,0.1357,0
user_0166,38,52.19,126.28,4.11,3.88,0.18,39,1.01,0.0733,94.49,17.97,0.1359,0
user_0166,39,52.11,126.32,4.1,3.89,0.19,39,1.0,0.0728,94.55,18.04,0.1348,0
user_0166,40,52.18,126.5,4.07,3.87,0.19,40,1.0,0.0733,94.57,18.12,0.1363,0
user_0166,41,51.98,125.92,3.86,3.84,0.18,40,0.99,0.0745,94.47,18.04,0.1365,0
user_0166,42,52.2,126.3,3.92,3.87,0.16,40,1.01,0.0736,94.45,17.97,0.1349,0
user_0166,43,52.18,126.69,4.14,3.91,0.19,40,1.0,0.0733,94.57,18.1,0.1354,0
user_0166,44,52.11,126.18,3.94,3.87,0.19,39,1.0,0.0732,94.46,17.9,0.1348,0
user_0166,45,52.23,126.28,4.0,3.88,0.19,39,1.0,0.0752,94.27,17.93,0.1362,0
user_0166,46,51.96,126.31,4.18,3.9,0.19,39,1.0,0.0759,94.56,18.13,0.1354,0
user_0166,47,52.09,126.09,4.04,3.89,0.18,39,0.99,0.0722,94.44,17.97,0.1345,0
user_0166,48,51.89,126.52,4.12,3.91,0.19,39,1.0,0.0745,94.51,17.83,0.1364,0
user_0166,49,52.08,126.43,3.94,3.89,0.18,40,1.0,0.0731,94.56,18.05,0.1372,0
user_0166,50,52.18,126.91,4.03,3.88,0.18,40,0.99,0.0742,94.36,17.89,0.1359,0
user_0166,51,52.11,126.19,4.16,3.86,0.18,39,1.0,0.0751,94.51,17.97,0.1372,0
user_0166,52,51.98,126.46,4.07,3.89,0.19,39,1.01,0.074,94.51,17.9,0.1359,0
user_0166,53,52.01,125.79,4.04,3.89,0.2,40,1.0,0.0755,94.41,17.88,0.1351,0
user_0166,54,51.99,126.68,3.95,3.87,0.2,40,1.0,0.0751,94.48,17.98,0.1366,0
user_0166,55,52.22,126.45,3.98,3.85,0.18,40,1.0,0.0735,94.54,17.91,0.1354,0
user_0166,56,52.33,126.58,4.17,3.88,0.2,39,1.01,0.0725,94.5,18.09,0.1331,0
user_0166,57,52.04,126.33,4.04,3.87,0.17,40,0.99,0.0765,94.37,17.96,0.1347,0
user_0166,58,52.14,126.18,3.86,3.87,0.17,40,0.99,0.0718,94.4,18.06,0.1352,0
user_0166,59,52.46,126.82,4.09,3.88,0.18,40,1.0,0.0744,94.46,17.95,0.1355,0
user_0167,0,59.04,124.88,4.03,3.03,0.24,39,1.0,0.0906,95.17,17.99,0.1206,0
user_0167,1,58.57,125.17,3.9,2.98,0.25,39,1.0,0.0894,95.2,18.06,0.1205,0
user_0167,2,59.14,125.38,4.07,2.96,0.24,39,1.0,0.0897,95.31,17.99,0.1206,0
user_0167,3,59.07,125.34,3.99,2.99,0.26,39,1.0,0.0891,95.25,18.06,0.1203,0
user_0167,4,58.9,124.89,4.06,3.02,0.22,40,0.99,0.092,95.36,18.14,0.1194,0
user_0167,5,58.8,125.74,3.99,2.97,0.23,39,1.0,0.0919,95.13,17.99,0.12,0
user_0167,6,58.7,124.92,3.99,3.01,0.23,39,1.0,0.0929,95.35,18.15,0.1208,0
user_0167,7,59.04,124.87,3.81,3.01,0.24,39,1.0,0.0898,95.35,18.01,0.1208,0
user_0167,8,58.71,124.84,3.85,3.0,0.24,40,1.0,0.0874,95.27,18.1,0.121,0
user_0167,9,58.78,125.1,4.03,2.99,0.23,39,1.0,0.089,95.47,18.0,0.1195,0
user_0167,10,59.03,125.35,4.05,2.95,0.24,40,1.0,0.0918,95.43,18.08,0.12,0
user_0167,11,59.14,125.6,4.08,2.97,0.23,39,1.0,0.0898,95.29,18.03,0.1212,0
user_0167,12,59.14,125.27,3.94,3.01,0.23,39,1.01,0.0897,95.4,17.88,0.1207,0
user_0167,13,59.18,124.94,4.04,2.97,0.23,40,0.99,0.0913,95.19,18.01,0.1201,0
user_0167,14,58.98,125.25,4.0,2.99,0.25,40,1.0,0.0886,95.2,18.05,0.1188,0
user_0167,15,58.71,125.02,3.95,2.96,0.24,39,1.0,0.0894,95.35,17.9,0.122,0
user_0167,16,58.67,125.27,4.03,3.0,0.22,39,1.0,0.0896,95.34,17.95,0.1206,0
user_0167,17,58.64,125.56,4.12,3.02,0.25,39,1.0,0.09,95.28,17.95,0.1202,0
user_0167,18,58.75,124.93,4.03,3.0,0.23,40,1.01,0.0905,95.34,17.83,0.1197,0
user_0167,19,58.86,125.41,4.01,3.01,0.23,39,1.0,0.0916,95.22,17.98,0.1194,0
user_0167,20,58.63,125.31,3.91,2.98,0.23,39,1.01,0.0878,95.5,18.0,0.1206,0
user_0167,21,58.66,125.55,3.99,2.97,0.23,39,0.99,0.0891,95.18,18.1,0.1203,0
user_0167,22,59.09,124.86,3.93,2.99,0.23,39,1.0,0.0894,95.06,17.93,0.1212,0
user_0167,23,58.88,125.2,4.04,2.97,0.22,39,1.0,0.0906,95.39,17.94,0.1211,0
user_0167,24,59.03,125.11,4.02,3.0,0.25,39,1.0,0.0927,95.5,18.03,0.1201,0
user_0167,25,58.83,125.09,3.88,2.94,0.25,39,1.0,0.0907,95.37,17.96,0.1177,0
user_0167,26,58.7,125.75,4.11,3.04,0.24,39,1.0,0.0897,95.44,17.97,0.1232,0
user_0167,27,58.99,125.62,3.88,3.04,0.24,39,1.0,0.0885,95.32,17.9,0.1212,0
user_0167,28,58.84,125.22,3.92,3.0,0.24,39,1.0,0.092,95.29,17.96,0.121,0
user_0167,29,58.92,125.29,3.95,3.0,0.25,40,1.0,0.0933,95.19,17.97,0.1191,0
user_0167,30,58.92,125.02,3.98,3.01,0.23,40,0.99,0.0908,95.32,18.11,0.1209,0
user_0167,31,58.76,125.33,3.94,3.0,0.25,39,1.0,0.0904,95.23,17.93,0.1209,0
user_0167,32,58.85,125.3,4.05,2.99,0.23,39,1.0,0.0911,95.14,17.86,0.1192,0
user_0167,33,58.84,125.09,3.87,2.95,0.24,40,1.01,0.0915,95.26,18.0,0.12,0
user_0167,34,58.93,125.23,3.97,3.03,0.23,40,0.99,0.0912,95.11,18.19,0.1192,0
user_0167,35,58.91,125.5,3.92,2.99,0.24,40,1.01,0.0911,95.14,17.95,0.1199,0
user_0167,36,59.08,124.92,3.98,3.02,0.24,39,0.99,0.0898,95.33,17.92,0.1182,0
user_0167,37,58.74,125.58,4.03,3.01,0.25,40,1.01,0.0905,95.25,18.05,0.1212,0
user_0167,38,58.76,125.38,4.01,2.99,0.24,40,1.01,0.0911,95.1,17.91,0.1217,0
user_0167,39,58.71,124.95,3.96,2.97,0.24,40,1.0,0.0898,95.23,17.97,0.1212,0
user_0167,40,58.82,125.36,3.99,2.97,0.25,39,1.0,0.0915,95.32,18.03,0.12,0
user_0167,41,58.91,125.26,3.96,2.97,0.24,40,1.0,0.0914,95.16,18.04,0.1203,0
user_0167,42,58.94,125.37,3.94,2.99,0.24,39,1.01,0.0892,95.3,17.79,0.121,0
user_0167,43,58.8,125.16,3.93,2.97,0.24,40,1.0,0.0918,95.16,18.02,0.1195,0
user_0167,44,58.72,125.1,4.0,2.98,0.24,39,1.01,0.0909,95.23,17.97,0.1185,0
user_0167,45,58.66,125.22,4.02,2.95,0.23,40,0.99,0.0919,95.31,17.96,0.1201,0
user_0167,46,58.76,125.06,4.11,3.03,0.24,40,1.0,0.0922,95.47,17.94,0.1187,0
user_0167,47,59.02,125.44,4.1,2.99,0.22,39,1.01,0.0904,95.19,17.81,0.1204,0
user_0167,48,58.9,124.96,3.93,2.97,0.24,40,1.0,0.093,95.28,17.92,0.1213,0
user_0167,49,58.96,125.6,4.03,3.05,0.24,40,1.0,0.092,95.27,18.07,0.1214,0
user_0167,50,58.9,125.44,4.11,2.96,0.24,39,1.0,0.0919,95.09,17.91,0.1187,0
user_0167,51,59.02,125.39,4.09,3.01,0.23,39,1.0,0.0927,95.33,18.1,0.1207,0
user_0167,52,58.81,125.04,4.04,3.02,0.24,39,1.0,0.0897,95.1,18.16,0.1191,0
user_0167,53,59.08,125.61,4.03,2.96,0.25,39,1.0,0.0902,95.24,18.02,0.1183,0
user_0167,54,58.79,125.04,4.04,3.0,0.24,40,1.0,0.0901,95.31,18.02,0.1189,0
user_0167,55,59.03,124.91,3.9,2.96,0.24,40,1.01,0.0892,95.27,17.88,0.1193,0
user_0167,56,59.18,125.21,4.09,3.01,0.23,39,1.0,0.0903,95.37,17.97,0.1208,0
user_0167,57,58.79,125.27,3.93,2.94,0.23,40,1.01,0.0903,95.32,17.97,0.1195,0
user_0167,58,59.06,125.59,4.11,3.01,0.24,39,0.99,0.0934,95.13,18.0,0.1183,0
user_0167,59,59.05,125.36,4.1,2.99,0.25,40,1.01,0.0911,95.38,18.2,0.1191,0
user_0168,0,54.17,127.6,3.95,4.21,0.34,40,1.0,0.1129,94.62,18.18,0.0728,0
user_0168,1,53.82,127.13,3.97,4.22,0.33,40,1.0,0.1142,94.3,18.0,0.0729,0
user_0168,2,54.11,127.29,4.03,4.19,0.32,39,1.0,0.1151,94.59,17.73,0.0722,0
user_0168,3,54.23,127.4,4.03,4.2,0.32,40,1.0,0.1126,94.5,17.88,0.0725,0
user_0168,4,54.13,127.33,3.99,4.19,0.32,39,1.0,0.1151,94.4,17.93,0.0721,0
user_0168,5,54.35,127.25,3.89,4.21,0.33,39,1.0,0.1113,94.5,18.12,0.0733,0
user_0168,6,54.25,127.94,3.96,4.19,0.32,40,1.0,0.1141,94.47,17.92,0.0718,0
user_0168,7,54.06,127.15,3.85,4.21,0.33,40,1.0,0.112,94.66,18.07,0.0726,0
user_0168,8,54.2,127.1,3.98,4.22,0.32,39,1.0,0.1155,94.66,17.93,0.0744,0
user_0168,9,54.06,127.44,3.98,4.22,0.31,40,1.0,0.1117,94.4,17.91,0.0716,0
user_0168,10,54.32,127.17,3.94,4.21,0.34,39,1.0,0.1151,94.57,18.04,0.0743,0
user_0168,11,54.18,127.67,3.92,4.15,0.33,40,1.0,0.1134,94.4,17.95,0.0728,0
user_0168,12,54.26,128.13,3.95,4.19,0.33,40,1.0,0.1098,94.56,17.81,0.0733,0
user_0168,13,53.65,127.66,4.01,4.22,0.31,40,1.0,0.1131,94.32,18.08,0.0726,0
user_0168,14,44.43,151.6,9.31,6.04,1.4,61,0.82,0.2556,85.47,24.04,0.1923,1
user_0168,15,44.51,151.8,9.36,6.04,1.41,61,0.82,0.257,85.43,24.11,0.1909,1
user_0168,16,44.26,151.7,9.26,6.07,1.41,62,0.82,0.2558,85.42,23.75,0.1935,1
user_0168,17,44.62,151.87,9.33,6.01,1.42,61,0.82,0.2575,85.43,24.0,0.1933,1
user_0168,18,44.53,151.24,9.31,6.0,1.41,61,0.81,0.2562,85.41,24.13,0.1904,1
user_0168,19,44.47,151.51,9.32,6.0,1.4,61,0.82,0.2565,85.57,23.95,0.1916,1
user_0168,20,44.7,151.76,9.42,6.01,1.42,61,0.82,0.2575,85.42,24.0,0.1916,2
user_0168,21,44.55,151.18,9.47,5.99,1.41,61,0.82,0.2574,85.52,23.94,0.1925,2
user_0168,22,44.75,151.28,9.31,5.98,1.44,61,0.82,0.258,85.45,23.92,0.1937,2
user_0168,23,44.39,151.35,9.44,5.96,1.41,61,0.81,0.2584,85.43,24.13,0.1926,2
user_0168,24,44.39,151.33,9.4,5.99,1.4,61,0.82,0.256,85.59,24.0,0.193,2
user_0168,25,44.6,151.56,9.38,6.01,1.4,61,0.82,0.2566,85.52,24.11,0.1928,2
user_0168,26,44.48,151.29,9.42,5.98,1.4,61,0.82,0.2559,85.34,24.13,0.1932,2
user_0168,27,44.39,151.41,9.48,6.01,1.41,61,0.82,0.2577,85.5,23.9,0.1928,2
user_0168,28,44.46,151.42,9.42,6.02,1.41,61,0.82,0.2554,85.38,24.02,0.1942,2
user_0168,29,44.59,151.59,9.48,5.99,1.43,61,0.82,0.2566,85.37,24.05,0.194,2
user_0168,30,44.73,151.93,9.21,6.01,1.41,61,0.82,0.2577,85.58,24.05,0.1927,2
user_0168,31,44.56,151.5,9.3,6.0,1.41,61,0.82,0.2577,85.51,24.04,0.1919,2
user_0168,32,44.17,151.5,9.38,5.98,1.41,61,0.83,0.2549,85.46,23.97,0.1911,2
user_0168,33,44.33,151.55,9.57,5.97,1.38,61,0.82,0.2567,85.49,24.08,0.1915,2
user_0168,34,44.35,151.84,9.45,5.97,1.41,61,0.82,0.2577,85.58,23.92,0.1922,2
user_0168,35,44.39,151.3,9.39,6.01,1.4,61,0.82,0.2568,85.6,23.99,0.1915,2
user_0168,36,50.16,137.23,6.12,5.0,0.77,49,0.92,0.1755,90.76,20.5,0.1225,1
user_0168,37,50.04,137.37,6.2,4.97,0.78,48,0.93,0.1736,90.72,20.41,0.1224,1
user_0168,38,50.27,137.14,6.28,4.95,0.77,49,0.92,0.1719,90.66,20.7,0.1247,1
user_0168,39,50.03,137.4,6.25,4.93,0.78,49,0.93,0.1718,90.66,20.48,0.1233,1
user_0168,40,50.08,137.44,6.14,4.98,0.77,48,0.93,0.1745,90.71,20.47,0.1222,1
user_0168,41,50.12,137.74,6.15,4.97,0.77,49,0.92,0.1714,90.68,20.53,0.1229,1
user_0168,42,50.09,137.35,6.34,4.92,0.8,49,0.92,0.1731,90.77,20.29,0.124,1
user_0168,43,50.37,137.45,6.4,4.95,0.77,48,0.92,0.1716,90.68,20.45,0.1229,1
user_0168,44,50.2,137.61,6.28,4.95,0.78,49,0.93,0.172,90.85,20.56,0.1224,1
user_0168,45,50.12,137.22,6.3,4.96,0.79,49,0.92,0.1747,90.82,20.55,0.1213,1
user_0168,46,50.29,137.52,6.22,4.95,0.79,48,0.93,0.174,90.77,20.47,0.1248,1
user_0168,47,50.04,137.87,6.27,5.01,0.77,48,0.92,0.1718,90.71,20.52,0.1218,1
user_0168,48,50.3,137.45,6.32,4.95,0.77,48,0.92,0.1764,90.74,20.47,0.1213,1
user_0168,49,50.12,136.99,6.3,4.93,0.79,49,0.92,0.1742,90.9,20.7,0.1235,1
user_0168,50,50.23,137.37,6.31,4.92,0.79,49,0.92,0.1719,90.71,20.6,0.1226,1
user_0168,51,50.27,137.46,6.38,4.97,0.77,48,0.93,0.1739,90.82,20.63,0.1222,1
user_0168,52,50.27,137.45,6.26,5.0,0.78,48,0.92,0.1748,90.75,20.49,0.1227,1
user_0168,53,50.13,137.67,6.21,4.97,0.78,49,0.92,0.1749,90.86,20.33,0.1228,1
user_0168,54,50.0,137.42,6.26,4.96,0.78,48,0.93,0.1714,90.71,20.49,0.1217,1
user_0168,55,49.88,137.51,6.19,4.92,0.79,48,0.92,0.175,90.64,20.46,0.1213,1
user_0168,56,50.23,137.39,6.26,4.95,0.76,48,0.93,0.1739,90.6,20.53,0.1237,1
user_0168,57,50.16,137.46,6.23,4.98,0.77,49,0.93,0.1745,90.68,20.45,0.1227,1
user_0168,58,50.35,136.93,6.19,4.93,0.79,48,0.93,0.1729,90.72,20.46,0.1219,1
user_0168,59,50.03,137.53,6.17,4.98,0.79,49,0.92,0.1729,90.7,20.4,0.1228,1
user_0169,0,51.86,131.0,3.92,4.54,0.14,39,1.0,0.1253,96.22,17.94,0.1278,0
user_0169,1,51.73,130.77,4.14,4.6,0.14,40,1.0,0.1209,96.27,17.97,0.129,0
user_0169,2,51.93,130.91,4.16,4.61,0.13,40,1.01,0.1243,96.12,17.98,0.1277,0
user_0169,3,51.8,130.98,3.98,4.53,0.15,40,1.0,0.1239,95.96,17.85,0.1272,0
user_0169,4,51.8,131.04,3.93,4.57,0.14,39,1.0,0.1229,96.26,17.94,0.1279,0
user_0169,5,51.62,130.43,4.03,4.55,0.14,39,1.01,0.1243,95.9,18.01,0.1307,0
user_0169,6,51.75,130.81,4.05,4.56,0.14,40,0.99,0.1256,96.16,17.92,0.1289,0
user_0169,7,51.9,130.93,4.11,4.62,0.13,40,1.0,0.1257,96.1,18.1,0.1285,0
user_0169,8,52.13,130.95,3.93,4.6,0.13,39,1.0,0.125,95.99,18.08,0.1277,0
user_0169,9,51.9,130.95,4.03,4.55,0.12,40,1.01,0.1233,96.24,18.05,0.1277,0
user_0169,10,51.73,131.06,4.12,4.59,0.14,40,1.0,0.1234,96.09,18.02,0.1282,0
user_0169,11,51.81,130.9,3.92,4.56,0.14,40,1.0,0.123,96.16,18.01,0.1289,0
user_0169,12,51.79,131.21,4.06,4.55,0.14,40,1.0,0.1253,96.1,17.94,0.1286,0
user_0169,13,51.56,131.16,4.03,4.59,0.13,40,1.01,0.1241,96.11,18.06,0.1286,0
user_0169,14,51.28,131.02,4.08,4.57,0.12,39,1.0,0.127,96.07,17.95,0.1292,0
user_0169,15,51.73,130.6,3.94,4.6,0.13,40,1.01,0.1265,96.0,17.88,0.126,0
user_0169,16,51.72,130.42,4.03,4.62,0.14,39,1.01,0.1235,96.02,17.99,0.1273,0
user_0169,17,51.77,131.21,4.0,4.55,0.14,40,1.0,0.1241,96.17,17.97,0.1285,0
user_0169,18,51.81,130.54,3.91,4.58,0.14,40,0.99,0.1221,96.04,18.06,0.1272,0
user_0169,19,51.83,131.15,4.06,4.64,0.13,39,1.0,0.1258,96.16,17.84,0.1296,0
user_0169,20,51.54,130.85,4.04,4.57,0.14,39,1.0,0.1224,96.21,17.99,0.1278,0
user_0169,21,51.85,130.61,3.99,4.55,0.13,39,1.0,0.1236,96.02,18.07,0.1279,0
user_0169,22,51.66,131.04,4.0,4.58,0.15,39,1.0,0.121,96.02,18.01,0.128,0
user_0169,23,51.66,130.55,3.96,4.57,0.14,40,0.99,0.1248,95.99,18.07,0.1292,0
user_0169,24,51.87,131.07,3.83,4.57,0.14,40,1.0,0.1252,96.06,17.96,0.1297,0
user_0169,25,51.85,130.89,4.02,4.59,0.14,40,0.99,0.1225,96.17,17.93,0.1279,0
user_0169,26,51.84,130.94,4.01,4.57,0.15,40,1.0,0.128,95.99,18.05,0.1283,0
user_0169,27,51.83,131.01,4.21,4.59,0.14,39,1.0,0.1251,96.02,18.07,0.128,0
user_0169,28,51.68,130.52,4.1,4.57,0.13,40,1.0,0.1268,96.09,18.12,0.1291,0
user_0169,29,51.89,130.82,3.92,4.6,0.12,39,1.0,0.1239,95.93,17.98,0.128,0
user_0169,30,51.72,130.98,3.82,4.6,0.15,39,1.0,0.1239,96.1,18.08,0.127,0
user_0169,31,51.7,130.72,4.1,4.58,0.13,40,1.0,0.1234,95.89,18.13,0.1286,0
user_0169,32,51.71,131.51,4.04,4.56,0.15,39,1.0,0.1243,96.09,17.96,0.13,0
user_0169,33,51.74,130.84,3.92,4.58,0.12,39,1.0,0.1246,96.08,17.99,0.1274,0
user_0169,34,51.31,130.95,3.86,4.55,0.14,40,1.0,0.1234,96.02,18.01,0.1282,0
user_0169,35,51.78,130.68,3.96,4.59,0.14,40,1.0,0.1274,96.19,17.96,0.1301,0
user_0169,36,51.9,131.36,4.05,4.56,0.14,39,1.0,0.1221,96.09,18.04,0.1293,0
user_0169,37,51.92,130.84,3.96,4.56,0.13,39,1.0,0.1215,95.9,17.86,0.128,0
user_0169,38,51.86,131.03,3.93,4.6,0.15,40,1.0,0.1243,96.15,18.0,0.1283,0
user_0169,39,51.83,130.89,3.96,4.59,0.14,39,1.0,0.123,96.05,18.13,0.1287,0
user_0169,40,51.75,131.45,3.87,4.57,0.14,39,0.99,0.1259,96.21,17.94,0.1304,0
user_0169,41,51.41,130.97,3.92,4.58,0.14,39,0.99,0.1245,96.05,18.02,0.1267,0
user_0169,42,51.98,130.76,4.03,4.59,0.14,39,0.99,0.1269,96.17,18.17,0.1282,0
user_0169,43,51.9,130.7,4.03,4.58,0.14,39,1.01,0.1229,96.01,18.0,0.1289,0
user_0169,44,51.86,131.26,4.13,4.6,0.14,39,0.99,0.1221,95.95,18.06,0.1268,0
user_0169,45,51.98,130.94,3.91,4.62,0.15,40,1.0,0.1252,95.87,17.93,0.1276,0
user_0169,46,51.51,130.9,4.02,4.56,0.13,39,0.99,0.1252,96.15,18.08,0.1281,0
user_0169,47,51.63,130.85,4.06,4.59,0.12,40,1.0,0.1238,96.05,17.92,0.1291,0
user_0169,48,51.81,131.2,3.9,4.58,0.15,39,1.01,0.1245,96.16,17.95,0.1295,0
user_0169,49,51.86,130.7,4.06,4.61,0.15,39,1.0,0.1277,96.09,17.8,0.1288,0
user_0169,50,51.92,131.28,3.95,4.55,0.15,39,1.0,0.123,96.08,17.94,0.1265,0
user_0169,51,51.67,130.76,3.87,4.57,0.12,39,1.0,0.1252,95.9,18.09,0.1299,0
user_0169,52,51.85,131.34,4.03,4.58,0.13,40,0.99,0.1253,96.21,18.05,0.1263,0
user_0169,53,51.73,131.16,3.97,4.6,0.12,39,1.0,0.1211,96.17,17.92,0.1285,0
user_0169,54,51.96,130.95,3.94,4.56,0.14,39,1.0,0.1244,96.01,17.8,0.1284,0
user_0169,55,51.86,130.7,4.02,4.57,0.12,39,0.99,0.1246,96.12,18.28,0.1295,0
user_0169,56,51.96,130.5,4.02,4.59,0.13,39,1.0,0.1216,96.02,18.05,0.1285,0
user_0169,57,51.82,130.88,3.94,4.57,0.11,39,1.0,0.1242,96.17,17.96,0.1302,0
user_0169,58,51.75,131.26,4.07,4.59,0.15,40,1.0,0.1241,96.1,18.16,0.1287,0
user_0169,59,52.01,131.03,3.95,4.54,0.14,39,1.0,0.1246,96.01,17.91,0.1277,0
user_0170,0,51.34,105.24,4.04,1.94,0.08,40,1.0,0.1004,97.93,17.81,0.1277,0
user_0170,1,51.58,105.61,3.96,1.96,0.08,40,0.99,0.1028,98.0,18.0,0.1271,0
user_0170,2,51.53,105.46,4.14,1.96,0.09,39,1.0,0.1042,97.96,18.06,0.1273,0
user_0170,3,51.5,105.17,3.96,1.96,0.08,40,1.0,0.1022,97.98,17.92,0.1269,0
user_0170,4,51.2,105.69,3.96,1.93,0.07,40,1.0,0.1036,97.99,18.07,0.1278,0
user_0170,5,51.42,105.15,4.0,1.93,0.07,40,1.0,0.1032,98.06,18.02,0.1252,0
user_0170,6,51.29,105.72,3.99,1.95,0.08,40,1.0,0.1043,98.0,18.01,0.1271,0
user_0170,7,51.46,105.32,3.98,1.98,0.08,39,1.01,0.1012,98.04,18.12,0.1287,0
user_0170,8,51.42,105.54,4.07,1.95,0.06,40,1.0,0.1026,97.94,18.0,0.1273,0
user_0170,9,51.59,105.32,4.04,1.94,0.05,39,1.01,0.1016,98.05,18.21,0.128,0
user_0170,10,51.35,105.53,4.1,1.95,0.08,39,1.0,0.1038,97.93,17.9,0.1272,0
user_0170,11,51.13,105.49,3.89,1.94,0.09,39,0.99,0.1027,98.12,18.04,0.128,0
user_0170,12,51.3,105.41,4.02,1.97,0.07,40,1.0,0.1013,98.02,18.02,0.127,0
user_0170,13,51.18,105.41,3.92,1.96,0.08,40,0.99,0.1029,97.94,17.85,0.1289,0
user_0170,14,41.78,129.24,9.41,3.76,1.15,61,0.82,0.2445,88.82,23.9,0.2463,1
user_0170,15,41.79,129.81,9.43,3.74,1.15,61,0.82,0.2466,89.23,23.94,0.2477,1
user_0170,16,41.75,129.21,9.38,3.73,1.17,61,0.81,0.2481,89.15,24.13,0.2475,1
user_0170,17,41.71,129.57,9.41,3.77,1.14,61,0.82,0.2482,89.0,24.06,0.2484,1
user_0170,18,41.77,129.67,9.45,3.74,1.14,62,0.82,0.2485,89.16,23.91,0.2458,1
user_0170,19,41.75,129.45,9.33,3.69,1.16,61,0.83,0.2477,89.07,24.0,0.2459,1
user_0170,20,41.91,129.77,9.42,3.7,1.16,60,0.81,0.2474,88.99,24.1,0.2466,2
user_0170,21,41.62,129.23,9.3,3.78,1.16,61,0.81,0.2458,88.89,24.01,0.2478,2
user_0170,22,41.59,129.15,9.38,3.73,1.15,61,0.82,0.2467,89.04,24.02,0.2464,2
user_0170,23,41.74,129.4,9.34,3.77,1.15,61,0.82,0.2465,88.86,23.94,0.2457,2
user_0170,24,41.83,129.13,9.47,3.77,1.15,61,0.82,0.2455,89.03,23.95,0.247,2
user_0170,25,41.67,129.81,9.45,3.74,1.16,61,0.81,0.2474,89.15,24.07,0.2475,2
user_0170,26,41.91,129.59,9.39,3.76,1.15,61,0.82,0.2462,89.11,24.21,0.2458,2
user_0170,27,41.54,129.91,9.57,3.74,1.15,61,0.83,0.2473,89.05,23.85,0.2465,2
user_0170,28,41.61,129.48,9.48,3.77,1.15,61,0.82,0.2458,89.13,24.01,0.2481,2
user_0170,29,41.87,129.76,9.46,3.74,1.15,61,0.82,0.2464,89.11,24.15,0.2463,2
user_0170,30,41.81,129.69,9.35,3.74,1.16,61,0.83,0.2466,89.14,24.2,0.2473,2
user_0170,31,41.74,129.2,9.44,3.74,1.14,61,0.83,0.2453,89.17,24.17,0.2486,2
user_0170,32,41.61,129.71,9.47,3.74,1.16,61,0.82,0.2481,88.91,24.09,0.2469,2
user_0170,33,41.74,129.58,9.39,3.71,1.16,61,0.83,0.2456,89.22,24.09,0.2472,2
user_0170,34,41.63,129.56,9.4,3.75,1.15,61,0.83,0.246,89.22,24.19,0.247,2
user_0170,35,41.73,129.12,9.33,3.77,1.15,61,0.82,0.2469,89.29,23.93,0.2467,2
user_0170,36,47.37,115.74,6.23,2.72,0.52,49,0.93,0.1646,94.36,20.51,0.1783,1
user_0170,37,47.07,115.06,6.37,2.73,0.51,49,0.93,0.1663,94.24,20.37,0.1779,1
user_0170,38,47.34,115.2,6.19,2.71,0.52,48,0.93,0.1633,94.3,20.59,0.1786,1
user_0170,39,47.34,114.68,6.24,2.74,0.54,49,0.92,0.1619,94.33,20.31,0.1782,1
user_0170,40,47.38,115.21,6.2,2.67,0.52,48,0.92,0.1634,94.27,20.39,0.177,1
user_0170,41,47.22,115.32,6.23,2.72,0.52,49,0.93,0.1634,94.22,20.35,0.176,1
user_0170,42,47.42,115.68,6.39,2.74,0.51,49,0.93,0.1607,94.23,20.37,0.1779,1
user_0170,43,47.45,115.28,6.25,2.73,0.55,49,0.93,0.1655,94.34,20.45,0.1756,1
user_0170,44,47.44,115.25,6.21,2.7,0.53,48,0.92,0.1627,94.31,20.51,0.1767,1
user_0170,45,47.19,115.53,6.2,2.7,0.5,49,0.92,0.1594,94.47,20.55,0.1758,1
user_0170,46,47.22,115.1,6.2,2.7,0.52,48,0.92,0.1634,94.3,20.68,0.1755,1
user_0170,47,47.29,115.82,6.44,2.68,0.53,49,0.92,0.162,94.38,20.37,0.1782,1
user_0170,48,47.29,115.44,6.31,2.74,0.56,48,0.93,0.162,94.34,20.73,0.1761,1
user_0170,49,47.19,115.5,6.18,2.65,0.53,48,0.93,0.1608,94.26,20.46,0.177,1
user_0170,50,47.2,115.71,6.25,2.68,0.53,48,0.93,0.1635,94.21,20.53,0.1755,1
user_0170,51,47.04,115.64,6.25,2.73,0.5,49,0.92,0.1621,94.47,20.48,0.1765,1
user_0170,52,47.25,115.24,6.25,2.75,0.51,49,0.92,0.1612,94.33,20.51,0.1766,1
user_0170,53,47.37,115.53,6.29,2.71,0.51,48,0.92,0.1618,94.3,20.41,0.1765,1
user_0170,54,47.4,115.17,6.27,2.67,0.52,48,0.92,0.164,94.47,20.19,0.178,1
user_0170,55,47.47,115.51,6.25,2.69,0.53,49,0.92,0.1616,94.41,20.56,0.177,1
user_0170,56,47.48,115.37,6.3,2.74,0.53,48,0.92,0.1619,94.35,20.55,0.177,1
user_0170,57,47.34,115.73,6.21,2.65,0.55,49,0.93,0.1652,94.36,20.45,0.1787,1
user_0170,58,47.08,115.25,6.27,2.73,0.52,49,0.92,0.162,94.29,20.26,0.1766,1
user_0170,59,47.13,115.64,6.34,2.66,0.52,49,0.92,0.1654,94.58,20.61,0.1765,1
user_0171,0,53.55,111.65,3.88,5.11,0.23,39,1.01,0.0937,94.45,17.93,0.0816,0
user_0171,1,53.38,112.16,4.03,5.17,0.23,40,0.99,0.0926,94.46,17.99,0.0816,0
user_0171,2,53.37,111.96,3.94,5.14,0.22,40,1.0,0.0967,94.32,17.94,0.0805,0
user_0171,3,53.58,111.89,3.99,5.12,0.23,39,1.0,0.0945,94.33,17.95,0.0787,0
user_0171,4,53.64,111.91,4.0,5.11,0.22,39,1.0,0.0944,94.4,18.05,0.0816,0
user_0171,5,53.62,112.06,3.99,5.14,0.22,39,1.01,0.0962,94.44,18.02,0.0815,0
user_0171,6,53.49,111.93,4.08,5.13,0.24,40,0.99,0.0955,94.33,17.9,0.0801,0
user_0171,7,53.21,112.09,4.03,5.13,0.21,40,1.01,0.0951,94.33,17.89,0.08,0
user_0171,8,53.7,111.79,3.88,5.13,0.22,39,1.0,0.0943,94.41,18.01,0.0823,0
user_0171,9,53.51,112.03,3.93,5.09,0.25,40,0.99,0.0965,94.4,17.97,0.0801,0
user_0171,10,53.48,112.23,4.08,5.18,0.22,40,1.0,0.0958,94.62,18.23,0.0805,0
user_0171,11,53.14,111.21,4.03,5.12,0.23,39,1.01,0.0929,94.34,17.95,0.0813,0
user_0171,12,53.37,111.8,4.09,5.15,0.23,39,1.0,0.0961,94.38,17.92,0.0803,0
user_0171,13,53.48,112.24,3.93,5.14,0.24,40,1.0,0.094,94.37,17.86,0.0801,0
user_0171,14,53.32,111.65,4.05,5.08,0.21,40,1.0,0.0932,94.44,17.98,0.0811,0
user_0171,15,53.47,111.84,3.94,5.12,0.23,40,1.0,0.0943,94.43,17.85,0.0812,0
user_0171,16,53.56,111.13,4.08,5.17,0.23,39,1.0,0.0936,94.4,18.04,0.0815,0
user_0171,17,53.48,111.84,4.11,5.1,0.21,39,1.0,0.0936,94.45,17.95,0.0815,0
user_0171,18,53.2,111.71,4.08,5.11,0.22,40,1.01,0.0931,94.37,18.01,0.0812,0
user_0171,19,53.23,111.58,4.03,5.15,0.22,39,1.0,0.095,94.41,18.24,0.0799,0
user_0171,20,53.31,111.79,4.0,5.11,0.22,39,1.0,0.0926,94.44,17.94,0.0816,0
user_0171,21,53.53,112.37,3.99,5.13,0.22,39,1.0,0.0928,94.45,18.02,0.0807,0
user_0171,22,53.46,111.85,4.02,5.15,0.24,39,1.0,0.0934,94.63,18.08,0.0799,0
user_0171,23,53.67,111.5,3.94,5.11,0.22,40,1.0,0.0941,94.38,18.07,0.0804,0
user_0171,24,53.48,112.0,4.04,5.06,0.23,39,1.0,0.0945,94.46,17.81,0.0797,0
user_0171,25,53.38,111.8,4.02,5.1,0.23,39,1.01,0.0932,94.48,17.98,0.0801,0
user_0171,26,53.67,111.79,4.03,5.12,0.22,40,1.0,0.0937,94.32,17.66,0.0805,0
user_0171,27,53.65,112.29,4.0,5.17,0.24,40,0.99,0.0944,94.29,17.89,0.0811,0
user_0171,28,53.53,111.35,3.97,5.1,0.23,39,1.0,0.0966,94.4,18.08,0.0821,0
user_0171,29,53.46,111.56,3.91,5.12,0.24,39,1.0,0.0952,94.45,17.99,0.0808,0
user_0171,30,53.44,111.63,3.84,5.18,0.22,39,1.01,0.0941,94.42,18.05,0.0801,0
user_0171,31,53.54,111.84,4.07,5.15,0.23,39,1.0,0.0964,94.37,17.84,0.0806,0
user_0171,32,53.27,111.91,3.97,5.13,0.2,40,1.0,0.0931,94.41,18.08,0.0802,0
user_0171,33,53.43,111.41,3.84,5.09,0.22,40,1.0,0.0917,94.41,18.04,0.08,0
user_0171,34,53.44,112.18,3.97,5.11,0.22,40,1.0,0.0948,94.3,17.94,0.0827,0
user_0171,35,53.32,112.27,3.92,5.17,0.22,40,1.0,0.0952,94.43,18.0,0.0794,0
user_0171,36,53.31,111.58,4.0,5.1,0.21,39,1.0,0.0986,94.43,18.01,0.0811,0
user_0171,37,53.13,112.11,4.05,5.14,0.23,40,1.0,0.0949,94.16,18.19,0.0791,0
user_0171,38,53.61,112.12,4.01,5.07,0.23,40,1.0,0.0943,94.37,18.03,0.078,0
user_0171,39,53.53,111.66,4.03,5.17,0.22,39,1.0,0.0974,94.42,18.11,0.0814,0
user_0171,40,53.62,111.74,4.11,5.14,0.21,39,1.0,0.095,94.39,18.03,0.081,0
user_0171,41,53.36,112.0,4.06,5.17,0.25,39,1.0,0.0943,94.27,18.02,0.0842,0
user_0171,42,53.31,111.75,3.87,5.15,0.23,39,0.99,0.094,94.46,18.04,0.0799,0
user_0171,43,53.35,112.14,3.86,5.1,0.23,40,1.0,0.0961,94.46,17.81,0.0816,0
user_0171,44,53.5,111.91,4.07,5.16,0.22,39,1.0,0.0931,94.37,18.06,0.0801,0
user_0171,45,53.32,111.04,4.03,5.15,0.22,39,1.0,0.0923,94.5,17.92,0.0816,0
user_0171,46,53.43,111.46,3.93,5.07,0.23,39,1.0,0.0968,94.48,17.96,0.0807,0
user_0171,47,53.32,112.06,4.16,5.1,0.23,39,1.0,0.0957,94.44,17.85,0.0785,0
user_0171,48,53.5,111.55,3.98,5.11,0.24,40,1.0,0.0953,94.43,18.09,0.0788,0
user_0171,49,53.31,112.12,3.9,5.09,0.22,39,1.0,0.0967,94.19,18.01,0.0806,0
user_0171,50,53.25,111.27,3.93,5.08,0.23,39,1.0,0.0958,94.58,17.97,0.0813,0
user_0171,51,53.58,111.57,3.88,5.12,0.23,39,0.99,0.0969,94.46,17.97,0.0798,0
user_0171,52,53.22,111.67,4.13,5.12,0.23,40,1.01,0.0951,94.57,18.05,0.0827,0
user_0171,53,53.45,112.08,4.04,5.11,0.23,39,1.0,0.096,94.43,18.0,0.0811,0
user_0171,54,53.43,112.16,4.17,5.16,0.22,40,1.0,0.0966,94.39,18.08,0.0811,0
user_0171,55,53.06,111.9,4.02,5.14,0.22,39,1.0,0.095,94.35,17.95,0.082,0
user_0171,56,53.33,111.76,3.83,5.15,0.23,40,1.0,0.0925,94.31,18.09,0.0819,0
user_0171,57,53.46,111.92,4.12,5.14,0.23,39,1.0,0.093,94.27,17.98,0.0823,0
user_0171,58,53.26,112.18,4.05,5.1,0.23,39,1.0,0.0966,94.38,17.98,0.0808,0
user_0171,59,53.64,111.84,4.06,5.15,0.21,40,1.01,0.0958,94.35,17.92,0.0807,0
user_0172,0,45.9,119.31,3.96,2.98,0.35,40,1.0,0.0931,94.66,18.16,0.1062,0
user_0172,1,46.06,119.18,4.05,2.98,0.35,40,1.0,0.0896,94.75,17.99,0.1066,0
user_0172,2,45.93,118.7,4.05,3.04,0.35,39,1.0,0.093,94.87,18.0,0.1041,0
user_0172,3,45.9,119.27,3.93,3.03,0.33,39,1.01,0.0912,94.71,17.96,0.1063,0
user_0172,4,45.88,118.76,4.06,3.04,0.33,40,1.01,0.0901,94.69,18.05,0.1052,0
user_0172,5,45.95,119.15,4.04,3.0,0.35,40,1.0,0.0954,94.97,18.06,0.1062,0
user_0172,6,45.95,118.85,4.02,3.02,0.33,39,1.0,0.0947,94.88,18.0,0.1058,0
user_0172,7,45.87,119.42,4.09,3.01,0.34,40,1.0,0.0938,94.67,18.07,0.105,0
user_0172,8,46.05,119.47,4.05,3.03,0.35,39,1.0,0.0895,94.79,17.93,0.105,0
user_0172,9,45.82,119.38,4.03,2.99,0.32,40,0.99,0.0915,94.68,18.03,0.1038,0
user_0172,10,46.04,119.19,4.05,2.98,0.35,39,0.99,0.089,94.96,18.05,0.1066,0
user_0172,11,45.9,119.35,4.08,3.0,0.35,39,1.01,0.0945,94.71,17.91,0.1076,0
user_0172,12,45.98,119.28,3.9,2.99,0.35,39,1.0,0.0922,94.78,18.13,0.1049,0
user_0172,13,45.91,119.26,4.02,3.04,0.33,40,1.0,0.0934,94.82,17.92,0.1066,0
user_0172,14,36.27,143.55,9.33,4.84,1.43,61,0.82,0.2355,85.81,24.03,0.2262,1
user_0172,15,36.34,143.06,9.4,4.79,1.44,61,0.83,0.235,85.68,23.98,0.227,1
user_0172,16,36.49,143.33,9.42,4.82,1.42,61,0.81,0.234,85.78,23.84,0.2248,1
user_0172,17,36.38,143.42,9.4,4.79,1.42,61,0.81,0.2358,85.76,23.9,0.2271,1
user_0172,18,36.36,142.93,9.42,4.79,1.43,61,0.81,0.2361,85.71,23.79,0.2273,1
user_0172,19,36.3,143.35,9.35,4.8,1.42,61,0.82,0.2403,85.71,23.98,0.2272,1
user_0172,20,36.3,142.77,9.39,4.74,1.41,61,0.82,0.2367,85.75,24.11,0.2262,2
user_0172,21,36.27,142.99,9.34,4.81,1.42,61,0.82,0.2373,85.71,24.0,0.226,2
user_0172,22,36.22,142.76,9.41,4.78,1.4,61,0.82,0.2351,85.83,23.99,0.2252,2
user_0172,23,36.45,143.53,9.47,4.79,1.42,61,0.82,0.235,85.77,24.02,0.2262,2
user_0172,24,36.38,143.0,9.38,4.84,1.42,61,0.82,0.2351,85.92,24.0,0.2252,2
user_0172,25,36.32,143.78,9.16,4.83,1.41,62,0.82,0.2362,85.85,23.99,0.2262,2
user_0172,26,36.32,143.1,9.39,4.77,1.41,61,0.82,0.2365,85.81,23.92,0.2247,2
user_0172,27,36.49,143.48,9.43,4.79,1.41,62,0.83,0.2377,85.9,24.21,0.2261,2
user_0172,28,36.32,143.19,9.43,4.79,1.41,61,0.83,0.2359,85.84,24.09,0.225,2
user_0172,29,36.51,143.21,9.31,4.78,1.41,62,0.82,0.2366,85.71,24.14,0.2254,2
user_0172,30,36.15,142.99,9.51,4.76,1.43,61,0.82,0.2362,85.7,24.04,0.2247,2
user_0172,31,36.48,143.58,9.39,4.83,1.41,61,0.82,0.2368,85.69,24.01,0.2256,2
user_0172,32,36.38,143.73,9.38,4.79,1.41,61,0.83,0.2379,85.86,24.01,0.2254,2
user_0172,33,36.49,142.97,9.44,4.82,1.42,61,0.82,0.2376,85.78,23.84,0.2252,2
user_0172,34,36.32,143.18,9.46,4.79,1.41,61,0.81,0.2356,85.86,23.94,0.2243,2
user_0172,35,36.3,142.91,9.41,4.8,1.4,61,0.83,0.2378,85.92,24.07,0.2245,2
user_0172,36,41.91,129.23,6.22,3.76,0.81,49,0.92,0.1532,91.0,20.54,0.1568,1
user_0172,37,41.98,129.48,6.15,3.76,0.77,49,0.92,0.1505,90.96,20.58,0.1548,1
user_0172,38,41.78,129.58,6.18,3.75,0.78,49,0.93,0.1536,91.12,20.51,0.1546,1
user_0172,39,42.03,129.08,6.21,3.78,0.79,49,0.94,0.1522,90.93,20.53,0.1546,1
user_0172,40,42.21,129.59,6.23,3.77,0.8,48,0.93,0.1529,91.05,20.48,0.1543,1
user_0172,41,41.86,128.82,6.27,3.75,0.8,49,0.93,0.1508,90.95,20.41,0.1556,1
user_0172,42,42.07,128.99,6.23,3.76,0.81,49,0.93,0.1518,91.06,20.5,0.1551,1
user_0172,43,42.04,129.33,6.25,3.74,0.77,48,0.92,0.1513,90.75,20.49,0.1548,1
user_0172,44,41.76,129.4,6.16,3.79,0.78,49,0.93,0.1519,91.08,20.49,0.1568,1
user_0172,45,42.01,128.93,6.09,3.75,0.8,48,0.92,0.15,90.9,20.39,0.1568,1
user_0172,46,41.56,129.04,6.13,3.71,0.8,49,0.93,0.1521,91.04,20.5,0.1557,1
user_0172,47,41.92,129.34,6.22,3.76,0.8,49,0.93,0.1496,91.14,20.54,0.155,1
user_0172,48,41.86,129.4,6.2,3.79,0.78,48,0.93,0.1532,91.37,20.34,0.1553,1
user_0172,49,41.8,129.22,6.24,3.79,0.78,49,0.93,0.1517,91.13,20.51,0.1564,1
user_0172,50,41.89,128.89,6.25,3.8,0.79,49,0.93,0.1496,91.05,20.35,0.1549,1
user_0172,51,41.92,129.58,6.21,3.76,0.78,49,0.93,0.1543,91.11,20.56,0.1558,1
user_0172,52,42.25,129.33,6.24,3.78,0.8,48,0.93,0.1506,91.12,20.39,0.1558,1
user_0172,53,42.06,129.26,6.19,3.7,0.78,49,0.93,0.1541,91.05,20.55,0.1551,1
user_0172,54,41.78,128.89,6.28,3.76,0.78,49,0.92,0.1554,90.96,20.48,0.1554,1
user_0172,55,42.0,129.24,6.16,3.7,0.79,48,0.92,0.1529,91.09,20.37,0.1551,1
user_0172,56,42.1,129.2,6.34,3.69,0.78,48,0.92,0.151,91.22,20.51,0.1539,1
user_0172,57,41.92,129.11,6.3,3.75,0.78,49,0.93,0.1521,91.09,20.4,0.155,1
user_0172,58,42.13,129.01,6.17,3.72,0.78,49,0.92,0.1542,91.1,20.38,0.1545,1
user_0172,59,41.78,129.67,6.31,3.71,0.78,49,0.92,0.1545,91.06,20.59,0.157,1
user_0173,0,56.69,135.56,4.07,4.18,0.35,39,1.01,0.1047,93.78,18.04,0.0978,0
user_0173,1,56.48,135.38,3.98,4.19,0.34,40,1.0,0.1021,93.89,17.85,0.0973,0
user_0173,2,56.24,135.41,4.05,4.13,0.34,40,0.99,0.1034,94.09,18.12,0.0968,0
user_0173,3,56.25,135.77,3.97,4.22,0.34,39,0.99,0.1018,93.82,17.99,0.0977,0
user_0173,4,56.19,135.27,3.92,4.17,0.34,39,1.0,0.1026,93.81,17.96,0.0969,0
user_0173,5,56.61,135.71,3.91,4.22,0.35,39,0.99,0.1025,93.77,18.07,0.0979,0
user_0173,6,56.41,135.53,4.02,4.17,0.33,39,1.0,0.1042,93.79,17.98,0.0972,0
user_0173,7,56.37,135.14,3.99,4.17,0.33,40,1.0,0.104,93.78,17.9,0.0985,0
user_0173,8,56.57,135.77,3.93,4.2,0.35,40,0.99,0.1067,93.71,18.15,0.0967,0
user_0173,9,56.48,135.33,4.08,4.16,0.33,40,0.99,0.1023,94.04,18.04,0.0978,0
user_0173,10,56.3,135.28,3.99,4.17,0.33,39,1.0,0.1024,93.94,18.12,0.0977,0
user_0173,11,56.58,135.86,4.07,4.16,0.35,40,1.01,0.106,93.99,18.02,0.0975,0
user_0173,12,56.41,135.42,3.93,4.2,0.33,40,1.0,0.102,93.83,18.22,0.0965,0
user_0173,13,56.28,135.39,4.02,4.17,0.32,40,0.99,0.1021,93.87,18.08,0.0965,0
user_0173,14,46.67,159.65,9.36,5.95,1.43,61,0.82,0.2478,84.89,24.14,0.2164,1
user_0173,15,46.85,159.66,9.41,5.94,1.41,62,0.82,0.2457,84.73,23.89,0.2163,1
user_0173,16,46.87,159.15,9.52,5.99,1.43,61,0.82,0.2467,84.85,24.03,0.2174,1
user_0173,17,46.59,158.99,9.38,6.02,1.41,60,0.82,0.2471,84.81,23.79,0.2176,1
user_0173,18,46.89,159.55,9.32,5.92,1.44,61,0.82,0.2472,84.89,23.98,0.2176,1
user_0173,19,46.89,159.75,9.48,5.99,1.42,61,0.82,0.2487,84.71,24.04,0.217,1
user_0173,20,46.77,159.69,9.42,6.0,1.42,61,0.82,0.2469,84.81,24.16,0.2167,2
user_0173,21,46.47,159.56,9.31,5.98,1.41,61,0.82,0.2479,85.01,24.17,0.2174,2
user_0173,22,46.75,159.71,9.33,5.96,1.41,61,0.82,0.2491,84.96,23.95,0.2148,2
user_0173,23,46.75,159.83,9.43,5.98,1.41,61,0.81,0.2471,84.7,23.84,0.2174,2
user_0173,24,46.76,159.3,9.47,5.97,1.42,61,0.82,0.2453,84.84,23.92,0.2172,2
user_0173,25,46.83,159.47,9.46,6.02,1.4,61,0.82,0.2463,84.94,23.9,0.2165,2
user_0173,26,46.99,159.94,9.49,5.96,1.43,61,0.81,0.2445,84.96,23.81,0.2165,2
user_0173,27,46.52,159.62,9.55,6.0,1.43,61,0.81,0.2473,84.93,24.05,0.2182,2
user_0173,28,46.66,159.66,9.38,6.0,1.42,61,0.82,0.248,84.9,24.13,0.2155,2
user_0173,29,46.91,159.72,9.42,5.97,1.44,61,0.83,0.2504,84.83,23.99,0.2156,2
user_0173,30,46.61,159.77,9.39,5.97,1.44,61,0.81,0.2461,84.91,24.03,0.2165,2
user_0173,31,46.66,159.43,9.52,6.01,1.42,61,0.82,0.2467,84.97,23.83,0.2175,2
user_0173,32,46.94,159.4,9.37,5.92,1.41,62,0.81,0.2463,85.04,23.98,0.2165,2
user_0173,33,46.8,159.46,9.35,5.98,1.41,61,0.83,0.2487,84.93,23.97,0.2156,2
user_0173,34,46.96,159.53,9.33,5.94,1.42,61,0.82,0.2487,84.93,23.9,0.2155,2
user_0173,35,46.75,159.48,9.43,6.0,1.43,61,0.82,0.2465,84.78,24.09,0.2171,2
user_0173,36,52.5,145.58,6.3,4.91,0.78,49,0.92,0.1623,90.17,20.46,0.148,1
user_0173,37,52.28,145.25,6.23,4.86,0.79,48,0.93,0.1638,90.2,20.58,0.1479,1
user_0173,38,52.47,145.81,6.32,4.9,0.8,49,0.93,0.1659,90.19,20.48,0.1454,1
user_0173,39,52.33,145.74,6.18,4.96,0.81,49,0.92,0.163,90.32,20.62,0.1457,1
user_0173,40,52.37,146.06,6.31,4.91,0.79,48,0.92,0.1668,90.27,20.54,0.1475,1
user_0173,41,52.58,145.52,6.31,4.98,0.79,49,0.92,0.1628,90.05,20.52,0.1457,1
user_0173,42,52.27,145.49,6.29,4.91,0.79,48,0.93,0.1649,90.11,20.37,0.1474,1
user_0173,43,52.66,145.54,6.26,4.91,0.78,48,0.93,0.1624,90.11,20.52,0.1451,1
user_0173,44,52.49,145.29,6.16,4.9,0.8,49,0.92,0.1659,90.31,20.51,0.1493,1
user_0173,45,52.57,145.58,6.29,4.91,0.79,48,0.92,0.1638,89.95,20.52,0.1468,1
user_0173,46,52.49,145.5,6.27,4.92,0.78,49,0.93,0.1649,90.29,20.72,0.1475,1
user_0173,47,52.44,145.68,6.19,4.92,0.79,49,0.93,0.1631,90.07,20.65,0.1466,1
user_0173,48,52.19,145.67,6.23,4.93,0.79,48,0.92,0.1643,90.16,20.5,0.1476,1
user_0173,49,52.5,145.29,6.2,4.89,0.79,48,0.92,0.1635,90.05,20.55,0.1471,1
user_0173,50,52.33,145.65,6.29,4.93,0.79,48,0.93,0.1611,90.14,20.63,0.148,1
user_0173,51,52.42,145.75,6.42,4.93,0.78,49,0.93,0.1608,90.17,20.55,0.1462,1
user_0173,52,52.68,145.46,6.21,4.95,0.79,49,0.93,0.1629,90.1,20.39,0.1491,1
user_0173,53,52.17,145.6,6.15,4.93,0.79,49,0.93,0.1641,90.15,20.57,0.1467,1
user_0173,54,52.35,145.29,6.32,4.94,0.8,49,0.93,0.163,90.18,20.49,0.1465,1
user_0173,55,52.33,145.72,6.19,4.89,0.77,49,0.92,0.1637,90.13,20.54,0.1481,1
user_0173,56,52.49,145.26,6.18,4.94,0.78,49,0.93,0.1654,90.13,20.55,0.1471,1
user_0173,57,52.6,145.62,6.38,4.87,0.78,48,0.94,0.1614,90.17,20.54,0.1483,1
user_0173,58,52.28,145.21,6.33,4.96,0.79,48,0.92,0.1663,90.26,20.4,0.1482,1
user_0173,59,52.04,145.55,6.23,4.9,0.79,49,0.93,0.1663,90.2,20.73,0.1474,1
user_0174,0,53.5,107.79,4.03,3.94,0.22,39,1.0,0.119,93.57,18.13,0.1283,0
user_0174,1,53.51,108.1,3.88,3.93,0.23,40,1.0,0.1174,93.63,18.09,0.1302,0
user_0174,2,53.67,108.12,3.97,3.94,0.23,39,1.0,0.119,93.7,18.12,0.1303,0
user_0174,3,53.37,107.75,3.97,3.92,0.22,40,1.01,0.1201,93.71,18.01,0.1308,0
user_0174,4,53.83,108.13,3.94,3.93,0.23,40,1.0,0.118,93.65,17.96,0.1292,0
user_0174,5,53.7,107.76,3.99,3.95,0.2,40,1.0,0.116,93.65,18.03,0.1316,0
user_0174,6,53.55,107.4,4.0,3.94,0.22,40,1.0,0.1169,93.77,18.0,0.1291,0
user_0174,7,53.45,108.15,4.04,3.94,0.24,39,1.01,0.1182,93.69,18.09,0.131,0
user_0174,8,53.6,107.8,3.95,3.93,0.22,40,1.0,0.119,93.6,18.15,0.1291,0
user_0174,9,53.81,107.93,3.98,3.97,0.23,40,1.0,0.1171,93.59,17.97,0.1295,0
user_0174,10,53.75,107.88,4.06,3.94,0.24,40,1.0,0.1179,93.87,18.08,0.1291,0
user_0174,11,53.66,107.67,3.97,3.97,0.21,39,0.99,0.1158,93.64,17.98,0.1301,0
user_0174,12,53.62,108.05,3.99,3.94,0.22,39,0.99,0.1162,93.72,18.08,0.1302,0
user_0174,13,53.48,108.15,4.02,3.92,0.22,39,1.0,0.1175,93.54,17.89,0.13,0
user_0174,14,53.66,108.03,3.97,3.98,0.23,39,0.99,0.118,93.46,18.03,0.1293,0
user_0174,15,53.41,107.64,3.97,3.95,0.22,40,1.0,0.1217,93.88,18.17,0.1293,0
user_0174,16,53.94,108.3,4.0,3.96,0.22,40,1.0,0.1206,93.61,18.15,0.1296,0
user_0174,17,53.55,107.69,3.89,3.95,0.24,40,1.01,0.1188,93.71,17.95,0.1292,0
user_0174,18,53.61,107.96,4.05,3.96,0.21,39,1.0,0.1173,93.74,17.9,0.1296,0
user_0174,19,53.61,107.94,3.97,3.9,0.2,39,1.0,0.1172,93.78,18.08,0.1277,0
user_0174,20,53.52,108.05,4.07,3.98,0.22,39,0.99,0.1172,93.56,17.89,0.129,0
user_0174,21,53.37,107.95,4.17,3.96,0.23,40,1.01,0.1182,93.8,18.04,0.1303,0
user_0174,22,53.49,108.39,3.97,3.91,0.23,40,1.0,0.1163,93.52,18.1,0.1303,0
user_0174,23,53.82,107.94,4.01,3.97,0.23,39,1.01,0.1168,93.69,17.92,0.1284,0
user_0174,24,53.6,108.26,4.19,3.89,0.22,39,1.0,0.1175,93.73,18.07,0.129,0
user_0174,25,53.75,107.82,4.13,3.92,0.23,39,0.99,0.1163,93.77,18.03,0.1305,0
user_0174,26,53.69,108.27,3.91,3.95,0.25,40,1.0,0.1207,93.54,18.19,0.1304,0
user_0174,27,53.56,108.24,3.94,3.96,0.21,39,1.0,0.1182,93.65,17.87,0.1283,0
user_0174,28,53.27,108.25,3.98,3.97,0.21,39,0.99,0.1174,93.74,17.97,0.1287,0
user_0174,29,53.68,107.84,4.03,3.9,0.23,40,1.0,0.1175,93.67,18.0,0.1305,0
user_0174,30,53.71,107.8,3.96,3.95,0.23,40,1.0,0.1164,93.81,18.09,0.1296,0
user_0174,31,53.7,108.26,4.03,3.94,0.23,40,1.0,0.1183,93.64,18.11,0.1295,0
user_0174,32,53.33,107.93,4.03,3.99,0.22,40,1.0,0.1165,93.46,17.95,0.1295,0
user_0174,33,53.81,108.36,3.95,3.94,0.22,40,1.0,0.1183,93.79,18.18,0.1277,0
user_0174,34,53.56,107.99,3.92,3.96,0.22,40,1.01,0.1152,93.81,17.82,0.1302,0
user_0174,35,53.69,107.67,4.07,3.91,0.24,39,1.0,0.1189,93.68,17.93,0.1301,0
user_0174,36,53.67,108.14,3.9,3.94,0.24,40,1.0,0.1173,93.89,17.82,0.1293,0
user_0174,37,53.68,107.84,4.02,3.95,0.23,40,1.0,0.1175,93.74,17.88,0.1308,0
user_0174,38,53.77,107.77,4.05,3.96,0.23,40,1.0,0.1179,93.53,18.14,0.1286,0
user_0174,39,53.48,107.96,4.04,3.94,0.22,40,1.0,0.1193,93.84,18.0,0.1276,0
user_0174,40,53.92,108.01,4.0,3.94,0.23,39,1.0,0.1199,93.54,17.93,0.1306,0
user_0174,41,53.67,108.22,4.08,3.97,0.23,40,1.0,0.1193,93.72,18.1,0.1284,0
user_0174,42,53.83,107.97,4.01,3.96,0.23,40,0.99,0.1169,93.63,17.92,0.1302,0
user_0174,43,53.47,107.59,3.95,3.94,0.24,40,1.0,0.1166,93.62,17.98,0.1298,0
user_0174,44,53.53,107.21,3.82,3.95,0.24,39,1.0,0.1201,93.78,17.99,0.1299,0
user_0174,45,53.68,107.89,3.89,3.94,0.22,40,1.0,0.1169,93.77,18.06,0.1303,0
user_0174,46,53.51,108.31,3.92,3.98,0.23,40,1.0,0.1153,93.62,18.0,0.13,0
user_0174,47,53.77,107.41,4.01,3.97,0.25,40,1.01,0.1175,93.74,18.11,0.1307,0
user_0174,48,53.56,107.84,3.94,3.95,0.24,39,1.0,0.1194,93.76,17.81,0.1297,0
user_0174,49,53.61,107.8,3.97,3.88,0.24,40,1.01,0.1153,93.64,17.94,0.1297,0
user_0174,50,53.58,108.02,4.21,3.94,0.23,39,1.01,0.1186,93.76,17.99,0.1307,0
user_0174,51,53.75,108.25,3.93,3.95,0.23,39,1.0,0.1187,93.77,18.04,0.1288,0
user_0174,52,53.71,107.58,4.02,3.93,0.24,39,1.0,0.1187,93.7,17.98,0.1294,0
user_0174,53,53.56,108.09,3.98,3.96,0.23,40,1.0,0.115,93.78,17.98,0.1294,0
user_0174,54,53.99,108.17,4.03,3.93,0.23,39,1.01,0.1163,93.57,17.9,0.1292,0
user_0174,55,53.71,107.9,3.93,3.92,0.22,40,1.0,0.1198,93.69,18.02,0.1301,0
user_0174,56,53.76,107.46,3.96,3.93,0.21,40,0.99,0.1155,93.65,17.97,0.1311,0
user_0174,57,53.95,107.95,3.95,3.91,0.23,39,1.0,0.1192,93.76,17.93,0.1304,0
user_0174,58,53.55,108.23,3.95,3.97,0.22,40,1.0,0.1166,93.89,17.86,0.1293,0
user_0174,59,53.5,107.97,4.02,3.92,0.23,40,1.0,0.1201,93.74,17.85,0.1288,0
user_0175,0,60.26,105.3,4.05,4.04,0.4,39,1.0,0.1276,94.02,18.01,0.0992,0
user_0175,1,60.33,105.59,4.03,4.1,0.42,40,1.0,0.1251,93.89,17.97,0.0986,0
user_0175,2,60.29,105.46,3.98,4.09,0.41,40,1.0,0.1258,94.08,17.9,0.0988,0
user_0175,3,59.96,105.15,4.06,4.08,0.4,39,1.0,0.1242,93.76,18.07,0.0963,0
user_0175,4,60.25,105.27,3.92,4.07,0.41,40,1.01,0.1262,93.84,17.82,0.0976,0
user_0175,5,60.0,105.16,3.97,4.07,0.42,40,1.01,0.1286,93.93,18.1,0.0984,0
user_0175,6,60.15,105.61,3.96,4.12,0.41,39,0.99,0.1277,93.79,18.04,0.098,0
user_0175,7,60.23,105.37,3.98,4.07,0.41,40,1.01,0.1275,93.84,18.28,0.0982,0
user_0175,8,60.26,105.5,3.93,4.1,0.41,40,0.99,0.1276,93.86,18.12,0.0976,0
user_0175,9,60.09,105.35,4.01,4.12,0.41,39,1.0,0.1279,93.81,18.02,0.0966,0
user_0175,10,60.43,105.55,3.97,4.08,0.41,39,1.0,0.1264,93.78,17.89,0.0966,0
user_0175,11,60.24,105.57,4.16,4.14,0.4,40,1.0,0.1273,94.05,18.13,0.097,0
user_0175,12,60.17,105.28,4.01,4.11,0.42,39,1.0,0.1267,93.83,18.15,0.0965,0
user_0175,13,59.9,105.09,3.84,4.1,0.39,40,1.0,0.126,93.76,18.02,0.0994,0
user_0175,14,50.33,129.5,9.34,5.92,1.48,61,0.82,0.2689,84.79,23.98,0.2166,1
user_0175,15,50.37,129.61,9.25,5.94,1.48,61,0.83,0.2715,84.82,24.18,0.2158,1
user_0175,16,50.65,129.62,9.36,5.87,1.47,61,0.81,0.2676,84.82,23.96,0.218,1
user_0175,17,50.56,129.13,9.49,5.9,1.5,61,0.81,0.2694,84.77,24.01,0.2178,1
user_0175,18,50.43,129.24,9.43,5.87,1.52,61,0.82,0.2695,84.75,23.92,0.2171,1
user_0175,19,50.67,129.32,9.31,5.91,1.49,61,0.83,0.2715,84.95,23.92,0.2175,1
user_0175,20,50.24,129.18,9.44,5.94,1.48,61,0.82,0.2691,84.79,23.91,0.2189,2
user_0175,21,50.58,129.02,9.32,5.85,1.48,61,0.82,0.2716,84.8,23.98,0.2187,2
user_0175,22,50.51,128.99,9.43,5.92,1.5,61,0.81,0.2701,84.89,24.0,0.2171,2
user_0175,23,50.79,129.63,9.3,5.87,1.48,61,0.82,0.2699,84.86,23.76,0.2188,2
user_0175,24,50.34,128.85,9.28,5.87,1.5,61,0.82,0.2682,84.92,23.97,0.2185,2
user_0175,25,50.42,129.22,9.45,5.92,1.5,61,0.82,0.2719,84.98,23.88,0.2182,2
user_0175,26,50.58,129.46,9.44,5.92,1.49,61,0.82,0.2692,85.01,24.09,0.2164,2
user_0175,27,50.66,129.68,9.46,5.91,1.49,61,0.82,0.2699,84.82,24.04,0.2189,2
user_0175,28,50.78,129.01,9.34,5.88,1.49,61,0.82,0.2686,84.96,24.06,0.2164,2
user_0175,29,50.6,129.18,9.32,5.91,1.49,61,0.83,0.2701,84.8,24.02,0.2192,2
user_0175,30,50.44,129.33,9.39,5.9,1.48,61,0.82,0.2717,84.93,24.09,0.218,2
user_0175,31,50.75,129.49,9.44,5.91,1.49,61,0.82,0.2697,84.94,23.77,0.2173,2
user_0175,32,50.43,129.29,9.33,5.94,1.47,61,0.83,0.2722,85.0,23.84,0.2174,2
user_0175,33,50.46,129.41,9.45,5.93,1.49,61,0.82,0.2705,84.93,24.07,0.2179,2
user_0175,34,50.44,129.34,9.43,5.84,1.49,61,0.82,0.2693,84.88,23.97,0.2178,2
user_0175,35,50.48,129.51,9.29,5.91,1.51,61,0.83,0.2698,85.04,23.98,0.2177,2
user_0175,36,56.23,114.99,6.29,4.84,0.85,48,0.93,0.1899,89.88,20.51,0.1478,1
user_0175,37,56.48,115.12,6.36,4.82,0.85,49,0.93,0.1865,90.17,20.61,0.1475,1
user_0175,38,56.26,115.62,6.26,4.83,0.86,49,0.93,0.1875,90.29,20.52,0.1472,1
user_0175,39,56.0,115.05,6.28,4.86,0.87,49,0.93,0.1856,90.25,20.74,0.1473,1
user_0175,40,56.1,115.13,6.37,4.86,0.86,49,0.92,0.1891,90.21,20.58,0.1472,1
user_0175,41,56.03,115.35,6.29,4.85,0.86,48,0.92,0.1853,90.03,20.46,0.1473,1
user_0175,42,56.24,115.52,6.28,4.81,0.86,48,0.91,0.1877,90.24,20.64,0.1479,1
user_0175,43,56.43,114.9,6.22,4.87,0.86,49,0.93,0.1878,90.33,20.55,0.1482,1
user_0175,44,56.08,115.19,6.26,4.84,0.84,49,0.92,0.1864,90.01,20.57,0.1474,1
user_0175,45,56.3,114.62,6.19,4.87,0.85,49,0.93,0.1878,90.2,20.43,0.1474,1
user_0175,46,56.31,115.41,6.12,4.87,0.86,48,0.92,0.1875,90.07,20.44,0.1484,1
user_0175,47,56.11,115.47,6.16,4.87,0.87,49,0.93,0.1849,90.23,20.51,0.1488,1
user_0175,48,56.3,115.65,6.32,4.87,0.86,48,0.92,0.1859,90.19,20.35,0.148,1
user_0175,49,56.24,115.34,6.19,4.81,0.85,48,0.92,0.1862,90.13,20.41,0.1478,1
user_0175,50,55.93,115.59,6.23,4.88,0.85,49,0.93,0.187,90.07,20.6,0.1479,1
user_0175,51,56.04,114.95,6.19,4.88,0.86,48,0.93,0.1892,90.14,20.57,0.1483,1
user_0175,52,56.38,115.28,6.34,4.81,0.86,48,0.92,0.1887,90.1,20.5,0.1474,1
user_0175,53,56.23,115.56,6.24,4.87,0.86,48,0.93,0.1883,90.14,20.53,0.1482,1
user_0175,54,56.38,115.67,6.32,4.85,0.86,49,0.92,0.1829,89.96,20.48,0.1479,1
user_0175,55,56.06,115.39,6.26,4.83,0.86,48,0.93,0.1888,90.12,20.58,0.1484,1
user_0175,56,56.16,114.96,6.2,4.85,0.87,48,0.92,0.1865,90.05,20.64,0.1475,1
user_0175,57,56.25,115.09,6.3,4.82,0.86,49,0.93,0.1868,90.06,20.43,0.1481,1
user_0175,58,56.23,115.53,6.25,4.86,0.86,49,0.92,0.1843,90.23,20.49,0.149,1
user_0175,59,56.23,115.31,6.35,4.83,0.85,49,0.92,0.1892,90.1,20.48,0.149,1
user_0176,0,59.96,106.68,4.02,4.78,0.38,40,1.0,0.0779,92.63,18.01,0.0905,0
user_0176,1,60.67,106.92,4.1,4.78,0.39,39,0.99,0.0772,92.72,17.97,0.0909,0
user_0176,2,60.33,106.55,4.09,4.8,0.38,40,1.0,0.0781,92.71,18.13,0.0897,0
user_0176,3,60.31,106.55,3.97,4.83,0.38,40,1.0,0.0774,92.57,18.13,0.09,0
user_0176,4,60.42,106.59,4.05,4.77,0.39,39,1.01,0.0798,92.63,17.96,0.0892,0
user_0176,5,60.59,106.72,4.02,4.77,0.38,40,1.0,0.0786,92.81,18.07,0.0928,0
user_0176,6,60.6,107.03,4.02,4.75,0.4,39,1.0,0.0759,92.68,18.05,0.0902,0
user_0176,7,60.63,107.04,4.06,4.81,0.38,40,1.01,0.0779,92.56,17.94,0.0895,0
user_0176,8,60.52,107.18,3.97,4.77,0.4,39,0.99,0.0781,92.64,18.1,0.0916,0
user_0176,9,60.55,106.28,4.07,4.73,0.39,40,1.0,0.0779,92.64,17.88,0.0902,0
user_0176,10,60.78,106.76,3.97,4.81,0.4,39,1.0,0.0763,92.71,17.99,0.0907,0
user_0176,11,60.52,107.05,3.95,4.76,0.38,39,1.0,0.0765,92.88,17.89,0.0885,0
user_0176,12,60.6,106.64,4.06,4.74,0.39,40,1.0,0.0761,92.55,18.14,0.0902,0
user_0176,13,60.44,106.99,3.91,4.78,0.38,40,1.0,0.079,92.47,18.14,0.0896,0
user_0176,14,52.45,127.57,8.53,6.31,1.27,57,0.85,0.1986,85.07,22.78,0.1901,1
user_0176,15,52.52,126.54,8.57,6.33,1.28,58,0.85,0.1968,85.05,22.94,0.1908,1
user_0176,16,52.83,126.83,8.54,6.23,1.28,58,0.85,0.1988,85.0,23.02,0.191,1
user_0176,17,52.29,126.69,8.43,6.31,1.31,57,0.86,0.1968,85.17,22.95,0.19,1
user_0176,18,52.47,126.77,8.48,6.27,1.28,58,0.84,0.1978,85.06,22.94,0.1904,1
user_0176,19,52.62,126.68,8.43,6.3,1.29,57,0.85,0.198,85.19,23.07,0.1915,1
user_0176,20,40.65,156.53,15.23,8.52,2.63,85,0.62,0.3761,73.66,30.66,0.3398,3
user_0176,21,40.51,156.62,15.2,8.57,2.63,84,0.63,0.3776,73.88,30.28,0.3393,3
user_0176,22,40.26,156.84,15.19,8.49,2.63,85,0.63,0.3774,73.84,30.48,0.3401,3
user_0176,23,40.37,156.3,15.18,8.49,2.64,85,0.63,0.3789,73.93,30.39,0.3401,3
user_0176,24,40.49,156.58,15.2,8.51,2.63,85,0.63,0.3786,73.91,30.51,0.3377,3
user_0176,25,40.85,156.73,15.31,8.51,2.64,84,0.63,0.3758,73.79,30.46,0.3403,3
user_0176,26,40.62,156.96,15.14,8.51,2.64,84,0.62,0.3753,73.6,30.36,0.3407,3
user_0176,27,40.57,156.59,15.25,8.5,2.65,84,0.63,0.376,73.67,30.64,0.3391,3
user_0176,28,40.5,156.84,15.34,8.5,2.64,84,0.62,0.3766,73.8,30.56,0.3418,3
user_0176,29,40.78,157.34,15.19,8.6,2.64,85,0.63,0.3775,73.89,30.54,0.3397,3
user_0176,30,40.53,156.54,15.24,8.57,2.65,84,0.63,0.3778,73.79,30.44,0.34,3
user_0176,31,40.6,156.58,15.29,8.55,2.64,84,0.62,0.3777,73.99,30.5,0.3405,3
user_0176,32,40.42,156.48,15.2,8.57,2.64,84,0.63,0.3757,73.73,30.5,0.3416,3
user_0176,33,40.69,156.61,15.23,8.55,2.64,85,0.62,0.3768,73.99,30.52,0.3394,3
user_0176,34,40.61,156.51,15.24,8.55,2.63,84,0.63,0.377,73.78,30.58,0.34,3
user_0176,35,40.88,156.61,15.24,8.55,2.63,85,0.63,0.3761,73.84,30.46,0.34,3
user_0176,36,40.45,156.59,15.37,8.56,2.64,85,0.62,0.3773,73.97,30.45,0.3413,3
user_0176,37,40.62,156.29,15.25,8.47,2.63,84,0.62,0.3796,73.76,30.38,0.3394,3
user_0176,38,40.44,156.91,15.14,8.55,2.62,84,0.62,0.3778,73.74,30.49,0.3386,3
user_0176,39,40.5,157.07,15.22,8.51,2.64,84,0.63,0.3754,73.98,30.36,0.34,3
user_0176,40,34.77,170.57,18.4,9.61,3.28,97,0.52,0.462,68.72,34.11,0.4109,4
user_0176,41,34.93,170.26,18.49,9.58,3.24,97,0.52,0.4612,68.59,34.11,0.409,4
user_0176,42,34.86,170.2,18.4,9.55,3.26,97,0.53,0.4614,68.7,34.04,0.4116,4
user_0176,43,34.87,170.59,18.43,9.58,3.26,97,0.52,0.4615,68.71,34.02,0.4093,4
user_0176,44,34.99,170.34,18.39,9.62,3.28,97,0.52,0.4602,68.72,33.98,0.411,4
user_0176,45,34.92,170.68,18.23,9.58,3.27,97,0.52,0.4616,68.6,33.99,0.4095,4
user_0176,46,34.8,170.83,18.36,9.59,3.26,97,0.52,0.4627,68.69,33.96,0.4105,4
user_0176,47,34.83,171.1,18.38,9.54,3.27,97,0.53,0.4619,68.59,33.94,0.4092,4
user_0176,48,35.06,170.32,18.44,9.56,3.26,97,0.52,0.4613,68.67,34.13,0.4098,4
user_0176,49,34.89,170.5,18.3,9.58,3.27,97,0.53,0.4609,68.54,34.14,0.4107,4
user_0176,50,35.08,171.0,18.47,9.58,3.28,97,0.51,0.4629,68.68,33.83,0.4104,4
user_0176,51,34.91,170.51,18.44,9.57,3.27,97,0.52,0.4625,68.7,34.08,0.4104,4
user_0176,52,34.85,171.04,18.45,9.57,3.27,97,0.52,0.46,68.64,33.95,0.4094,4
user_0176,53,34.6,170.77,18.43,9.55,3.27,97,0.52,0.4618,68.65,33.88,0.4116,4
user_0176,54,34.9,170.71,18.35,9.55,3.26,97,0.52,0.4629,68.58,34.07,0.4114,4
user_0176,55,35.13,170.43,18.43,9.55,3.26,97,0.52,0.4625,68.76,33.93,0.4092,4
user_0176,56,34.82,170.35,18.48,9.57,3.25,97,0.52,0.4633,68.48,33.98,0.4099,4
user_0176,57,34.73,170.91,18.35,9.56,3.27,97,0.52,0.4625,68.65,33.92,0.4083,4
user_0176,58,34.9,170.77,18.22,9.55,3.26,97,0.52,0.4628,68.54,34.03,0.4101,4
user_0176,59,34.86,171.01,18.44,9.57,3.27,97,0.52,0.4638,68.6,33.98,0.4085,4
user_0177,0,59.49,103.7,3.97,2.66,0.36,40,1.01,0.09,92.7,18.1,0.0719,0
user_0177,1,59.23,104.45,3.98,2.72,0.35,40,1.0,0.0915,92.61,18.15,0.0715,0
user_0177,2,59.25,103.9,4.0,2.7,0.34,39,1.01,0.0895,92.7,18.07,0.0727,0
user_0177,3,59.56,103.99,3.82,2.68,0.34,39,1.0,0.0904,92.65,17.85,0.0726,0
user_0177,4,59.5,103.84,4.0,2.76,0.35,40,0.99,0.09,92.59,17.94,0.0716,0
user_0177,5,59.5,103.97,4.02,2.67,0.35,40,0.99,0.0911,92.74,18.02,0.0715,0
user_0177,6,59.46,103.67,3.97,2.73,0.36,40,0.99,0.0887,92.58,18.05,0.0718,0
user_0177,7,59.89,104.08,4.03,2.74,0.35,40,1.0,0.0885,92.68,18.11,0.0719,0
user_0177,8,59.41,104.56,3.91,2.73,0.35,39,1.0,0.0897,92.69,18.02,0.0721,0
user_0177,9,59.36,104.04,3.87,2.74,0.37,40,1.0,0.0911,92.64,18.17,0.073,0
user_0177,10,59.43,103.68,4.02,2.73,0.35,40,1.01,0.0896,92.49,17.9,0.0711,0
user_0177,11,59.62,103.46,4.01,2.7,0.34,39,0.99,0.0911,92.54,18.03,0.0736,0
user_0177,12,59.31,104.06,3.94,2.69,0.36,40,1.0,0.0881,92.56,17.95,0.0717,0
user_0177,13,59.59,104.04,3.97,2.71,0.34,39,1.0,0.0898,92.75,17.95,0.0709,0
user_0177,14,59.51,103.73,3.98,2.7,0.35,39,1.0,0.0893,92.6,18.19,0.0713,0
user_0177,15,59.74,103.99,3.91,2.73,0.35,40,1.0,0.0918,92.73,17.89,0.0706,0
user_0177,16,59.2,104.14,3.9,2.76,0.36,40,1.0,0.0913,92.63,17.85,0.0706,0
user_0177,17,59.38,104.06,3.97,2.71,0.36,39,0.99,0.0916,92.73,18.1,0.0712,0
user_0177,18,59.37,104.29,3.98,2.73,0.36,39,1.0,0.0897,92.67,17.89,0.0706,0
user_0177,19,59.39,104.09,4.03,2.72,0.35,39,1.0,0.0901,92.76,18.04,0.0698,0
user_0177,20,59.27,104.01,3.85,2.73,0.34,39,1.0,0.0915,92.59,18.05,0.0722,0
user_0177,21,59.27,103.99,3.96,2.74,0.34,39,1.0,0.0907,92.54,18.03,0.0722,0
user_0177,22,59.25,103.49,4.05,2.7,0.35,39,1.0,0.0925,92.53,17.92,0.0724,0
user_0177,23,59.5,103.95,4.02,2.71,0.34,40,0.99,0.0872,92.56,18.08,0.0697,0
user_0177,24,59.33,104.14,3.91,2.73,0.35,40,1.0,0.0883,92.72,17.88,0.0713,0
user_0177,25,59.4,104.02,3.88,2.77,0.34,40,0.99,0.0894,92.41,18.08,0.0707,0
user_0177,26,59.28,104.05,3.77,2.72,0.36,39,1.0,0.0916,92.51,18.14,0.0728,0
user_0177,27,59.54,103.67,3.99,2.72,0.35,40,1.0,0.0894,92.7,18.23,0.0705,0
user_0177,28,59.57,104.05,4.04,2.73,0.34,40,1.0,0.091,92.68,17.76,0.0719,0
user_0177,29,59.49,104.18,4.0,2.72,0.36,39,0.99,0.0911,92.76,17.96,0.071,0
user_0177,30,59.64,104.04,3.98,2.73,0.34,40,0.99,0.0889,92.62,18.02,0.0714,0
user_0177,31,59.6,103.96,3.96,2.72,0.35,40,1.0,0.0924,92.54,18.15,0.0703,0
user_0177,32,59.27,103.63,4.09,2.71,0.34,39,1.0,0.0898,92.69,18.03,0.0711,0
user_0177,33,59.25,103.85,4.14,2.73,0.33,39,1.0,0.0897,92.75,17.73,0.072,0
user_0177,34,59.31,104.09,4.02,2.78,0.35,40,1.0,0.0897,92.44,18.02,0.0715,0
user_0177,35,59.52,103.87,4.11,2.72,0.35,40,1.01,0.0908,92.65,18.04,0.0734,0
user_0177,36,59.47,103.95,3.94,2.71,0.35,39,1.0,0.0897,92.57,17.92,0.0742,0
user_0177,37,59.54,103.57,4.19,2.73,0.34,39,1.01,0.0891,92.59,18.06,0.0715,0
user_0177,38,59.66,103.72,3.95,2.72,0.34,40,1.0,0.0891,92.68,17.92,0.0726,0
user_0177,39,59.17,103.98,3.99,2.74,0.35,40,1.01,0.0911,92.82,18.03,0.0711,0
user_0177,40,59.15,104.01,4.05,2.7,0.35,39,1.0,0.0912,92.45,17.85,0.0697,0
user_0177,41,59.51,104.01,4.07,2.7,0.34,39,1.0,0.0888,92.5,18.04,0.0732,0
user_0177,42,59.59,103.81,3.99,2.74,0.35,39,1.0,0.0909,92.54,18.01,0.0715,0
user_0177,43,59.53,103.75,4.14,2.69,0.36,39,1.0,0.0885,92.56,17.91,0.0712,0
user_0177,44,59.31,104.46,4.08,2.72,0.36,40,1.01,0.0924,92.76,18.15,0.0727,0
user_0177,45,59.3,104.3,4.0,2.74,0.33,39,1.01,0.0917,92.71,17.86,0.072,0
user_0177,46,59.45,104.1,3.99,2.71,0.34,39,1.0,0.0899,92.49,17.95,0.0744,0
user_0177,47,59.33,104.17,4.0,2.73,0.35,39,1.0,0.0886,92.7,18.04,0.0701,0
user_0177,48,59.69,104.1,4.01,2.78,0.34,39,1.01,0.0915,92.68,17.91,0.0721,0
user_0177,49,59.9,104.21,4.05,2.81,0.36,40,1.0,0.0895,92.51,17.99,0.0712,0
user_0177,50,59.43,103.98,3.96,2.75,0.34,39,1.0,0.0903,92.52,17.85,0.0714,0
user_0177,51,59.7,104.04,4.05,2.72,0.35,40,1.0,0.0881,92.55,17.92,0.0743,0
user_0177,52,59.5,103.85,3.9,2.75,0.35,40,1.0,0.0885,92.63,18.01,0.0725,0
user_0177,53,59.61,103.23,3.98,2.75,0.36,39,1.0,0.0912,92.69,17.88,0.0706,0
user_0177,54,59.14,103.8,3.94,2.67,0.35,39,1.0,0.0907,92.71,17.97,0.0717,0
user_0177,55,59.43,104.15,4.05,2.74,0.33,40,1.0,0.0897,92.8,18.01,0.0714,0
user_0177,56,59.57,103.66,3.87,2.71,0.36,39,1.0,0.0904,92.69,18.04,0.0708,0
user_0177,57,59.69,103.89,4.09,2.7,0.35,40,1.0,0.0913,92.49,17.9,0.0725,0
user_0177,58,59.24,104.09,3.92,2.75,0.33,39,1.0,0.093,92.55,17.82,0.0706,0
user_0177,59,59.55,104.4,3.95,2.75,0.35,40,1.0,0.0886,92.76,17.95,0.071,0
user_0178,0,61.65,113.34,4.07,5.62,0.32,40,1.0,0.1028,96.22,17.84,0.1207,0
user_0178,1,61.53,113.68,4.1,5.61,0.31,40,1.0,0.1015,95.89,18.18,0.1227,0
user_0178,2,61.56,113.62,4.03,5.63,0.32,39,0.99,0.1013,95.95,18.01,0.1226,0
user_0178,3,61.37,113.39,3.99,5.64,0.32,40,0.99,0.1002,95.88,18.06,0.1206,0
user_0178,4,61.62,113.83,4.04,5.64,0.29,39,1.0,0.1017,95.87,17.79,0.1229,0
user_0178,5,61.58,113.32,3.91,5.63,0.3,39,1.0,0.1,96.06,18.05,0.1206,0
user_0178,6,61.77,113.84,4.03,5.63,0.32,40,1.0,0.1013,96.09,18.03,0.1224,0
user_0178,7,61.38,114.04,4.01,5.62,0.32,40,1.0,0.0996,96.11,18.09,0.1206,0
user_0178,8,61.41,113.86,3.92,5.66,0.31,40,0.99,0.1002,96.01,17.81,0.1205,0
user_0178,9,61.48,113.7,3.99,5.61,0.29,39,1.01,0.1022,96.11,17.97,0.1222,0
user_0178,10,61.35,113.8,3.98,5.63,0.31,40,0.99,0.1024,96.04,18.17,0.1207,0
user_0178,11,61.78,113.77,4.09,5.62,0.3,40,0.99,0.0987,96.17,18.1,0.1223,0
user_0178,12,61.55,113.75,4.03,5.63,0.31,40,1.0,0.1003,96.25,17.95,0.1232,0
user_0178,13,61.5,113.87,3.99,5.62,0.32,39,1.0,0.0974,95.99,18.02,0.1217,0
user_0178,14,53.39,133.63,8.46,7.11,1.21,57,0.85,0.2191,88.62,22.93,0.222,1
user_0178,15,53.42,133.88,8.42,7.12,1.21,58,0.85,0.2191,88.61,22.82,0.2229,1
user_0178,16,53.36,133.65,8.44,7.15,1.2,57,0.84,0.2198,88.38,23.06,0.2231,1
user_0178,17,53.85,133.43,8.35,7.12,1.21,57,0.85,0.2185,88.59,22.95,0.2194,1
user_0178,18,53.58,134.03,8.43,7.14,1.2,58,0.85,0.2197,88.49,23.07,0.2209,1
user_0178,19,53.69,133.69,8.55,7.15,1.21,57,0.85,0.2178,88.67,22.91,0.2213,1
user_0178,20,41.31,163.11,15.19,9.41,2.55,85,0.62,0.4005,77.29,30.44,0.3717,3
user_0178,21,41.58,163.81,15.22,9.38,2.57,85,0.63,0.3985,77.26,30.53,0.3717,3
user_0178,22,41.38,163.53,15.23,9.43,2.54,85,0.62,0.3999,77.37,30.38,0.3704,3
user_0178,23,41.69,163.94,15.24,9.39,2.58,85,0.63,0.3981,77.37,30.49,0.3717,3
user_0178,24,41.44,163.35,15.21,9.42,2.54,85,0.63,0.3995,77.21,30.51,0.371,3
user_0178,25,41.36,163.81,15.16,9.42,2.57,84,0.63,0.4002,77.53,30.3,0.3724,3
user_0178,26,41.44,163.81,15.27,9.39,2.56,84,0.62,0.3993,77.37,30.48,0.3697,3
user_0178,27,41.46,163.58,15.12,9.39,2.56,84,0.62,0.4006,77.27,30.42,0.3708,3
user_0178,28,41.39,163.61,15.27,9.4,2.56,84,0.63,0.4006,77.27,30.5,0.3707,3
user_0178,29,41.65,163.65,15.22,9.36,2.55,84,0.63,0.401,77.42,30.55,0.3698,3
user_0178,30,41.66,163.66,15.27,9.38,2.57,85,0.62,0.3996,77.19,30.6,0.3712,3
user_0178,31,41.48,163.68,15.28,9.42,2.55,85,0.63,0.3982,77.34,30.45,0.3736,3
user_0178,32,41.41,163.59,15.16,9.36,2.56,85,0.62,0.3998,77.33,30.45,0.3715,3
user_0178,33,41.63,163.58,15.26,9.42,2.56,84,0.63,0.4011,77.37,30.33,0.3721,3
user_0178,34,41.42,163.57,15.19,9.38,2.56,85,0.64,0.3989,77.16,30.46,0.3718,3
user_0178,35,41.48,164.18,15.08,9.39,2.56,84,0.63,0.398,77.37,30.67,0.3731,3
user_0178,36,41.54,163.79,15.3,9.4,2.56,85,0.62,0.4002,77.19,30.67,0.3707,3
user_0178,37,41.39,163.56,15.18,9.38,2.56,84,0.63,0.399,77.03,30.53,0.3718,3
user_0178,38,41.58,163.5,15.22,9.37,2.57,84,0.63,0.4027,77.31,30.58,0.371,3
user_0178,39,41.61,163.8,15.28,9.42,2.58,84,0.63,0.3975,77.23,30.53,0.371,3
user_0178,40,36.2,177.65,18.49,10.42,3.2,97,0.51,0.4835,72.2,34.06,0.4424,4
user_0178,41,35.78,177.47,18.35,10.47,3.2,97,0.52,0.4859,72.15,34.01,0.4417,4
user_0178,42,36.04,177.42,18.36,10.49,3.21,97,0.52,0.4825,72.34,34.0,0.4421,4
user_0178,43,35.95,177.96,18.31,10.43,3.2,97,0.52,0.484,72.16,34.1,0.4413,4
user_0178,44,35.84,178.1,18.31,10.47,3.18,97,0.52,0.4857,72.09,33.97,0.4427,4
user_0178,45,35.85,177.28,18.33,10.44,3.18,97,0.52,0.4815,72.09,33.97,0.4417,4
user_0178,46,35.84,177.79,18.49,10.46,3.17,97,0.52,0.4833,71.98,34.02,0.4404,4
user_0178,47,35.95,178.15,18.26,10.45,3.2,97,0.52,0.4845,72.1,34.03,0.4421,4
user_0178,48,36.06,177.92,18.41,10.42,3.18,97,0.52,0.4836,72.05,33.93,0.4409,4
user_0178,49,36.11,177.64,18.36,10.44,3.2,97,0.53,0.4839,72.12,34.06,0.4418,4
user_0178,50,36.11,177.51,18.41,10.45,3.19,97,0.53,0.4832,72.13,33.99,0.4409,4
user_0178,51,35.91,177.51,18.43,10.39,3.18,97,0.51,0.4843,72.07,34.01,0.4412,4
user_0178,52,35.96,177.83,18.56,10.44,3.18,97,0.52,0.4847,72.17,33.92,0.4412,4
user_0178,53,35.81,177.97,18.41,10.39,3.18,97,0.51,0.4823,71.88,34.01,0.4415,4
user_0178,54,35.81,177.63,18.48,10.42,3.18,97,0.52,0.4851,72.15,33.81,0.4418,4
user_0178,55,35.79,177.96,18.42,10.43,3.18,97,0.52,0.4835,72.13,34.02,0.441,4
user_0178,56,36.46,177.5,18.45,10.5,3.19,97,0.52,0.4844,71.96,34.15,0.4421,4
user_0178,57,35.92,177.64,18.41,10.45,3.2,97,0.52,0.4842,72.1,34.05,0.4407,4
user_0178,58,35.89,177.58,18.42,10.39,3.2,97,0.51,0.4845,72.03,33.83,0.4408,4
user_0178,59,36.14,177.53,18.41,10.49,3.2,97,0.52,0.4827,72.05,34.04,0.4406,4
user_0179,0,55.6,120.98,4.02,3.25,0.28,39,1.0,0.1077,91.17,18.03,0.0925,0
user_0179,1,55.71,120.88,4.1,3.26,0.26,39,1.01,0.107,91.03,18.05,0.0927,0
user_0179,2,55.99,120.6,4.1,3.3,0.26,40,1.0,0.1065,91.08,18.12,0.092,0
user_0179,3,55.85,120.62,4.0,3.28,0.25,39,1.0,0.1076,91.22,18.08,0.0948,0
user_0179,4,55.85,121.01,3.99,3.34,0.27,39,1.0,0.1049,91.18,17.92,0.0928,0
user_0179,5,55.9,120.79,3.93,3.26,0.26,39,1.0,0.1046,90.9,18.08,0.0914,0
user_0179,6,55.69,120.96,3.99,3.3,0.23,39,1.0,0.108,91.13,18.06,0.0925,0
user_0179,7,55.83,120.42,4.15,3.25,0.27,39,1.0,0.106,91.05,18.05,0.0907,0
user_0179,8,56.0,121.3,4.04,3.3,0.26,39,1.0,0.1056,91.02,17.83,0.0913,0
user_0179,9,56.1,120.27,4.06,3.33,0.26,39,1.0,0.105,90.97,17.87,0.0911,0
user_0179,10,56.06,120.84,4.05,3.28,0.25,39,1.0,0.1065,91.04,17.97,0.0926,0
user_0179,11,55.94,120.64,4.01,3.32,0.26,39,1.0,0.1084,91.11,18.04,0.094,0
user_0179,12,56.14,121.17,3.98,3.35,0.25,40,1.0,0.1083,91.11,17.97,0.0903,0
user_0179,13,56.25,121.29,4.11,3.24,0.27,39,1.0,0.1059,91.19,18.03,0.0924,0
user_0179,14,46.38,144.94,9.48,5.02,1.34,61,0.82,0.2488,81.92,24.03,0.2121,1
user_0179,15,46.38,144.59,9.38,5.07,1.33,61,0.82,0.2506,81.96,24.02,0.2119,1
user_0179,16,46.37,145.03,9.44,5.08,1.34,61,0.83,0.2501,82.18,23.95,0.2129,1
user_0179,17,46.35,145.06,9.19,5.09,1.34,61,0.82,0.2526,81.95,23.82,0.2108,1
user_0179,18,46.25,144.69,9.44,5.11,1.35,61,0.82,0.2521,82.18,24.11,0.2135,1
user_0179,19,46.38,145.17,9.46,5.04,1.34,61,0.82,0.2514,82.05,23.98,0.2111,1
user_0179,20,46.3,144.59,9.42,5.07,1.35,61,0.83,0.2515,82.39,23.91,0.2141,2
user_0179,21,46.21,145.15,9.44,5.04,1.34,61,0.82,0.2527,82.1,24.11,0.2129,2
user_0179,22,46.18,144.91,9.41,5.08,1.33,61,0.82,0.2513,81.81,24.13,0.212,2
user_0179,23,46.08,144.89,9.35,5.05,1.34,61,0.82,0.2491,82.02,23.96,0.2129,2
user_0179,24,46.03,145.04,9.33,5.06,1.35,61,0.82,0.2526,82.02,23.9,0.2127,2
user_0179,25,46.45,144.91,9.5,5.07,1.34,61,0.82,0.2515,81.92,23.99,0.2124,2
user_0179,26,46.41,145.13,9.44,5.13,1.34,62,0.81,0.2517,82.01,24.03,0.2127,2
user_0179,27,46.45,145.07,9.41,5.05,1.35,61,0.82,0.2519,82.07,23.9,0.2111,2
user_0179,28,46.34,144.83,9.36,5.09,1.34,61,0.82,0.2489,81.87,24.08,0.2135,2
user_0179,29,46.41,144.68,9.51,5.09,1.35,61,0.82,0.2513,82.03,24.2,0.2128,2
user_0179,30,46.41,144.9,9.31,5.05,1.34,61,0.82,0.2515,82.03,24.04,0.2132,2
user_0179,31,46.15,144.91,9.37,5.05,1.33,61,0.81,0.2499,82.01,24.06,0.2119,2
user_0179,32,46.2,144.79,9.51,5.12,1.34,60,0.82,0.2496,82.09,23.86,0.2113,2
user_0179,33,46.31,144.99,9.21,5.05,1.35,61,0.81,0.2506,82.21,24.09,0.2128,2
user_0179,34,46.3,145.06,9.46,5.06,1.33,61,0.82,0.2525,82.01,23.93,0.2133,2
user_0179,35,46.28,145.15,9.4,5.09,1.33,61,0.81,0.2522,81.95,24.14,0.2112,2
user_0179,36,52.2,131.34,6.32,4.04,0.72,48,0.92,0.1679,87.43,20.57,0.1407,1
user_0179,37,52.04,130.76,6.3,4.01,0.72,49,0.92,0.1656,87.42,20.52,0.1423,1
user_0179,38,51.95,130.59,6.3,4.02,0.71,49,0.92,0.1642,87.13,20.42,0.1422,1
user_0179,39,51.67,130.55,6.26,4.0,0.7,49,0.93,0.1648,87.31,20.54,0.1433,1
user_0179,40,52.02,131.01,6.25,4.04,0.72,48,0.92,0.167,87.26,20.49,0.1404,1
user_0179,41,52.08,130.94,6.33,4.0,0.72,48,0.93,0.1681,87.38,20.45,0.1419,1
user_0179,42,51.97,130.11,6.31,4.03,0.71,49,0.92,0.1668,87.32,20.52,0.1446,1
user_0179,43,51.85,131.0,6.14,4.0,0.73,48,0.93,0.1676,87.44,20.49,0.1418,1
user_0179,44,51.81,130.93,6.31,4.01,0.7,49,0.93,0.1695,87.31,20.54,0.1428,1
user_0179,45,51.6,131.19,6.31,4.03,0.71,49,0.94,0.1645,87.25,20.5,0.1436,1
user_0179,46,51.98,130.72,6.19,4.03,0.71,49,0.93,0.1661,87.48,20.4,0.1425,1
user_0179,47,51.83,130.71,6.27,4.05,0.72,48,0.93,0.1679,87.06,20.58,0.1436,1
user_0179,48,51.94,131.03,6.39,3.96,0.72,48,0.93,0.1667,87.34,20.34,0.1432,1
user_0179,49,51.74,130.81,6.34,4.04,0.71,48,0.92,0.1664,87.24,20.42,0.142,1
user_0179,50,51.89,131.37,6.17,4.05,0.72,48,0.92,0.167,87.31,20.35,0.1422,1
user_0179,51,51.99,130.51,6.25,4.0,0.71,48,0.92,0.1666,87.47,20.71,0.1445,1
user_0179,52,51.58,131.05,6.23,4.0,0.73,48,0.93,0.1687,87.37,20.47,0.1421,1
user_0179,53,51.94,131.25,6.33,4.02,0.71,49,0.92,0.1644,87.21,20.71,0.1412,1
user_0179,54,51.78,130.97,6.26,4.05,0.72,48,0.93,0.1675,87.22,20.55,0.1426,1
user_0179,55,51.97,130.73,6.34,4.0,0.7,49,0.92,0.1673,87.28,20.38,0.1411,1
user_0179,56,51.85,130.8,6.19,4.04,0.72,49,0.92,0.1687,87.36,20.65,0.1418,1
user_0179,57,51.8,131.09,6.25,4.03,0.73,48,0.93,0.1675,87.42,20.29,0.142,1
user_0179,58,52.01,130.9,6.26,4.01,0.72,49,0.93,0.1674,87.29,20.53,0.1416,1
user_0179,59,51.88,130.67,6.28,4.01,0.71,49,0.92,0.1695,87.38,20.56,0.1433,1
user_0180,0,55.63,107.27,4.05,4.47,0.22,39,1.0,0.0878,93.72,17.92,0.0323,0
user_0180,1,55.65,107.21,4.05,4.49,0.2,40,1.01,0.0895,94.02,17.83,0.0317,0
user_0180,2,55.76,107.5,4.04,4.47,0.22,39,1.0,0.0874,93.82,18.0,0.0314,0
user_0180,3,55.91,107.49,3.93,4.45,0.2,39,0.99,0.0877,93.58,17.97,0.0329,0
user_0180,4,55.67,107.61,4.02,4.46,0.2,39,1.0,0.0871,93.8,17.89,0.0334,0
user_0180,5,55.27,108.15,4.11,4.43,0.2,39,1.0,0.0863,93.73,17.9,0.0316,0
user_0180,6,55.98,107.7,3.98,4.46,0.21,39,1.0,0.0858,93.62,17.93,0.0323,0
user_0180,7,55.83,107.65,3.92,4.49,0.23,40,1.0,0.085,93.55,18.05,0.0336,0
user_0180,8,55.98,107.2,3.89,4.46,0.19,39,1.01,0.0877,93.62,17.93,0.035,0
user_0180,9,55.49,107.58,3.79,4.51,0.21,39,1.0,0.0874,93.73,18.0,0.0336,0
user_0180,10,55.74,107.55,3.98,4.43,0.22,40,1.01,0.088,93.48,17.96,0.0333,0
user_0180,11,55.63,107.09,4.04,4.48,0.21,40,1.0,0.0869,93.59,18.04,0.0331,0
user_0180,12,55.58,107.29,3.98,4.45,0.22,40,1.0,0.0874,93.84,18.05,0.0336,0
user_0180,13,55.79,107.65,3.97,4.46,0.21,40,1.0,0.0886,93.79,17.96,0.0329,0
user_0180,14,46.27,131.67,9.4,6.3,1.28,61,0.82,0.2306,84.86,24.05,0.153,1
user_0180,15,45.97,131.97,9.39,6.24,1.29,61,0.81,0.2304,84.64,24.04,0.1527,1
user_0180,16,46.39,131.9,9.45,6.3,1.3,61,0.82,0.2297,84.65,24.08,0.1531,1
user_0180,17,46.51,131.45,9.37,6.26,1.29,61,0.81,0.2314,84.77,23.93,0.1535,1
user_0180,18,45.91,131.46,9.29,6.28,1.29,61,0.82,0.2297,84.78,24.16,0.1523,1
user_0180,19,46.14,131.91,9.43,6.32,1.29,61,0.82,0.2321,84.66,24.13,0.1528,1
user_0180,20,46.04,131.18,9.35,6.3,1.28,61,0.82,0.2296,84.64,24.11,0.1535,2
user_0180,21,46.08,131.5,9.39,6.31,1.3,61,0.82,0.2311,84.68,23.99,0.1513,2
user_0180,22,46.05,131.42,9.38,6.23,1.31,61,0.82,0.2305,84.81,24.14,0.1555,2
user_0180,23,46.26,131.38,9.45,6.23,1.3,61,0.81,0.2303,84.85,23.91,0.153,2
user_0180,24,45.9,131.48,9.36,6.19,1.29,61,0.82,0.2306,84.77,23.9,0.152,2
user_0180,25,46.05,131.52,9.45,6.28,1.29,61,0.82,0.2308,84.52,24.08,0.153,2
user_0180,26,46.13,131.77,9.41,6.22,1.3,61,0.82,0.2324,84.94,24.11,0.1519,2
user_0180,27,46.18,131.67,9.48,6.27,1.3,61,0.82,0.2305,84.77,24.07,0.1517,2
user_0180,28,46.11,131.41,9.37,6.24,1.31,61,0.82,0.2302,84.91,23.91,0.1533,2
user_0180,29,46.17,131.74,9.44,6.25,1.29,61,0.82,0.2299,84.73,23.96,0.1532,2
user_0180,30,46.18,131.56,9.33,6.27,1.28,61,0.82,0.2316,84.85,23.86,0.1527,2
user_0180,31,46.07,131.85,9.35,6.26,1.3,62,0.81,0.2316,84.61,24.12,0.1538,2
user_0180,32,46.05,131.27,9.37,6.28,1.28,61,0.82,0.2304,84.72,23.9,0.1529,2
user_0180,33,46.13,131.53,9.44,6.26,1.31,61,0.82,0.2285,84.77,23.97,0.1525,2
user_0180,34,46.09,131.08,9.32,6.31,1.3,61,0.82,0.231,84.71,23.86,0.1518,2
user_0180,35,46.3,131.13,9.33,6.24,1.29,61,0.82,0.2273,84.7,24.04,0.1534,2
user_0180,36,51.6,117.74,6.27,5.22,0.67,48,0.93,0.1467,89.82,20.49,0.0842,1
user_0180,37,51.64,117.44,6.24,5.2,0.65,48,0.93,0.1459,90.13,20.53,0.082,1
user_0180,38,51.89,117.65,6.39,5.22,0.66,49,0.93,0.1466,89.92,20.47,0.0832,1
user_0180,39,51.71,116.96,6.27,5.25,0.65,49,0.92,0.1477,90.05,20.61,0.0825,1
user_0180,40,51.79,117.89,6.21,5.22,0.66,49,0.92,0.151,90.04,20.5,0.0847,1
user_0180,41,51.53,117.16,6.23,5.22,0.66,49,0.92,0.148,89.97,20.59,0.0835,1
user_0180,42,51.61,117.75,6.26,5.21,0.67,48,0.92,0.1472,89.92,20.66,0.0834,1
user_0180,43,51.68,117.42,6.35,5.23,0.67,49,0.93,0.1477,89.94,20.48,0.0829,1
user_0180,44,51.8,117.27,6.24,5.27,0.66,48,0.93,0.1469,90.02,20.71,0.0828,1
user_0180,45,51.79,117.25,6.23,5.22,0.64,49,0.93,0.1474,90.02,20.32,0.0837,1
user_0180,46,51.55,117.29,6.3,5.19,0.66,49,0.92,0.1483,89.76,20.65,0.0828,1
user_0180,47,51.68,117.31,6.11,5.23,0.65,48,0.92,0.1476,89.8,20.4,0.0843,1
user_0180,48,51.73,117.67,6.25,5.24,0.67,49,0.93,0.1452,90.04,20.53,0.0817,1
user_0180,49,51.71,117.37,6.19,5.23,0.67,49,0.92,0.1453,90.01,20.67,0.0817,1
user_0180,50,51.63,117.21,6.08,5.24,0.65,48,0.93,0.1453,89.89,20.43,0.0808,1
user_0180,51,51.66,117.01,6.26,5.24,0.65,49,0.93,0.1469,89.85,20.48,0.0848,1
user_0180,52,51.8,117.19,6.19,5.19,0.65,49,0.92,0.1479,90.09,20.78,0.0831,1
user_0180,53,51.29,117.73,6.25,5.21,0.66,48,0.93,0.147,90.01,20.49,0.0836,1
user_0180,54,51.73,117.27,6.31,5.27,0.66,49,0.93,0.1474,90.11,20.42,0.085,1
user_0180,55,51.64,116.67,6.26,5.24,0.66,48,0.92,0.1452,89.89,20.63,0.0841,1
user_0180,56,51.77,117.25,6.21,5.23,0.66,49,0.93,0.1478,89.94,20.33,0.0833,1
user_0180,57,51.7,117.22,6.24,5.25,0.66,48,0.92,0.1453,90.02,20.62,0.0826,1
user_0180,58,51.73,117.13,6.18,5.21,0.65,49,0.93,0.1477,89.84,20.39,0.0822,1
user_0180,59,51.69,117.72,6.37,5.23,0.65,49,0.92,0.1457,89.92,20.58,0.0832,1
user_0181,0,65.23,89.27,3.89,4.0,0.22,39,1.0,0.1208,96.45,18.05,0.1524,0
user_0181,1,65.07,89.68,3.98,3.98,0.24,40,1.01,0.1233,96.27,17.9,0.1526,0
user_0181,2,65.06,89.38,4.08,3.97,0.24,40,1.0,0.1222,96.47,18.02,0.1534,0
user_0181,3,65.25,88.84,3.99,3.96,0.23,39,0.99,0.1209,96.48,17.88,0.151,0
user_0181,4,64.89,88.93,4.06,4.02,0.25,39,1.0,0.1215,96.41,18.06,0.1527,0
user_0181,5,64.83,88.93,4.02,3.98,0.23,39,1.01,0.1216,96.42,18.15,0.1529,0
user_0181,6,64.9,89.0,4.05,3.93,0.25,40,0.99,0.1208,96.32,18.05,0.152,0
user_0181,7,64.61,89.43,3.83,4.01,0.23,39,1.0,0.1209,96.38,17.97,0.1519,0
user_0181,8,65.06,89.07,4.15,3.95,0.24,39,1.0,0.1215,96.44,18.08,0.1526,0
user_0181,9,65.21,89.33,4.02,3.99,0.22,40,0.99,0.1222,96.36,17.86,0.1515,0
user_0181,10,64.97,89.1,3.94,3.96,0.22,39,1.0,0.1188,96.35,18.05,0.1525,0
user_0181,11,65.04,88.93,3.85,3.98,0.23,39,1.0,0.1204,96.45,17.9,0.1519,0
user_0181,12,64.96,89.12,3.98,3.92,0.22,40,0.99,0.1223,96.14,17.95,0.1515,0
user_0181,13,64.75,88.73,3.98,3.95,0.23,39,1.0,0.1215,96.33,18.06,0.1527,0
user_0181,14,64.85,89.19,4.12,3.96,0.24,40,1.0,0.123,96.34,17.76,0.1514,0
user_0181,15,65.05,89.55,3.94,4.01,0.22,39,1.0,0.1222,96.42,17.99,0.1552,0
user_0181,16,65.01,88.96,4.13,3.98,0.24,39,1.0,0.1211,96.32,18.02,0.1539,0
user_0181,17,64.95,89.48,3.91,3.98,0.24,39,1.0,0.1212,96.41,18.12,0.153,0
user_0181,18,64.93,88.75,3.99,4.01,0.2,40,1.0,0.1215,96.43,18.11,0.1523,0
user_0181,19,64.99,89.13,4.12,3.97,0.23,40,1.0,0.1219,96.24,17.96,0.1531,0
user_0181,20,64.99,89.09,4.05,4.03,0.23,40,1.0,0.1199,96.34,18.02,0.1527,0
user_0181,21,64.99,88.69,3.97,3.93,0.24,39,1.0,0.1193,96.35,18.15,0.1522,0
user_0181,22,64.99,89.17,3.89,3.93,0.22,40,1.01,0.1242,96.36,18.11,0.1523,0
user_0181,23,64.79,88.91,3.97,3.97,0.23,40,1.0,0.123,96.31,17.96,0.1544,0
user_0181,24,64.66,89.73,4.04,4.05,0.25,39,0.99,0.1239,96.21,18.05,0.1518,0
user_0181,25,65.12,88.72,4.06,3.98,0.23,40,1.0,0.1204,96.25,17.99,0.1548,0
user_0181,26,65.06,88.94,4.05,3.96,0.22,40,1.0,0.1215,96.52,18.05,0.153,0
user_0181,27,64.7,89.45,3.88,3.98,0.24,39,0.99,0.1218,96.43,17.93,0.1522,0
user_0181,28,64.8,88.71,3.99,3.95,0.24,40,1.0,0.1205,96.47,17.9,0.1536,0
user_0181,29,65.05,89.3,3.9,4.0,0.23,39,1.0,0.1207,96.35,17.98,0.1544,0
user_0181,30,64.96,89.05,3.98,3.98,0.23,39,1.01,0.1212,96.24,17.94,0.1527,0
user_0181,31,65.22,89.06,3.94,3.96,0.23,39,0.99,0.1201,96.45,18.04,0.1531,0
user_0181,32,64.88,88.75,4.01,3.98,0.25,39,1.0,0.1224,96.19,18.03,0.1519,0
user_0181,33,65.06,89.31,3.95,3.98,0.25,40,1.0,0.1219,96.31,17.92,0.1537,0
user_0181,34,64.95,89.28,3.96,3.99,0.24,40,1.0,0.1215,96.34,18.03,0.1527,0
user_0181,35,65.04,88.91,4.02,3.97,0.24,39,1.0,0.1236,96.31,17.97,0.1523,0
user_0181,36,64.79,88.93,3.96,3.99,0.23,40,1.0,0.1204,96.13,18.18,0.1533,0
user_0181,37,64.87,89.45,4.01,3.97,0.25,40,1.01,0.1237,96.33,17.93,0.1537,0
user_0181,38,65.1,89.18,4.04,3.96,0.23,39,1.01,0.1253,96.34,18.05,0.1528,0
user_0181,39,65.05,88.97,4.0,3.95,0.23,40,1.01,0.1208,96.42,18.2,0.1527,0
user_0181,40,64.65,88.73,4.02,3.96,0.23,40,1.0,0.1223,96.43,17.94,0.1532,0
user_0181,41,64.85,89.13,3.97,3.94,0.23,39,1.0,0.1215,96.23,17.73,0.1501,0
user_0181,42,64.95,89.25,4.02,4.0,0.24,39,1.0,0.1235,96.6,18.03,0.1534,0
user_0181,43,64.79,88.72,4.1,3.93,0.24,40,1.01,0.1213,96.33,18.02,0.1516,0
user_0181,44,64.96,89.39,4.17,4.0,0.24,40,0.99,0.1217,96.22,17.89,0.1526,0
user_0181,45,65.2,89.05,3.96,3.97,0.23,39,1.01,0.1213,96.29,18.09,0.1518,0
user_0181,46,65.08,89.13,3.89,3.99,0.22,39,0.99,0.1227,96.28,18.0,0.1536,0
user_0181,47,64.78,88.89,3.91,3.94,0.24,40,1.0,0.1199,96.32,17.96,0.1519,0
user_0181,48,65.03,88.9,3.89,3.94,0.23,40,1.01,0.1193,96.28,17.78,0.1525,0
user_0181,49,64.87,89.19,3.93,3.99,0.24,39,1.0,0.1249,96.37,17.97,0.153,0
user_0181,50,64.68,88.95,4.05,3.99,0.24,39,1.0,0.1203,96.42,18.01,0.1535,0
user_0181,51,64.92,89.14,4.11,4.01,0.24,39,1.0,0.1236,96.37,17.93,0.1529,0
user_0181,52,64.88,89.16,4.01,3.96,0.23,39,1.0,0.122,96.43,18.0,0.1517,0
user_0181,53,64.83,89.45,3.98,3.95,0.25,40,1.01,0.1216,96.35,17.98,0.1524,0
user_0181,54,65.04,89.34,3.8,3.95,0.23,39,1.0,0.1198,96.49,17.99,0.1528,0
user_0181,55,65.09,89.2,4.01,3.96,0.23,39,1.0,0.1223,96.58,18.05,0.1529,0
user_0181,56,65.01,88.95,4.09,3.97,0.21,39,1.0,0.1193,96.27,18.08,0.1536,0
user_0181,57,65.07,89.32,4.05,3.99,0.24,40,1.01,0.1212,96.6,17.96,0.1523,0
user_0181,58,65.02,89.02,3.84,3.95,0.23,39,0.99,0.1205,96.31,17.93,0.1524,0
user_0181,59,65.1,89.35,4.02,4.0,0.23,40,1.0,0.1206,96.31,18.06,0.1535,0
user_0182,0,52.06,135.11,4.19,4.77,0.26,40,1.0,0.077,90.98,18.03,0.162,0
user_0182,1,52.05,135.2,3.89,4.73,0.27,39,1.0,0.0802,90.96,18.04,0.1608,0
user_0182,2,51.8,135.46,4.22,4.73,0.27,39,1.0,0.0784,90.92,17.86,0.1622,0
user_0182,3,52.04,135.42,4.0,4.75,0.26,39,1.0,0.08,90.98,18.12,0.1608,0
user_0182,4,51.93,135.43,3.9,4.75,0.29,39,1.0,0.0773,91.09,17.81,0.1614,0
user_0182,5,52.02,135.78,3.98,4.71,0.25,39,1.0,0.0787,90.88,17.88,0.1614,0
user_0182,6,51.93,135.09,3.95,4.69,0.26,40,1.0,0.0792,90.92,17.88,0.1612,0
user_0182,7,52.16,135.36,4.03,4.75,0.28,40,1.0,0.0808,91.06,17.88,0.1613,0
user_0182,8,51.82,135.21,4.17,4.66,0.25,40,1.0,0.0798,90.97,17.86,0.1607,0
user_0182,9,52.0,135.66,4.02,4.74,0.28,39,1.0,0.0804,91.01,17.99,0.1626,0
user_0182,10,52.04,135.56,3.92,4.74,0.27,40,0.99,0.0805,91.04,17.97,0.1628,0
user_0182,11,51.78,135.51,3.95,4.72,0.26,40,1.0,0.0805,90.83,17.99,0.1615,0
user_0182,12,51.98,135.33,3.95,4.7,0.24,39,1.0,0.0811,90.93,17.88,0.1597,0
user_0182,13,52.12,135.6,4.05,4.74,0.27,39,0.99,0.0765,90.92,18.09,0.1603,0
user_0182,14,43.87,155.47,8.46,6.23,1.16,57,0.86,0.1994,83.44,22.99,0.2615,1
user_0182,15,44.06,155.42,8.49,6.25,1.16,58,0.86,0.2014,83.55,22.95,0.2621,1
user_0182,16,43.71,154.66,8.54,6.19,1.15,58,0.84,0.1988,83.39,23.05,0.2614,1
user_0182,17,44.0,155.75,8.56,6.19,1.15,58,0.86,0.199,83.5,22.97,0.2618,1
user_0182,18,44.04,155.49,8.51,6.21,1.16,58,0.85,0.1972,83.49,23.09,0.2629,1
user_0182,19,43.9,155.45,8.46,6.24,1.16,58,0.85,0.2006,83.28,23.08,0.2616,1
user_0182,20,31.79,185.53,15.25,8.45,2.51,85,0.63,0.3797,72.24,30.51,0.4099,3
user_0182,21,31.88,186.01,15.28,8.5,2.48,84,0.63,0.3781,72.25,30.43,0.411,3
user_0182,22,31.97,185.6,15.2,8.47,2.52,84,0.62,0.3794,72.19,30.29,0.4114,3
user_0182,23,32.26,185.4,15.22,8.43,2.5,85,0.63,0.3799,72.18,30.52,0.4102,3
user_0182,24,32.05,185.45,15.28,8.46,2.5,85,0.62,0.3775,72.29,30.45,0.412,3
user_0182,25,31.92,185.43,15.21,8.48,2.5,85,0.63,0.3819,72.44,30.67,0.4113,3
user_0182,26,31.92,185.26,15.29,8.45,2.51,84,0.63,0.3809,72.23,30.58,0.4121,3
user_0182,27,31.92,185.11,15.24,8.49,2.5,85,0.63,0.3797,72.05,30.5,0.4105,3
user_0182,28,31.97,185.59,15.36,8.51,2.5,84,0.63,0.3795,72.18,30.4,0.4129,3
user_0182,29,31.79,185.66,14.99,8.48,2.52,85,0.62,0.3791,72.29,30.62,0.4116,3
user_0182,30,31.83,185.66,15.26,8.46,2.52,84,0.63,0.379,72.26,30.75,0.411,3
user_0182,31,31.52,185.41,15.35,8.48,2.5,85,0.62,0.3794,72.04,30.51,0.4104,3
user_0182,32,32.17,185.21,15.26,8.48,2.51,85,0.63,0.3795,72.08,30.4,0.4115,3
user_0182,33,31.97,185.21,15.15,8.55,2.5,84,0.63,0.3802,72.15,30.57,0.4129,3
user_0182,34,31.85,185.76,15.3,8.47,2.51,85,0.63,0.3787,72.13,30.35,0.4105,3
user_0182,35,32.03,185.56,15.21,8.48,2.49,85,0.63,0.3807,72.24,30.56,0.4091,3
user_0182,36,32.02,185.23,15.34,8.5,2.52,84,0.62,0.3806,72.15,30.41,0.4103,3
user_0182,37,32.21,185.29,15.31,8.47,2.5,85,0.63,0.3803,72.29,30.58,0.4112,3
user_0182,38,31.9,185.73,15.39,8.47,2.53,85,0.62,0.3817,72.15,30.6,0.4128,3
user_0182,39,32.15,185.35,15.28,8.51,2.51,85,0.62,0.3789,72.09,30.51,0.4121,3
user_0182,40,26.77,198.93,18.4,9.52,3.12,97,0.52,0.464,66.94,33.88,0.4818,4
user_0182,41,26.74,199.33,18.47,9.56,3.14,97,0.53,0.4667,67.11,33.93,0.4807,4
user_0182,42,26.1,199.18,18.27,9.54,3.13,97,0.51,0.4631,67.2,34.02,0.4795,4
user_0182,43,26.29,199.11,18.3,9.51,3.14,97,0.52,0.462,67.05,33.95,0.4824,4
user_0182,44,26.36,199.89,18.35,9.52,3.15,97,0.52,0.4633,67.14,33.85,0.4814,4
user_0182,45,26.48,199.46,18.52,9.51,3.14,97,0.53,0.4613,67.09,34.0,0.4808,4
user_0182,46,26.25,199.27,18.33,9.55,3.16,97,0.53,0.4654,66.85,33.98,0.4828,4
user_0182,47,26.51,199.23,18.3,9.54,3.13,97,0.52,0.4626,66.96,34.05,0.4839,4
user_0182,48,26.2,199.3,18.36,9.53,3.13,97,0.51,0.4618,66.94,33.92,0.4825,4
user_0182,49,26.31,199.27,18.39,9.54,3.15,97,0.52,0.4659,66.8,34.01,0.4815,4
user_0182,50,26.38,199.35,18.39,9.54,3.15,97,0.51,0.4654,66.89,33.87,0.482,4
user_0182,51,26.4,199.81,18.38,9.53,3.14,97,0.52,0.4654,66.91,33.94,0.4831,4
user_0182,52,26.13,199.64,18.48,9.49,3.13,97,0.53,0.4644,67.09,34.1,0.4811,4
user_0182,53,26.57,199.23,18.39,9.52,3.14,98,0.52,0.4636,66.98,34.0,0.4817,4
user_0182,54,26.01,199.47,18.43,9.52,3.14,97,0.52,0.4631,67.04,33.94,0.4827,4
user_0182,55,26.56,199.44,18.27,9.57,3.16,97,0.53,0.4628,67.0,33.92,0.4826,4
user_0182,56,26.39,199.19,18.33,9.5,3.14,97,0.52,0.4642,66.98,34.06,0.4817,4
user_0182,57,26.21,199.12,18.43,9.56,3.14,98,0.52,0.4671,66.96,34.12,0.4812,4
user_0182,58,26.25,199.53,18.45,9.52,3.13,97,0.53,0.4636,66.99,33.83,0.4831,4
user_0182,59,26.4,199.73,18.37,9.53,3.13,97,0.52,0.4636,67.04,33.87,0.4814,4
user_0183,0,55.48,90.81,4.0,3.75,0.39,39,1.0,0.0876,94.56,18.06,0.1293,0
user_0183,1,55.56,90.46,4.06,3.76,0.4,40,1.0,0.0828,94.36,18.08,0.1283,0
user_0183,2,55.41,89.67,3.95,3.72,0.37,39,1.0,0.0852,94.31,17.99,0.1314,0
user_0183,3,55.42,90.61,4.13,3.74,0.38,40,1.01,0.082,94.33,18.01,0.1314,0
user_0183,4,55.24,90.34,4.05,3.73,0.4,40,1.01,0.0878,94.39,18.02,0.1285,0
user_0183,5,55.53,90.25,3.94,3.77,0.4,40,1.0,0.0845,94.21,18.06,0.1283,0
user_0183,6,55.82,90.21,3.98,3.77,0.4,40,1.0,0.086,94.31,18.12,0.1286,0
user_0183,7,55.5,90.22,3.97,3.82,0.41,40,1.01,0.0877,94.38,17.96,0.1287,0
user_0183,8,55.41,90.26,3.91,3.71,0.41,39,1.0,0.0872,94.35,17.91,0.1306,0
user_0183,9,55.36,90.5,3.97,3.77,0.4,40,1.0,0.0867,94.28,17.89,0.13,0
user_0183,10,55.63,90.39,4.04,3.75,0.41,39,1.0,0.0867,94.3,17.91,0.1304,0
user_0183,11,55.66,90.28,3.87,3.81,0.4,39,0.99,0.0862,94.41,17.93,0.1299,0
user_0183,12,55.62,90.41,3.93,3.8,0.41,40,1.0,0.0876,94.27,18.07,0.1301,0
user_0183,13,55.64,90.14,4.1,3.76,0.39,40,1.0,0.0872,94.3,17.97,0.1299,0
user_0183,14,55.43,90.06,3.9,3.75,0.39,39,1.0,0.0837,94.3,18.02,0.1291,0
user_0183,15,55.3,90.47,3.98,3.75,0.39,39,1.0,0.0828,94.17,18.04,0.1301,0
user_0183,16,55.38,90.15,3.95,3.72,0.39,39,1.01,0.084,94.62,17.89,0.1302,0
user_0183,17,55.52,90.87,4.06,3.77,0.41,39,1.0,0.0867,94.32,17.99,0.1307,0
user_0183,18,55.31,90.26,3.99,3.74,0.4,39,1.0,0.0852,94.22,18.12,0.1291,0
user_0183,19,55.81,90.12,3.94,3.77,0.39,39,1.0,0.0885,94.19,18.04,0.1308,0
user_0183,20,55.54,90.56,3.99,3.73,0.39,40,1.0,0.0853,94.44,18.13,0.1295,0
user_0183,21,55.35,90.53,4.14,3.72,0.39,40,1.0,0.0889,94.34,18.04,0.1284,0
user_0183,22,55.2,90.18,4.02,3.77,0.41,39,1.0,0.0858,94.27,18.02,0.1316,0
user_0183,23,55.65,90.36,3.95,3.74,0.4,40,1.0,0.0859,94.25,17.97,0.1299,0
user_0183,24,55.55,90.57,3.93,3.75,0.41,39,1.0,0.0883,94.53,18.0,0.1288,0
user_0183,25,55.48,90.25,4.0,3.79,0.39,40,1.0,0.0861,94.38,17.95,0.1307,0
user_0183,26,55.6,90.39,3.94,3.79,0.4,39,1.0,0.0849,94.34,17.69,0.1314,0
user_0183,27,55.62,90.55,3.99,3.78,0.4,40,1.0,0.0866,94.42,18.07,0.1296,0
user_0183,28,55.45,90.27,4.02,3.77,0.38,39,1.0,0.0855,94.34,18.21,0.1313,0
user_0183,29,55.61,90.09,4.05,3.74,0.4,40,1.0,0.0831,94.2,18.07,0.1299,0
user_0183,30,55.66,90.39,4.15,3.76,0.39,39,1.0,0.0866,94.33,18.04,0.1299,0
user_0183,31,55.73,90.25,4.0,3.76,0.41,40,1.0,0.0863,94.33,17.87,0.1305,0
user_0183,32,55.27,90.0,3.96,3.77,0.4,40,1.0,0.0855,94.2,17.97,0.1304,0
user_0183,33,55.33,90.36,4.01,3.75,0.39,39,0.99,0.0815,94.47,18.02,0.1303,0
user_0183,34,55.58,90.33,4.18,3.76,0.41,39,1.0,0.089,94.4,17.97,0.1297,0
user_0183,35,55.24,90.02,4.04,3.77,0.4,39,1.0,0.088,94.2,17.97,0.1293,0
user_0183,36,55.56,89.98,3.93,3.77,0.39,40,1.0,0.0872,94.26,18.14,0.1301,0
user_0183,37,55.66,89.89,3.99,3.75,0.4,40,1.0,0.0837,94.16,17.97,0.1304,0
user_0183,38,55.59,90.23,4.05,3.8,0.41,40,1.0,0.0849,94.56,18.12,0.1299,0
user_0183,39,55.35,90.42,4.07,3.75,0.38,39,1.0,0.0877,94.36,17.93,0.1276,0
user_0183,40,55.81,90.25,3.95,3.71,0.39,40,0.99,0.0872,94.27,18.0,0.1306,0
user_0183,41,55.32,90.46,4.02,3.76,0.39,40,1.0,0.0836,94.35,18.19,0.1296,0
user_0183,42,55.5,89.94,4.2,3.71,0.39,39,1.0,0.0845,94.36,17.92,0.1287,0
user_0183,43,55.13,89.96,4.02,3.79,0.39,40,1.0,0.085,94.32,17.9,0.1289,0
user_0183,44,55.43,90.24,3.91,3.75,0.39,40,1.0,0.0862,94.12,17.95,0.1291,0
user_0183,45,55.51,90.11,3.99,3.75,0.4,39,0.99,0.0869,94.36,17.92,0.1288,0
user_0183,46,55.53,90.13,4.14,3.77,0.4,40,1.0,0.085,94.25,18.11,0.1291,0
user_0183,47,55.68,90.41,4.02,3.76,0.39,39,1.0,0.0859,94.26,18.05,0.1309,0
user_0183,48,55.54,90.62,4.09,3.79,0.39,39,1.01,0.0874,94.39,17.86,0.1299,0
user_0183,49,55.46,90.47,4.06,3.74,0.39,39,1.0,0.086,94.34,17.83,0.1311,0
user_0183,50,55.31,90.01,3.97,3.73,0.39,40,1.0,0.084,94.31,17.95,0.1285,0
user_0183,51,55.29,90.09,3.97,3.82,0.4,40,1.0,0.0889,94.4,18.05,0.1301,0
user_0183,52,55.65,90.31,4.02,3.78,0.39,39,1.0,0.0828,94.32,18.04,0.1301,0
user_0183,53,55.42,89.81,3.91,3.7,0.38,39,1.0,0.0867,94.32,18.03,0.1296,0
user_0183,54,55.83,89.88,4.16,3.73,0.4,39,1.0,0.086,94.25,17.99,0.1299,0
user_0183,55,55.18,89.93,3.94,3.81,0.39,40,1.01,0.085,94.29,18.03,0.1289,0
user_0183,56,55.62,90.47,4.01,3.78,0.4,39,0.99,0.0822,94.42,17.93,0.1295,0
user_0183,57,55.67,90.13,3.97,3.74,0.39,39,1.01,0.0844,94.39,18.08,0.1309,0
user_0183,58,55.76,90.19,4.04,3.76,0.41,39,1.01,0.0871,94.32,17.91,0.1293,0
user_0183,59,55.47,89.94,4.0,3.75,0.38,39,1.0,0.0864,94.31,17.91,0.1305,0
user_0184,0,52.96,122.8,4.04,5.14,0.39,40,1.01,0.0724,92.31,17.97,0.1039,0
user_0184,1,52.89,122.09,4.05,5.18,0.41,40,1.0,0.0738,92.39,18.01,0.1064,0
user_0184,2,53.2,122.54,3.88,5.14,0.4,40,1.0,0.0709,92.34,18.1,0.1062,0
user_0184,3,52.88,122.3,3.94,5.16,0.4,40,1.01,0.076,92.36,17.88,0.104,0
user_0184,4,52.97,122.68,3.9,5.18,0.4,39,1.0,0.0758,92.33,18.21,0.106,0
user_0184,5,53.05,122.18,4.09,5.17,0.39,39,1.0,0.0749,92.47,18.06,0.1059,0
user_0184,6,53.05,122.2,4.01,5.21,0.4,39,1.0,0.0751,92.39,17.94,0.1051,0
user_0184,7,52.97,122.35,4.04,5.17,0.39,40,1.0,0.0728,92.6,17.99,0.1039,0
user_0184,8,53.01,122.21,4.03,5.14,0.4,39,1.01,0.0761,92.25,17.78,0.1049,0
user_0184,9,52.81,122.11,3.98,5.17,0.39,40,1.0,0.0779,92.44,18.03,0.1054,0
user_0184,10,52.85,122.11,3.95,5.19,0.39,40,1.0,0.0745,92.3,18.03,0.1036,0
user_0184,11,52.88,121.86,3.97,5.2,0.39,40,1.0,0.0753,92.34,18.02,0.1057,0
user_0184,12,52.93,122.19,4.05,5.18,0.39,40,1.0,0.073,92.21,17.97,0.1058,0
user_0184,13,52.83,122.31,4.03,5.21,0.38,40,1.0,0.0771,92.22,18.07,0.1055,0
user_0184,14,44.78,142.42,8.32,6.69,1.28,58,0.86,0.196,84.92,22.89,0.2055,1
user_0184,15,44.87,142.27,8.64,6.68,1.3,57,0.86,0.1952,84.66,22.94,0.2067,1
user_0184,16,44.96,142.21,8.6,6.66,1.29,58,0.85,0.1954,84.71,23.07,0.2048,1
user_0184,17,45.07,142.46,8.67,6.64,1.29,57,0.85,0.1954,84.75,23.07,0.2055,1
user_0184,18,44.94,142.28,8.47,6.66,1.29,57,0.85,0.1951,84.75,23.01,0.2058,1
user_0184,19,45.01,142.44,8.52,6.66,1.28,57,0.86,0.1938,84.77,23.08,0.2045,1
user_0184,20,33.08,172.83,15.17,8.94,2.65,84,0.63,0.3736,73.67,30.46,0.3546,3
user_0184,21,33.12,172.02,15.21,8.9,2.63,85,0.62,0.3741,73.62,30.45,0.3563,3
user_0184,22,33.05,171.96,15.24,8.92,2.64,84,0.62,0.375,73.49,30.55,0.3557,3
user_0184,23,32.85,172.33,15.17,8.91,2.66,85,0.63,0.374,73.5,30.61,0.3551,3
user_0184,24,32.86,172.53,15.28,8.88,2.65,84,0.62,0.3745,73.48,30.42,0.3551,3
user_0184,25,33.05,172.46,15.19,8.92,2.63,85,0.62,0.3748,73.69,30.5,0.3531,3
user_0184,26,32.97,172.18,15.16,8.91,2.65,85,0.62,0.3747,73.53,30.39,0.3548,3
user_0184,27,32.97,172.28,15.31,8.93,2.64,84,0.62,0.375,73.5,30.5,0.3552,3
user_0184,28,33.15,172.62,15.17,8.93,2.64,85,0.62,0.37,73.52,30.48,0.3548,3
user_0184,29,32.85,172.06,15.3,8.9,2.64,84,0.62,0.3761,73.75,30.75,0.3552,3
user_0184,30,32.8,171.95,15.36,8.92,2.65,85,0.62,0.3744,73.74,30.42,0.3544,3
user_0184,31,32.96,171.99,15.12,8.87,2.66,85,0.62,0.3729,73.62,30.59,0.3562,3
user_0184,32,32.48,172.75,15.26,8.88,2.62,84,0.63,0.3764,73.65,30.54,0.356,3
user_0184,33,33.01,172.18,15.15,8.9,2.64,84,0.62,0.3741,73.74,30.41,0.355,3
user_0184,34,32.85,172.31,15.2,8.9,2.66,85,0.62,0.374,73.57,30.38,0.3541,3
user_0184,35,32.89,172.63,15.23,8.92,2.64,85,0.62,0.371,73.65,30.5,0.3541,3
user_0184,36,32.94,172.37,15.19,8.91,2.65,84,0.63,0.3766,73.61,30.35,0.3542,3
user_0184,37,32.95,172.4,15.28,8.95,2.63,84,0.63,0.3763,73.62,30.66,0.3544,3
user_0184,38,33.06,172.81,15.26,8.94,2.65,84,0.62,0.3726,73.66,30.46,0.3542,3
user_0184,39,33.17,172.9,15.21,8.95,2.65,84,0.63,0.3743,73.7,30.32,0.3559,3
user_0184,40,27.55,186.3,18.35,9.96,3.28,97,0.52,0.4573,68.38,34.33,0.4253,4
user_0184,41,27.32,186.65,18.36,9.99,3.27,97,0.52,0.4574,68.31,33.95,0.4251,4
user_0184,42,27.2,186.54,18.48,9.97,3.26,98,0.52,0.4587,68.32,34.06,0.4242,4
user_0184,43,27.38,186.24,18.32,9.99,3.27,97,0.51,0.4595,68.28,34.0,0.4248,4
user_0184,44,27.29,186.57,18.36,10.03,3.29,98,0.52,0.4589,68.38,33.92,0.4251,4
user_0184,45,27.32,186.54,18.36,9.99,3.27,97,0.51,0.4577,68.15,33.99,0.4253,4
user_0184,46,27.18,186.25,18.38,9.99,3.28,97,0.52,0.4593,68.16,33.91,0.4251,4
user_0184,47,27.42,186.14,18.4,9.97,3.28,97,0.52,0.46,68.34,34.14,0.4257,4
user_0184,48,27.26,186.38,18.39,10.02,3.26,97,0.52,0.4573,68.19,34.12,0.425,4
user_0184,49,27.37,186.39,18.42,9.99,3.27,97,0.52,0.4566,68.28,34.06,0.4255,4
user_0184,50,27.28,186.16,18.41,9.95,3.29,97,0.52,0.4596,68.39,34.06,0.4248,4
user_0184,51,27.27,186.14,18.45,9.98,3.26,97,0.52,0.4554,68.39,33.92,0.4255,4
user_0184,52,27.6,185.97,18.45,9.95,3.27,97,0.52,0.4574,68.34,34.07,0.4269,4
user_0184,53,27.56,186.04,18.42,10.03,3.28,97,0.52,0.4584,68.46,33.98,0.4262,4
user_0184,54,27.16,185.86,18.38,9.94,3.25,98,0.52,0.4587,68.32,34.1,0.4265,4
user_0184,55,27.19,186.24,18.38,9.99,3.27,97,0.52,0.4599,68.41,33.95,0.4245,4
user_0184,56,27.2,186.75,18.59,10.0,3.25,97,0.52,0.4581,68.12,33.89,0.427,4
user_0184,57,27.44,186.36,18.37,9.96,3.28,97,0.52,0.4598,68.27,34.11,0.4241,4
user_0184,58,27.21,186.58,18.35,10.0,3.28,97,0.52,0.4569,68.24,34.1,0.4248,4
user_0184,59,27.36,186.07,18.45,9.93,3.28,97,0.51,0.4584,68.56,33.96,0.4249,4
user_0185,0,57.43,130.92,4.04,5.49,0.39,39,0.99,0.1169,92.97,18.14,0.0921,0
user_0185,1,57.28,131.55,3.97,5.46,0.39,39,1.0,0.1145,92.92,18.16,0.0919,0
user_0185,2,57.26,131.84,3.93,5.48,0.37,39,1.01,0.1167,92.88,18.02,0.0904,0
user_0185,3,57.52,131.73,3.85,5.48,0.37,39,1.0,0.1185,92.93,18.01,0.0918,0
user_0185,4,57.53,131.82,4.06,5.45,0.39,40,0.99,0.1141,93.01,18.01,0.0916,0
user_0185,5,57.37,131.81,3.97,5.39,0.36,40,1.0,0.1149,92.9,18.04,0.093,0
user_0185,6,57.49,131.8,3.89,5.48,0.36,40,1.0,0.1163,92.86,17.96,0.0915,0
user_0185,7,57.74,131.89,4.05,5.44,0.38,39,1.0,0.1165,92.96,17.95,0.0928,0
user_0185,8,57.49,131.57,4.06,5.49,0.38,39,1.0,0.116,92.8,17.93,0.0931,0
user_0185,9,57.41,131.68,3.88,5.42,0.39,40,1.0,0.1148,92.93,18.01,0.0918,0
user_0185,10,57.37,131.8,3.94,5.44,0.36,39,0.99,0.117,92.92,18.0,0.0906,0
user_0185,11,57.27,131.6,3.87,5.48,0.38,40,1.0,0.1172,92.9,17.99,0.0931,0
user_0185,12,57.4,131.58,3.93,5.44,0.38,39,1.0,0.1168,92.94,18.01,0.0933,0
user_0185,13,57.48,131.63,4.05,5.42,0.38,40,1.0,0.116,92.94,17.86,0.0928,0
user_0185,14,47.96,155.62,9.42,7.23,1.47,62,0.81,0.2617,83.98,24.05,0.2109,1
user_0185,15,47.8,155.06,9.32,7.3,1.45,61,0.82,0.2602,83.9,24.11,0.2106,1
user_0185,16,47.82,155.79,9.36,7.29,1.47,61,0.82,0.2602,83.78,24.12,0.2102,1
user_0185,17,48.05,155.54,9.52,7.26,1.47,61,0.82,0.2617,83.88,23.95,0.2114,1
user_0185,18,47.87,155.85,9.35,7.23,1.46,61,0.82,0.2622,83.87,24.05,0.2133,1
user_0185,19,47.91,155.64,9.3,7.28,1.46,61,0.83,0.263,83.68,23.99,0.2132,1
user_0185,20,47.95,155.51,9.37,7.24,1.48,61,0.82,0.2612,83.87,24.14,0.2111,2
user_0185,21,47.96,155.57,9.34,7.24,1.47,61,0.82,0.2632,83.94,23.87,0.2106,2
user_0185,22,47.8,156.11,9.37,7.25,1.46,61,0.81,0.259,83.92,23.95,0.2114,2
user_0185,23,47.98,155.88,9.31,7.22,1.45,61,0.82,0.2598,83.79,23.96,0.2114,2
user_0185,24,47.98,155.75,9.33,7.25,1.45,61,0.81,0.2585,83.77,23.96,0.2114,2
user_0185,25,47.94,155.7,9.42,7.28,1.45,61,0.83,0.2602,83.91,24.01,0.2103,2
user_0185,26,47.77,155.41,9.5,7.22,1.45,61,0.81,0.2606,84.0,23.98,0.2118,2
user_0185,27,47.89,155.34,9.37,7.24,1.46,61,0.83,0.262,83.95,23.98,0.2102,2
user_0185,28,47.87,155.72,9.3,7.27,1.44,62,0.82,0.2605,83.96,23.87,0.2131,2
user_0185,29,48.0,155.95,9.4,7.21,1.45,61,0.82,0.2618,84.05,24.1,0.2126,2
user_0185,30,47.8,156.17,9.33,7.27,1.46,61,0.81,0.2635,83.68,23.75,0.21,2
user_0185,31,48.04,155.15,9.33,7.25,1.47,61,0.83,0.26,84.0,24.16,0.2116,2
user_0185,32,47.77,155.31,9.41,7.28,1.46,61,0.81,0.2609,83.88,23.99,0.2113,2
user_0185,33,48.1,155.67,9.41,7.28,1.46,61,0.82,0.2615,83.88,24.03,0.2121,2
user_0185,34,48.18,155.6,9.43,7.24,1.46,61,0.81,0.2613,83.86,24.1,0.2129,2
user_0185,35,47.86,155.79,9.22,7.25,1.46,61,0.82,0.2621,83.99,23.79,0.2121,2
user_0185,36,53.74,141.79,6.24,6.17,0.82,49,0.91,0.1775,89.17,20.48,0.1419,1
user_0185,37,53.35,141.85,6.25,6.21,0.82,48,0.93,0.1798,89.22,20.67,0.1439,1
user_0185,38,53.46,141.94,6.25,6.18,0.84,48,0.92,0.1783,89.11,20.45,0.1425,1
user_0185,39,53.59,141.71,6.3,6.24,0.82,49,0.93,0.1813,89.3,20.47,0.1422,1
user_0185,40,53.53,142.22,6.32,6.2,0.83,48,0.92,0.1793,89.16,20.65,0.1422,1
user_0185,41,53.34,141.38,6.22,6.23,0.84,48,0.92,0.1768,89.18,20.35,0.1409,1
user_0185,42,53.47,141.34,6.16,6.19,0.84,49,0.92,0.177,89.1,20.55,0.1409,1
user_0185,43,53.39,141.62,6.3,6.22,0.84,49,0.93,0.1772,89.15,20.42,0.1417,1
user_0185,44,53.49,141.57,6.23,6.24,0.82,48,0.92,0.1783,89.28,20.48,0.1411,1
user_0185,45,53.46,142.03,6.11,6.2,0.83,48,0.93,0.1765,89.07,20.67,0.1407,1
user_0185,46,53.49,141.64,6.29,6.19,0.82,49,0.92,0.1737,89.14,20.62,0.1421,1
user_0185,47,53.36,141.74,6.24,6.2,0.82,49,0.93,0.1754,89.27,20.51,0.143,1
user_0185,48,53.33,141.88,6.25,6.21,0.85,49,0.92,0.177,89.24,20.46,0.1407,1
user_0185,49,53.37,141.59,6.21,6.19,0.84,49,0.92,0.177,89.3,20.49,0.1412,1
user_0185,50,53.82,141.68,6.25,6.22,0.83,48,0.92,0.1784,89.3,20.48,0.1407,1
user_0185,51,53.45,141.55,6.2,6.22,0.85,49,0.92,0.1753,89.26,20.44,0.1402,1
user_0185,52,53.69,141.41,6.32,6.19,0.82,48,0.91,0.1748,89.23,20.47,0.1418,1
user_0185,53,53.6,141.95,6.33,6.23,0.82,48,0.92,0.1769,89.26,20.51,0.142,1
user_0185,54,53.76,141.73,6.22,6.15,0.84,48,0.93,0.1739,89.23,20.49,0.1397,1
user_0185,55,53.3,141.39,6.19,6.17,0.83,49,0.93,0.1761,89.23,20.77,0.1419,1
user_0185,56,53.3,141.63,6.26,6.16,0.84,48,0.93,0.1766,89.15,20.6,0.1412,1
user_0185,57,53.3,141.61,6.13,6.18,0.84,48,0.93,0.1731,89.23,20.41,0.1412,1
user_0185,58,53.63,141.67,6.24,6.2,0.84,48,0.93,0.1747,89.07,20.42,0.1404,1
user_0185,59,53.53,141.85,6.27,6.22,0.84,48,0.92,0.1785,89.03,20.53,0.142,1
user_0186,0,51.8,127.34,4.08,5.1,0.39,40,1.0,0.1041,93.55,18.04,0.124,0
user_0186,1,51.63,127.07,3.97,5.08,0.41,40,1.0,0.1047,93.38,17.92,0.126,0
user_0186,2,51.57,127.32,3.94,5.08,0.37,39,1.0,0.1059,93.49,18.25,0.1252,0
user_0186,3,51.68,127.1,4.04,5.04,0.39,39,1.0,0.1068,93.37,17.99,0.1232,0
user_0186,4,51.45,127.44,4.07,5.09,0.38,40,1.0,0.1064,93.43,18.19,0.125,0
user_0186,5,51.43,127.33,4.04,5.06,0.39,39,0.99,0.106,93.46,18.1,0.1253,0
user_0186,6,51.76,127.46,4.03,5.06,0.39,39,1.0,0.104,93.45,18.06,0.1239,0
user_0186,7,51.57,127.32,3.97,5.07,0.38,40,0.99,0.1039,93.39,18.09,0.1248,0
user_0186,8,51.45,127.41,4.05,5.03,0.38,40,1.0,0.1044,93.33,18.08,0.1237,0
user_0186,9,51.39,127.13,4.0,5.08,0.37,39,0.99,0.1047,93.47,17.99,0.1262,0
user_0186,10,51.28,127.5,4.19,5.04,0.38,39,1.0,0.1024,93.29,17.78,0.1246,0
user_0186,11,51.55,127.79,3.88,5.06,0.39,40,1.0,0.1037,93.48,18.11,0.1223,0
user_0186,12,51.43,127.47,3.94,5.07,0.4,40,1.0,0.103,93.6,17.94,0.1234,0
user_0186,13,51.8,127.78,3.96,5.0,0.4,39,1.0,0.1066,93.37,18.03,0.1247,0
user_0186,14,51.85,127.33,4.01,5.07,0.38,40,0.99,0.1046,93.4,17.95,0.1249,0
user_0186,15,51.43,127.4,4.05,5.07,0.38,40,1.0,0.1056,93.55,17.97,0.1256,0
user_0186,16,51.35,127.24,4.07,5.07,0.41,39,1.0,0.1041,93.36,18.11,0.1241,0
user_0186,17,51.63,127.55,4.03,5.04,0.4,39,1.01,0.1046,93.48,18.06,0.1229,0
user_0186,18,51.38,127.4,3.98,5.06,0.38,40,1.0,0.1041,93.36,17.97,0.1246,0
user_0186,19,51.62,127.28,3.93,5.06,0.39,40,1.0,0.1052,93.41,18.06,0.1235,0
user_0186,20,51.68,127.35,4.04,5.04,0.39,39,1.0,0.1059,93.44,18.0,0.1238,0
user_0186,21,51.5,127.71,3.89,5.11,0.4,40,1.0,0.1064,93.37,17.9,0.1242,0
user_0186,22,51.54,127.88,3.98,5.11,0.38,40,0.99,0.1017,93.65,18.08,0.125,0
user_0186,23,51.81,127.75,4.11,5.08,0.4,39,1.0,0.1062,93.59,17.99,0.1263,0
user_0186,24,51.04,127.69,4.1,5.07,0.39,39,1.0,0.1075,93.4,18.25,0.1238,0
user_0186,25,51.28,127.22,3.96,5.04,0.39,39,1.01,0.1049,93.4,18.06,0.1246,0
user_0186,26,51.32,127.3,3.91,5.09,0.41,39,1.0,0.1053,93.45,18.1,0.1237,0
user_0186,27,51.42,127.6,4.0,5.08,0.4,39,1.0,0.1088,93.5,18.12,0.1267,0
user_0186,28,51.65,126.78,4.09,5.04,0.4,39,1.0,0.1067,93.47,17.99,0.1231,0
user_0186,29,51.52,128.1,4.08,5.04,0.39,39,1.0,0.1033,93.48,17.98,0.1241,0
user_0186,30,51.72,127.12,4.03,5.08,0.37,40,1.0,0.1046,93.45,18.12,0.1251,0
user_0186,31,51.64,127.54,4.0,5.06,0.39,39,1.0,0.1067,93.43,17.96,0.1268,0
user_0186,32,51.55,127.8,4.1,5.06,0.39,40,1.0,0.1051,93.3,18.02,0.1252,0
user_0186,33,51.67,127.69,4.07,5.14,0.39,40,1.0,0.104,93.41,17.99,0.1249,0
user_0186,34,51.53,127.36,4.13,5.06,0.4,40,1.0,0.1056,93.27,17.86,0.1263,0
user_0186,35,51.28,127.37,3.95,5.08,0.37,40,1.01,0.1088,93.57,17.82,0.1235,0
user_0186,36,51.35,126.78,4.03,5.08,0.4,39,1.0,0.1048,93.41,17.89,0.125,0
user_0186,37,51.46,127.3,3.94,5.12,0.38,39,0.99,0.1077,93.48,18.18,0.1261,0
user_0186,38,51.78,127.56,3.88,5.04,0.38,39,1.0,0.1062,93.56,18.01,0.1246,0
user_0186,39,51.52,127.75,4.03,5.08,0.38,40,1.0,0.1043,93.49,18.05,0.1249,0
user_0186,40,51.61,127.32,3.96,5.09,0.38,39,1.0,0.1069,93.55,18.11,0.1243,0
user_0186,41,51.35,127.31,3.94,5.05,0.39,39,1.0,0.106,93.34,17.98,0.1235,0
user_0186,42,51.5,127.3,3.98,5.07,0.39,39,1.0,0.1031,93.64,17.74,0.1245,0
user_0186,43,51.34,127.41,3.91,5.09,0.39,39,1.0,0.1059,93.5,17.9,0.1249,0
user_0186,44,51.51,127.41,4.01,5.04,0.38,40,1.0,0.1044,93.46,18.16,0.1275,0
user_0186,45,51.5,127.46,3.97,5.06,0.41,39,1.0,0.1041,93.53,18.06,0.1248,0
user_0186,46,51.55,127.44,3.99,5.01,0.39,40,1.0,0.1066,93.32,17.93,0.125,0
user_0186,47,51.46,127.78,4.07,5.09,0.4,40,0.99,0.1047,93.38,17.78,0.1236,0
user_0186,48,51.45,127.58,4.02,5.06,0.4,39,0.99,0.1051,93.3,18.12,0.1249,0
user_0186,49,51.65,127.37,4.03,5.06,0.39,40,0.99,0.1055,93.39,18.04,0.1258,0
user_0186,50,51.76,128.04,3.96,5.09,0.41,40,1.0,0.1055,93.45,18.03,0.1263,0
user_0186,51,51.7,127.29,4.05,5.08,0.4,40,1.0,0.1073,93.69,17.97,0.1236,0
user_0186,52,51.54,127.66,3.95,5.08,0.39,39,1.0,0.1054,93.64,17.91,0.1242,0
user_0186,53,51.54,127.58,4.0,5.1,0.38,40,1.0,0.1047,93.36,17.88,0.1242,0
user_0186,54,51.51,127.58,3.97,5.06,0.4,39,1.0,0.1078,93.44,17.93,0.1247,0
user_0186,55,51.49,127.23,4.06,5.02,0.38,39,0.99,0.1034,93.58,18.0,0.1259,0
user_0186,56,51.57,127.51,3.9,5.05,0.4,40,1.01,0.1059,93.43,18.09,0.1256,0
user_0186,57,51.38,127.67,4.0,5.07,0.4,40,1.0,0.1057,93.55,18.01,0.1248,0
user_0186,58,51.65,127.63,4.25,5.06,0.39,40,1.01,0.1044,93.5,17.93,0.126,0
user_0186,59,51.62,127.34,3.91,5.03,0.39,40,1.0,0.1072,93.53,18.09,0.1237,0
user_0187,0,62.71,107.75,3.84,4.43,0.36,40,1.0,0.0998,99.12,18.02,0.1311,0
user_0187,1,62.77,107.68,4.01,4.44,0.35,40,1.0,0.1008,98.78,17.93,0.1306,0
user_0187,2,62.74,107.18,4.0,4.41,0.36,40,0.99,0.099,99.12,17.9,0.1299,0
user_0187,3,62.92,107.62,4.02,4.43,0.38,40,1.0,0.1018,99.14,18.04,0.1295,0
user_0187,4,63.02,107.45,4.09,4.4,0.39,40,1.01,0.0996,99.01,18.1,0.1323,0
user_0187,5,62.73,107.68,3.93,4.44,0.37,40,0.99,0.1012,98.93,17.88,0.1306,0
user_0187,6,62.87,107.47,4.0,4.4,0.37,39,1.0,0.0994,99.19,17.94,0.1317,0
user_0187,7,62.99,107.8,4.02,4.4,0.36,40,0.99,0.1013,99.11,18.1,0.1308,0
user_0187,8,62.68,107.78,3.93,4.44,0.37,39,1.01,0.1011,99.06,18.04,0.1306,0
user_0187,9,62.8,107.67,3.9,4.41,0.36,39,1.0,0.1024,98.97,18.03,0.1307,0
user_0187,10,62.84,107.7,4.05,4.44,0.38,40,0.99,0.1031,99.26,18.16,0.1306,0
user_0187,11,62.84,107.74,4.11,4.45,0.36,40,1.0,0.1006,99.05,18.04,0.1303,0
user_0187,12,62.7,107.6,4.07,4.44,0.38,39,1.0,0.1007,99.06,17.98,0.1303,0
user_0187,13,62.84,107.26,3.88,4.42,0.37,39,1.0,0.0988,98.9,17.97,0.1318,0
user_0187,14,62.92,107.11,3.84,4.44,0.38,39,1.0,0.1014,99.03,18.09,0.1307,0
user_0187,15,62.89,107.58,4.01,4.39,0.38,40,1.0,0.0998,98.99,17.97,0.1293,0
user_0187,16,62.82,107.26,4.07,4.45,0.36,39,0.99,0.0997,98.85,18.06,0.1299,0
user_0187,17,62.76,107.37,4.03,4.42,0.35,39,1.0,0.1006,98.99,18.04,0.1323,0
user_0187,18,62.74,107.95,3.96,4.41,0.36,39,1.0,0.1016,98.79,17.91,0.1319,0
user_0187,19,62.72,107.67,3.97,4.39,0.36,39,1.0,0.1016,98.99,17.94,0.1297,0
user_0187,20,62.85,107.91,4.05,4.42,0.36,39,0.99,0.0992,98.92,17.93,0.1313,0
user_0187,21,62.81,107.4,4.07,4.46,0.37,40,1.0,0.1027,99.07,18.17,0.1302,0
user_0187,22,62.73,107.78,3.93,4.38,0.34,39,1.01,0.1009,98.9,17.95,0.1305,0
user_0187,23,62.52,107.69,3.99,4.43,0.36,39,0.99,0.1016,99.0,18.06,0.1295,0
user_0187,24,62.92,107.76,3.96,4.45,0.35,40,1.0,0.1,99.07,18.09,0.1311,0
user_0187,25,62.95,107.16,3.98,4.41,0.35,40,1.0,0.0994,99.01,18.14,0.1327,0
user_0187,26,62.99,107.4,3.94,4.42,0.37,40,1.0,0.1003,99.07,17.94,0.1313,0
user_0187,27,62.77,107.82,3.86,4.41,0.36,40,1.01,0.0994,99.1,18.08,0.1312,0
user_0187,28,62.71,107.79,4.07,4.43,0.36,40,1.01,0.1008,99.08,18.18,0.1315,0
user_0187,29,62.68,107.65,3.98,4.42,0.38,39,0.99,0.1,98.91,17.99,0.1305,0
user_0187,30,62.88,107.38,4.08,4.39,0.35,39,1.0,0.0974,99.02,18.0,0.1301,0
user_0187,31,62.7,107.54,4.09,4.47,0.36,39,1.0,0.1009,99.17,17.96,0.1311,0
user_0187,32,62.78,107.27,4.08,4.44,0.38,39,1.0,0.1015,99.04,18.06,0.132,0
user_0187,33,62.62,107.86,4.0,4.38,0.34,39,1.01,0.1003,98.99,18.06,0.1308,0
user_0187,34,62.68,107.87,3.87,4.45,0.35,39,0.99,0.0991,98.89,18.08,0.1305,0
user_0187,35,62.83,107.31,3.96,4.44,0.37,39,1.0,0.1005,99.19,18.11,0.1328,0
user_0187,36,62.87,107.54,4.06,4.47,0.35,39,0.99,0.1027,99.09,18.03,0.1301,0
user_0187,37,62.89,107.72,3.99,4.4,0.36,40,1.0,0.1024,99.1,17.94,0.1302,0
user_0187,38,62.94,107.91,4.02,4.39,0.36,39,1.01,0.1004,98.98,17.94,0.1285,0
user_0187,39,62.73,107.62,3.93,4.44,0.35,40,1.0,0.0998,98.89,17.99,0.1296,0
user_0187,40,62.77,107.69,3.99,4.4,0.36,40,1.01,0.0997,98.94,17.99,0.1294,0
user_0187,41,62.68,107.83,4.08,4.45,0.35,40,1.0,0.0993,99.12,18.22,0.1304,0
user_0187,42,63.02,107.34,3.98,4.42,0.38,39,1.01,0.0979,99.1,18.01,0.1318,0
user_0187,43,62.8,107.68,3.93,4.45,0.36,40,1.0,0.1014,98.86,17.97,0.1302,0
user_0187,44,62.79,107.24,4.02,4.44,0.37,40,1.0,0.1022,98.94,18.1,0.1304,0
user_0187,45,63.12,107.59,4.0,4.41,0.36,39,1.0,0.1006,98.89,18.27,0.1315,0
user_0187,46,62.79,107.28,3.91,4.45,0.37,39,1.0,0.0985,99.11,18.11,0.1307,0
user_0187,47,62.78,107.89,4.11,4.41,0.37,40,1.0,0.0994,98.92,18.02,0.1306,0
user_0187,48,62.83,107.91,3.99,4.45,0.36,39,1.0,0.1016,99.02,17.99,0.1316,0
user_0187,49,62.65,107.79,4.05,4.44,0.37,40,1.01,0.1007,98.93,18.0,0.1301,0
user_0187,50,62.72,107.51,4.06,4.38,0.35,39,1.0,0.0979,98.95,18.13,0.1309,0
user_0187,51,62.63,107.7,4.1,4.42,0.36,39,0.99,0.0986,98.93,17.93,0.1303,0
user_0187,52,62.63,107.8,4.02,4.41,0.36,39,0.99,0.0994,98.86,17.95,0.1305,0
user_0187,53,62.64,107.67,4.07,4.47,0.37,40,1.0,0.0984,98.88,17.98,0.1305,0
user_0187,54,62.93,107.49,4.0,4.42,0.35,40,1.0,0.0991,99.0,17.93,0.1316,0
user_0187,55,62.93,107.53,4.02,4.46,0.35,40,0.99,0.1006,98.79,18.02,0.1313,0
user_0187,56,62.74,107.65,3.92,4.42,0.37,40,1.0,0.0987,98.85,18.12,0.1301,0
user_0187,57,62.71,107.06,3.98,4.49,0.38,40,1.01,0.0992,99.15,18.02,0.1313,0
user_0187,58,62.71,107.75,4.23,4.45,0.36,39,1.0,0.1003,98.94,18.01,0.1305,0
user_0187,59,62.94,107.16,3.99,4.43,0.34,39,1.01,0.1001,99.05,17.92,0.1295,0
user_0188,0,59.99,129.54,3.96,3.68,0.29,39,1.0,0.1053,95.81,17.89,0.1398,0
user_0188,1,59.83,129.25,3.95,3.69,0.28,39,1.0,0.1073,95.89,18.05,0.1419,0
user_0188,2,59.7,129.26,4.12,3.67,0.29,39,1.0,0.1101,96.04,18.04,0.1417,0
user_0188,3,59.67,128.84,4.09,3.66,0.31,39,1.0,0.1091,95.87,18.05,0.1413,0
user_0188,4,59.84,129.54,3.96,3.69,0.32,40,1.0,0.1069,95.9,17.91,0.1427,0
user_0188,5,59.89,128.92,3.99,3.66,0.28,39,1.0,0.1085,95.72,17.97,0.1447,0
user_0188,6,59.98,129.01,4.05,3.63,0.3,39,1.0,0.1066,95.98,17.81,0.1407,0
user_0188,7,59.81,129.14,4.04,3.64,0.28,40,1.0,0.1049,95.82,18.04,0.1419,0
user_0188,8,59.85,129.13,3.95,3.66,0.29,40,1.0,0.1094,95.85,18.0,0.1429,0
user_0188,9,59.68,128.94,4.0,3.59,0.28,40,1.01,0.108,95.94,17.86,0.14,0
user_0188,10,59.89,129.33,4.01,3.64,0.28,40,1.01,0.1088,96.05,17.96,0.1414,0
user_0188,11,59.86,128.86,4.03,3.66,0.29,39,1.0,0.1072,95.72,17.95,0.1394,0
user_0188,12,59.64,129.33,4.01,3.67,0.29,40,1.0,0.1065,95.88,17.9,0.1419,0
user_0188,13,59.84,129.36,4.0,3.69,0.29,39,1.0,0.1074,95.84,17.97,0.1441,0
user_0188,14,50.65,153.09,9.3,5.46,1.38,61,0.83,0.2531,86.78,24.08,0.2616,1
user_0188,15,50.0,153.47,9.42,5.48,1.39,61,0.82,0.2506,86.94,23.95,0.2599,1
user_0188,16,50.11,152.82,9.44,5.45,1.38,61,0.81,0.2506,86.86,23.96,0.2628,1
user_0188,17,50.34,153.2,9.48,5.48,1.38,61,0.82,0.2517,86.9,24.03,0.2605,1
user_0188,18,50.28,153.66,9.31,5.46,1.38,61,0.83,0.2495,86.86,23.83,0.2594,1
user_0188,19,50.16,153.26,9.41,5.47,1.36,61,0.82,0.2491,86.92,24.02,0.2625,1
user_0188,20,50.16,153.69,9.35,5.45,1.38,61,0.82,0.2522,86.87,24.17,0.2627,2
user_0188,21,50.38,152.81,9.37,5.47,1.38,61,0.82,0.2514,86.75,23.88,0.2622,2
user_0188,22,50.32,153.1,9.37,5.42,1.38,61,0.82,0.2517,86.89,24.02,0.2631,2
user_0188,23,50.15,153.34,9.48,5.47,1.37,61,0.82,0.2529,86.95,24.06,0.261,2
user_0188,24,50.27,153.52,9.39,5.46,1.35,61,0.82,0.2526,86.77,24.06,0.2619,2
user_0188,25,50.5,153.41,9.35,5.42,1.37,62,0.82,0.2518,87.05,24.05,0.2612,2
user_0188,26,50.11,153.56,9.44,5.42,1.36,61,0.82,0.2506,86.96,24.09,0.2632,2
user_0188,27,50.31,152.98,9.4,5.47,1.4,61,0.82,0.2525,86.8,23.99,0.2608,2
user_0188,28,50.36,152.86,9.34,5.45,1.37,61,0.81,0.2505,86.92,24.2,0.2616,2
user_0188,29,50.08,153.3,9.27,5.44,1.38,61,0.82,0.2533,87.02,24.2,0.262,2
user_0188,30,49.92,153.49,9.35,5.43,1.36,61,0.82,0.2479,86.98,24.05,0.2624,2
user_0188,31,50.27,153.2,9.37,5.49,1.38,61,0.82,0.2513,87.0,23.93,0.2599,2
user_0188,32,50.21,152.99,9.36,5.44,1.38,61,0.82,0.2515,86.85,23.96,0.2615,2
user_0188,33,50.19,153.08,9.32,5.45,1.38,61,0.81,0.2522,86.69,24.01,0.2619,2
user_0188,34,50.18,153.81,9.45,5.47,1.37,61,0.83,0.2544,86.79,23.87,0.2617,2
user_0188,35,50.41,153.37,9.36,5.43,1.38,61,0.82,0.252,86.89,24.18,0.2638,2
user_0188,36,55.88,139.58,6.26,4.44,0.73,49,0.93,0.1664,92.04,20.44,0.1924,1
user_0188,37,55.88,139.61,6.09,4.4,0.74,48,0.93,0.1663,92.31,20.53,0.1914,1
user_0188,38,55.98,139.24,6.45,4.39,0.73,48,0.93,0.1673,91.96,20.64,0.1932,1
user_0188,39,55.81,138.78,6.09,4.42,0.72,49,0.94,0.1681,92.14,20.44,0.1914,1
user_0188,40,55.88,139.18,6.29,4.41,0.73,49,0.93,0.1662,91.98,20.38,0.1917,1
user_0188,41,55.77,139.27,6.14,4.41,0.76,49,0.93,0.1691,92.1,20.44,0.1899,1
user_0188,42,55.74,139.33,6.29,4.4,0.74,48,0.93,0.1652,92.18,20.4,0.1908,1
user_0188,43,55.63,138.86,6.23,4.43,0.73,48,0.91,0.1687,92.1,20.54,0.1912,1
user_0188,44,55.68,139.01,6.2,4.44,0.73,48,0.92,0.1684,92.16,20.29,0.1913,1
user_0188,45,55.81,138.84,6.29,4.43,0.78,48,0.93,0.1683,92.11,20.4,0.1919,1
user_0188,46,55.83,139.31,6.3,4.45,0.74,48,0.93,0.1656,91.93,20.54,0.1923,1
user_0188,47,55.67,139.01,6.3,4.43,0.75,48,0.93,0.1686,92.24,20.48,0.1913,1
user_0188,48,56.01,139.32,6.22,4.42,0.75,48,0.92,0.1666,92.17,20.43,0.1912,1
user_0188,49,55.84,139.47,6.27,4.39,0.76,49,0.93,0.1687,92.25,20.5,0.1928,1
user_0188,50,55.94,139.13,6.24,4.4,0.74,49,0.93,0.1689,92.12,20.5,0.1915,1
user_0188,51,55.98,139.53,6.28,4.41,0.72,49,0.92,0.1666,92.25,20.5,0.1928,1
user_0188,52,55.78,138.8,6.25,4.42,0.75,49,0.92,0.1674,92.12,20.67,0.1927,1
user_0188,53,55.81,139.15,6.22,4.39,0.76,49,0.93,0.1664,92.25,20.38,0.1927,1
user_0188,54,55.82,139.51,6.18,4.44,0.75,48,0.93,0.167,92.05,20.5,0.1924,1
user_0188,55,55.63,139.12,6.27,4.4,0.74,48,0.93,0.1679,91.98,20.52,0.1921,1
user_0188,56,55.95,139.13,6.24,4.44,0.76,49,0.92,0.1661,92.06,20.47,0.1927,1
user_0188,57,56.0,139.6,6.23,4.37,0.74,49,0.94,0.1669,92.13,20.59,0.1908,1
user_0188,58,55.83,138.95,6.26,4.42,0.74,48,0.93,0.1676,92.03,20.46,0.1919,1
user_0188,59,55.81,139.37,6.28,4.39,0.75,48,0.93,0.1651,92.1,20.52,0.1931,1
user_0189,0,60.09,127.39,3.99,4.45,0.21,39,1.0,0.0673,98.06,17.83,0.1734,0
user_0189,1,60.19,127.26,4.19,4.46,0.2,40,1.01,0.0675,98.0,18.16,0.1753,0
user_0189,2,60.08,127.26,3.91,4.5,0.19,39,1.0,0.0626,98.02,18.15,0.174,0
user_0189,3,59.87,126.7,3.92,4.42,0.21,39,1.0,0.0648,97.95,17.96,0.1764,0
user_0189,4,60.1,126.89,3.98,4.45,0.19,40,1.0,0.0645,98.03,18.06,0.1754,0
user_0189,5,60.27,127.05,3.87,4.47,0.21,40,0.99,0.0649,97.8,18.01,0.1727,0
user_0189,6,59.95,127.8,3.9,4.47,0.2,39,1.01,0.0634,97.97,17.99,0.1753,0
user_0189,7,60.42,127.02,4.03,4.48,0.18,39,1.0,0.0633,97.91,17.71,0.1738,0
user_0189,8,59.78,127.23,3.84,4.44,0.19,39,1.0,0.065,97.81,18.0,0.1725,0
user_0189,9,60.01,127.03,3.97,4.45,0.2,39,1.0,0.0611,98.03,17.87,0.173,0
user_0189,10,59.87,127.45,3.99,4.47,0.18,39,1.01,0.0637,97.86,17.94,0.1751,0
user_0189,11,60.25,126.63,3.98,4.44,0.19,39,1.0,0.0624,97.87,17.98,0.1744,0
user_0189,12,60.11,127.27,4.01,4.47,0.18,39,1.0,0.064,98.05,18.02,0.1757,0
user_0189,13,60.27,127.12,3.87,4.48,0.19,39,1.0,0.064,97.95,18.0,0.1736,0
user_0189,14,59.92,127.5,4.08,4.45,0.19,40,1.0,0.0645,98.15,18.15,0.1733,0
user_0189,15,60.06,126.95,4.05,4.43,0.21,39,0.99,0.0623,97.9,18.04,0.1756,0
user_0189,16,59.91,127.43,3.97,4.42,0.2,39,1.0,0.0668,98.04,18.25,0.1743,0
user_0189,17,60.08,126.96,4.06,4.44,0.18,39,1.0,0.068,97.98,17.98,0.1753,0
user_0189,18,60.07,126.84,4.02,4.49,0.19,40,1.0,0.0658,97.91,17.97,0.1748,0
user_0189,19,59.96,127.04,4.05,4.48,0.19,39,1.0,0.0651,97.93,17.95,0.1751,0
user_0189,20,59.88,127.17,3.75,4.46,0.19,40,0.99,0.0631,98.03,18.23,0.1752,0
user_0189,21,60.33,127.59,4.02,4.48,0.21,40,0.99,0.0649,97.94,17.95,0.1746,0
user_0189,22,59.93,127.12,3.96,4.44,0.19,40,0.99,0.0658,98.18,17.9,0.1745,0
user_0189,23,60.02,126.82,4.04,4.46,0.2,40,1.0,0.0632,97.78,18.06,0.1761,0
user_0189,24,59.82,127.42,3.99,4.43,0.21,40,1.0,0.062,98.13,17.93,0.1749,0
user_0189,25,60.19,127.33,4.06,4.48,0.22,39,1.0,0.0665,97.96,17.78,0.176,0
user_0189,26,60.06,126.99,4.02,4.47,0.18,39,1.0,0.0628,98.04,18.17,0.1727,0
user_0189,27,60.07,127.36,4.01,4.47,0.2,40,1.0,0.0627,97.81,17.88,0.1762,0
user_0189,28,59.94,127.27,4.07,4.45,0.2,40,1.0,0.0625,98.05,18.05,0.174,0
user_0189,29,60.2,127.2,4.02,4.46,0.19,39,1.01,0.0666,97.88,17.98,0.1753,0
user_0189,30,60.1,127.63,4.04,4.46,0.17,39,1.0,0.0636,97.98,18.09,0.1745,0
user_0189,31,59.96,127.39,3.98,4.46,0.18,40,1.0,0.0655,97.94,17.98,0.1738,0
user_0189,32,60.21,127.31,4.12,4.46,0.18,40,1.01,0.0638,97.85,18.19,0.1748,0
user_0189,33,60.2,127.09,4.02,4.45,0.19,40,0.99,0.0655,98.05,17.94,0.175,0
user_0189,34,60.26,127.12,4.01,4.44,0.18,39,1.0,0.0649,98.09,18.03,0.1743,0
user_0189,35,59.95,127.52,4.08,4.45,0.19,40,1.0,0.0641,97.88,18.16,0.1736,0
user_0189,36,59.95,127.39,4.0,4.45,0.2,40,1.0,0.0636,97.89,17.93,0.1742,0
user_0189,37,59.97,127.05,4.06,4.47,0.18,40,1.0,0.0619,97.86,18.1,0.1758,0
user_0189,38,59.96,127.4,3.98,4.51,0.17,40,1.0,0.0671,98.04,17.82,0.1742,0
user_0189,39,60.11,127.06,3.99,4.44,0.19,39,1.0,0.0654,97.9,17.98,0.1753,0
user_0189,40,60.12,126.82,3.94,4.44,0.19,39,0.99,0.0604,97.87,18.09,0.1746,0
user_0189,41,59.97,127.27,4.01,4.52,0.2,39,1.0,0.0655,97.94,18.09,0.1758,0
user_0189,42,60.0,126.94,4.06,4.45,0.19,40,1.01,0.0636,97.93,18.04,0.1733,0
user_0189,43,59.98,127.43,4.01,4.48,0.19,40,1.0,0.064,98.05,17.87,0.1741,0
user_0189,44,60.08,127.36,3.83,4.43,0.19,39,1.0,0.0637,97.86,18.05,0.1735,0
user_0189,45,59.96,127.04,3.96,4.41,0.19,40,1.0,0.0608,97.81,17.89,0.1743,0
user_0189,46,59.78,127.35,4.12,4.48,0.2,40,1.01,0.0651,97.84,18.13,0.1749,0
user_0189,47,59.97,127.35,3.97,4.44,0.21,39,1.0,0.0629,97.87,17.86,0.1744,0
user_0189,48,60.16,127.37,4.01,4.45,0.18,40,1.0,0.0637,97.89,18.16,0.1736,0
user_0189,49,60.17,126.97,3.95,4.48,0.19,39,1.01,0.0625,98.02,18.12,0.1746,0
user_0189,50,60.06,127.29,3.89,4.44,0.2,39,1.0,0.0623,97.89,18.06,0.1732,0
user_0189,51,59.77,127.48,4.0,4.42,0.2,39,1.0,0.0629,97.78,18.11,0.1738,0
user_0189,52,60.25,127.26,3.96,4.43,0.19,40,1.0,0.0651,97.94,18.05,0.1742,0
user_0189,53,60.26,127.15,4.04,4.4,0.2,40,1.01,0.0636,98.13,18.0,0.1761,0
user_0189,54,60.09,127.1,4.11,4.44,0.19,40,1.0,0.0651,97.99,18.06,0.1751,0
user_0189,55,59.85,126.74,4.02,4.44,0.18,39,1.0,0.064,98.04,17.91,0.1764,0
user_0189,56,60.18,127.16,4.15,4.4,0.2,40,1.01,0.0635,97.85,18.02,0.1741,0
user_0189,57,60.08,127.33,3.88,4.48,0.16,40,1.0,0.0632,97.8,18.06,0.175,0
user_0189,58,60.03,127.15,4.05,4.4,0.18,40,1.0,0.0653,97.86,17.99,0.1741,0
user_0189,59,60.28,127.14,4.08,4.46,0.18,40,1.0,0.0622,97.93,18.0,0.1761,0
user_0190,0,66.43,110.53,4.13,2.81,0.42,40,1.0,0.1117,90.79,17.96,0.0772,0
user_0190,1,66.27,110.37,3.98,2.78,0.41,40,1.0,0.111,90.76,18.01,0.0765,0
user_0190,2,66.62,110.04,3.85,2.68,0.44,39,1.01,0.1087,90.89,18.23,0.0774,0
user_0190,3,66.64,110.82,3.93,2.77,0.43,39,1.0,0.1104,90.83,18.07,0.0781,0
user_0190,4,66.67,110.68,4.12,2.76,0.42,39,1.0,0.1121,90.82,18.0,0.0759,0
user_0190,5,66.35,110.95,3.94,2.8,0.42,39,0.99,0.1118,90.76,18.27,0.0764,0
user_0190,6,66.7,110.88,4.01,2.76,0.42,40,1.0,0.1095,90.61,17.93,0.0768,0
user_0190,7,66.44,110.96,3.95,2.8,0.44,39,1.0,0.1104,90.84,17.84,0.0766,0
user_0190,8,66.36,110.66,4.16,2.74,0.42,39,1.0,0.112,90.96,18.23,0.0754,0
user_0190,9,66.31,110.54,3.98,2.75,0.42,40,1.0,0.1132,90.69,18.05,0.0766,0
user_0190,10,66.56,110.98,3.94,2.79,0.41,40,1.0,0.1128,90.86,17.97,0.0778,0
user_0190,11,66.72,110.76,4.01,2.79,0.41,40,1.01,0.1089,90.74,18.02,0.0766,0
user_0190,12,66.58,110.84,3.99,2.71,0.4,39,1.0,0.1134,90.92,17.9,0.0771,0
user_0190,13,66.74,110.49,4.12,2.76,0.42,40,1.0,0.1107,91.03,17.94,0.0764,0
user_0190,14,66.46,110.59,3.95,2.75,0.44,40,1.0,0.1099,90.8,17.7,0.0768,0
user_0190,15,66.74,110.49,3.96,2.76,0.41,39,1.0,0.1092,90.6,18.1,0.0765,0
user_0190,16,66.37,110.85,4.08,2.73,0.43,40,1.01,0.111,90.87,17.92,0.0763,0
user_0190,17,66.67,110.71,3.89,2.73,0.44,40,1.0,0.1107,91.02,18.06,0.0766,0
user_0190,18,66.53,111.25,3.93,2.77,0.43,39,0.99,0.111,91.09,18.08,0.0785,0
user_0190,19,66.62,110.64,4.04,2.78,0.42,39,1.0,0.1088,90.92,17.91,0.0769,0
user_0190,20,66.86,110.33,3.93,2.75,0.44,39,1.0,0.1109,90.9,18.04,0.0755,0
user_0190,21,66.45,110.72,3.84,2.78,0.42,40,1.0,0.1105,90.85,18.0,0.0762,0
user_0190,22,66.51,110.48,4.01,2.75,0.44,39,1.0,0.1119,90.79,17.95,0.0775,0
user_0190,23,66.45,110.28,4.01,2.76,0.43,40,1.0,0.1125,90.62,17.96,0.0763,0
user_0190,24,66.58,110.81,3.91,2.73,0.42,39,1.0,0.1125,90.98,17.99,0.0766,0
user_0190,25,66.52,110.78,4.0,2.78,0.41,40,1.01,0.1099,90.61,17.93,0.0765,0
user_0190,26,66.49,110.69,4.0,2.75,0.42,40,0.99,0.1094,90.96,18.08,0.0763,0
user_0190,27,66.64,110.69,4.2,2.75,0.45,40,1.0,0.1109,90.81,17.98,0.0764,0
user_0190,28,66.44,110.69,4.07,2.75,0.41,40,1.01,0.1111,90.94,18.04,0.0765,0
user_0190,29,66.54,110.62,3.96,2.77,0.43,40,1.0,0.1117,90.73,18.19,0.0776,0
user_0190,30,66.58,110.27,3.87,2.76,0.42,39,1.0,0.1116,90.79,17.99,0.0764,0
user_0190,31,66.91,110.81,4.1,2.73,0.43,40,1.0,0.1112,90.82,17.91,0.0768,0
user_0190,32,66.31,110.32,3.99,2.79,0.43,39,0.99,0.1148,90.82,17.83,0.0761,0
user_0190,33,66.47,110.86,4.11,2.78,0.44,40,1.0,0.1095,90.95,18.02,0.0759,0
user_0190,34,66.3,110.79,3.94,2.76,0.43,39,1.0,0.1092,90.8,17.88,0.0771,0
user_0190,35,66.41,110.73,3.94,2.74,0.41,39,1.0,0.1131,90.83,17.96,0.0769,0
user_0190,36,66.64,110.94,4.12,2.76,0.43,39,1.01,0.1113,91.0,18.02,0.076,0
user_0190,37,66.9,110.51,3.98,2.72,0.42,39,0.99,0.1111,90.93,17.87,0.0766,0
user_0190,38,66.49,110.23,4.07,2.79,0.43,39,0.99,0.1112,90.95,17.89,0.0766,0
user_0190,39,66.51,110.96,4.04,2.74,0.43,40,1.0,0.1109,90.89,17.87,0.0761,0
user_0190,40,66.57,110.55,4.01,2.77,0.43,40,1.0,0.1128,90.74,18.06,0.0765,0
user_0190,41,66.61,110.92,3.91,2.78,0.42,39,0.99,0.1094,90.83,17.97,0.0774,0
user_0190,42,66.56,110.55,4.07,2.78,0.44,40,0.99,0.1108,90.87,17.95,0.0766,0
user_0190,43,66.91,110.18,3.95,2.8,0.42,40,1.0,0.1138,90.67,17.97,0.0775,0
user_0190,44,66.59,110.74,4.09,2.75,0.42,39,1.0,0.1109,90.82,18.08,0.0741,0
user_0190,45,66.49,110.73,3.99,2.78,0.43,39,0.99,0.1117,90.91,18.12,0.078,0
user_0190,46,66.49,110.48,3.95,2.76,0.43,39,1.0,0.1107,90.83,18.02,0.0768,0
user_0190,47,66.68,110.92,4.08,2.73,0.42,40,1.0,0.1108,90.86,18.05,0.0753,0
user_0190,48,66.23,110.76,4.04,2.8,0.44,39,1.0,0.1116,90.69,17.9,0.0751,0
user_0190,49,67.02,110.61,4.16,2.72,0.43,39,1.0,0.1113,90.85,18.02,0.0771,0
user_0190,50,66.37,110.58,3.95,2.73,0.42,40,0.99,0.1119,90.75,17.85,0.0752,0
user_0190,51,66.5,110.91,4.04,2.77,0.43,40,1.0,0.11,90.92,18.01,0.0756,0
user_0190,52,66.37,110.4,4.02,2.75,0.44,39,0.99,0.1119,90.76,18.03,0.0762,0
user_0190,53,66.47,110.74,3.98,2.75,0.42,39,1.0,0.1099,90.78,17.87,0.0764,0
user_0190,54,66.79,111.14,4.0,2.78,0.44,40,1.0,0.1088,90.98,17.97,0.078,0
user_0190,55,66.44,110.29,4.11,2.76,0.43,39,1.01,0.1132,90.87,18.13,0.0777,0
user_0190,56,66.5,111.2,4.05,2.75,0.44,39,1.01,0.1099,90.88,17.98,0.0767,0
user_0190,57,66.56,110.64,4.01,2.83,0.42,40,1.0,0.1084,90.8,18.05,0.0776,0
user_0190,58,66.39,110.95,4.01,2.8,0.42,39,0.99,0.1126,90.99,18.0,0.0766,0
user_0190,59,66.43,110.69,4.01,2.77,0.43,39,1.0,0.1093,90.9,18.02,0.0761,0
user_0191,0,50.95,110.43,3.92,4.16,0.41,39,1.0,0.0713,94.83,18.25,0.1173,0
user_0191,1,50.85,110.21,3.94,4.17,0.42,39,0.99,0.0717,94.77,17.98,0.1192,0
user_0191,2,50.85,110.68,4.08,4.19,0.4,39,1.0,0.0705,94.77,17.97,0.1183,0
user_0191,3,51.1,109.87,4.0,4.14,0.41,39,1.01,0.0693,94.73,18.0,0.1169,0
user_0191,4,50.81,110.25,4.03,4.17,0.42,40,1.0,0.0695,94.63,17.98,0.1182,0
user_0191,5,50.84,110.25,4.11,4.16,0.41,40,1.0,0.0709,94.7,17.95,0.1171,0
user_0191,6,50.9,109.99,3.94,4.12,0.43,39,1.0,0.0719,94.59,17.94,0.1194,0
user_0191,7,50.85,109.51,4.04,4.15,0.42,39,1.0,0.0733,94.92,18.14,0.1183,0
user_0191,8,50.95,109.57,4.05,4.15,0.4,40,1.0,0.0735,94.68,17.83,0.12,0
user_0191,9,50.83,110.03,4.11,4.13,0.42,39,1.0,0.071,94.65,17.98,0.1191,0
user_0191,10,51.03,110.12,4.02,4.12,0.43,40,1.01,0.0719,94.84,17.89,0.1215,0
user_0191,11,50.96,110.29,4.04,4.14,0.41,40,1.0,0.0738,94.78,18.13,0.1192,0
user_0191,12,50.77,110.18,4.07,4.16,0.41,39,1.0,0.0725,94.62,17.93,0.1194,0
user_0191,13,50.75,110.04,3.99,4.19,0.42,39,1.0,0.0715,94.76,18.1,0.1193,0
user_0191,14,42.94,130.32,8.67,5.69,1.32,57,0.85,0.1912,87.47,22.96,0.2201,1
user_0191,15,42.97,129.93,8.42,5.66,1.31,57,0.84,0.1903,87.16,22.98,0.2185,1
user_0191,16,42.79,129.95,8.49,5.68,1.33,57,0.85,0.1897,87.22,22.89,0.2191,1
user_0191,17,42.74,130.12,8.45,5.72,1.33,58,0.85,0.1929,87.26,22.94,0.2193,1
user_0191,18,42.92,129.69,8.43,5.69,1.32,58,0.84,0.1927,87.05,22.84,0.217,1
user_0191,19,42.96,130.12,8.43,5.62,1.33,58,0.85,0.1915,87.1,22.97,0.2179,1
user_0191,20,30.78,159.81,15.25,7.93,2.67,85,0.63,0.372,76.08,30.39,0.368,3
user_0191,21,30.69,159.97,15.08,7.93,2.68,84,0.63,0.3724,76.03,30.37,0.3684,3
user_0191,22,31.04,159.71,15.19,7.92,2.67,84,0.63,0.3703,75.96,30.3,0.3684,3
user_0191,23,31.08,160.28,15.3,7.89,2.67,84,0.63,0.3694,75.79,30.32,0.3695,3
user_0191,24,31.05,160.01,15.15,7.89,2.66,85,0.62,0.3712,76.08,30.45,0.3686,3
user_0191,25,31.01,160.16,15.29,7.92,2.66,85,0.63,0.3701,75.88,30.46,0.3692,3
user_0191,26,30.92,160.38,15.25,7.89,2.67,85,0.63,0.369,76.0,30.55,0.3664,3
user_0191,27,31.26,159.65,15.12,7.89,2.67,84,0.62,0.3671,75.93,30.52,0.3694,3
user_0191,28,30.67,159.7,15.23,7.93,2.68,85,0.62,0.37,75.85,30.6,0.3686,3
user_0191,29,31.12,159.85,15.16,7.94,2.67,84,0.63,0.3714,76.1,30.54,0.3693,3
user_0191,30,31.11,159.8,15.31,7.95,2.66,84,0.63,0.3705,76.02,30.33,0.369,3
user_0191,31,30.87,160.17,15.24,7.94,2.68,85,0.62,0.3682,75.95,30.57,0.3684,3
user_0191,32,30.95,160.04,15.09,7.91,2.67,84,0.63,0.3685,75.86,30.54,0.3685,3
user_0191,33,31.12,160.22,15.37,7.95,2.67,85,0.62,0.3721,75.89,30.67,0.3685,3
user_0191,34,30.91,159.84,15.01,7.91,2.66,85,0.62,0.3727,76.12,30.66,0.37,3
user_0191,35,31.07,160.08,15.14,7.9,2.67,85,0.63,0.3714,75.97,30.52,0.3671,3
user_0191,36,31.01,159.81,15.26,7.89,2.67,85,0.63,0.3721,76.09,30.51,0.3677,3
user_0191,37,30.85,160.13,15.33,7.93,2.68,85,0.62,0.3716,76.02,30.54,0.3692,3
user_0191,38,30.9,160.15,15.25,7.95,2.66,84,0.62,0.3699,75.96,30.39,0.3696,3
user_0191,39,30.96,160.15,15.18,7.92,2.67,84,0.62,0.3701,76.06,30.46,0.3694,3
user_0191,40,25.41,173.6,18.45,8.94,3.31,97,0.52,0.4533,70.74,34.07,0.4375,4
user_0191,41,25.43,174.04,18.54,8.97,3.29,97,0.52,0.4538,70.7,33.97,0.4386,4
user_0191,42,25.18,173.94,18.35,8.97,3.29,97,0.51,0.4545,70.78,34.09,0.4373,4
user_0191,43,25.1,174.02,18.35,8.95,3.31,97,0.52,0.4559,70.66,34.1,0.44,4
user_0191,44,25.3,174.45,18.41,8.94,3.31,97,0.51,0.4563,70.67,34.17,0.4369,4
user_0191,45,25.47,174.03,18.24,8.99,3.29,96,0.53,0.4564,70.71,34.13,0.4386,4
user_0191,46,25.35,174.46,18.42,8.99,3.29,97,0.52,0.4562,70.9,34.01,0.4407,4
user_0191,47,25.22,173.85,18.41,8.97,3.3,97,0.52,0.4563,70.76,34.04,0.4361,4
user_0191,48,25.5,173.86,18.5,8.93,3.29,97,0.52,0.4569,70.73,33.94,0.4398,4
user_0191,49,25.28,174.01,18.47,8.98,3.31,97,0.51,0.4556,70.66,33.93,0.4395,4
user_0191,50,25.49,174.67,18.41,8.93,3.31,97,0.52,0.4566,70.73,34.05,0.4387,4
user_0191,51,25.43,174.0,18.31,8.99,3.29,97,0.52,0.455,70.76,34.01,0.4362,4
user_0191,52,25.34,174.15,18.48,8.93,3.31,97,0.53,0.4545,70.82,34.14,0.4384,4
user_0191,53,25.23,174.0,18.49,8.98,3.31,98,0.52,0.4553,70.8,33.86,0.4397,4
user_0191,54,25.22,174.13,18.45,8.95,3.29,97,0.52,0.4562,70.76,33.9,0.4374,4
user_0191,55,25.45,174.08,18.47,8.96,3.3,97,0.53,0.4564,70.66,34.01,0.4393,4
user_0191,56,25.5,174.74,18.33,8.98,3.31,97,0.52,0.4548,70.75,34.03,0.4389,4
user_0191,57,25.49,174.1,18.44,9.0,3.31,97,0.52,0.4551,70.52,34.04,0.4375,4
user_0191,58,25.23,174.4,18.49,8.97,3.3,97,0.52,0.4544,70.8,33.92,0.4391,4
user_0191,59,25.26,174.08,18.35,8.97,3.3,98,0.52,0.4575,70.75,34.02,0.4394,4
user_0192,0,53.44,127.17,4.1,4.17,0.09,39,1.0,0.1077,94.11,17.97,0.1134,0
user_0192,1,53.5,127.72,3.99,4.13,0.08,39,0.99,0.1058,94.14,17.84,0.1123,0
user_0192,2,53.66,127.66,4.02,4.15,0.1,40,1.0,0.1087,94.23,18.0,0.1126,0
user_0192,3,53.48,127.6,4.0,4.14,0.09,40,1.0,0.1092,94.08,17.99,0.1122,0
user_0192,4,53.54,127.54,3.95,4.19,0.1,40,0.99,0.1079,94.01,17.75,0.1129,0
user_0192,5,53.47,127.32,4.1,4.12,0.08,39,1.0,0.1073,94.21,18.01,0.1119,0
user_0192,6,53.67,127.14,3.86,4.09,0.08,40,1.0,0.1047,94.21,18.01,0.1146,0
user_0192,7,53.66,127.67,3.83,4.12,0.08,40,1.0,0.1094,94.06,18.07,0.1114,0
user_0192,8,53.73,127.66,3.98,4.14,0.09,40,1.0,0.1083,94.1,17.84,0.1128,0
user_0192,9,53.47,127.74,4.04,4.17,0.09,39,1.0,0.1043,94.1,18.02,0.115,0
user_0192,10,53.42,127.52,3.81,4.14,0.1,40,1.0,0.105,94.11,18.01,0.1125,0
user_0192,11,53.38,127.04,4.04,4.1,0.1,39,1.0,0.1074,94.08,17.98,0.1128,0
user_0192,12,53.08,128.03,4.01,4.12,0.08,39,1.0,0.1064,94.26,17.93,0.1128,0
user_0192,13,53.35,126.8,4.07,4.14,0.09,40,1.01,0.1103,94.29,18.02,0.1131,0
user_0192,14,43.94,151.1,9.34,5.92,1.17,61,0.83,0.2478,85.18,23.92,0.233,1
user_0192,15,43.93,151.54,9.47,5.95,1.17,61,0.82,0.2519,85.3,24.18,0.2346,1
user_0192,16,43.88,151.42,9.55,5.95,1.19,61,0.82,0.2479,85.19,24.06,0.2329,1
user_0192,17,43.93,151.26,9.19,5.96,1.16,62,0.82,0.2543,85.05,23.98,0.2324,1
user_0192,18,44.09,151.34,9.4,5.92,1.18,61,0.83,0.2506,85.22,23.9,0.2321,1
user_0192,19,43.79,151.63,9.3,5.92,1.2,61,0.82,0.2519,84.95,23.97,0.2331,1
user_0192,20,43.72,151.41,9.47,5.95,1.15,61,0.82,0.2499,85.24,24.12,0.2319,2
user_0192,21,43.76,151.56,9.45,5.96,1.17,61,0.82,0.2508,85.07,24.01,0.2329,2
user_0192,22,43.93,151.58,9.48,5.93,1.18,61,0.81,0.2491,85.18,24.04,0.2329,2
user_0192,23,43.78,151.62,9.61,5.91,1.19,61,0.82,0.2518,85.07,23.88,0.2326,2
user_0192,24,43.6,151.66,9.31,5.97,1.16,61,0.83,0.2518,85.18,23.97,0.2337,2
user_0192,25,43.85,151.8,9.34,5.9,1.19,61,0.81,0.2499,85.27,23.84,0.2327,2
user_0192,26,44.1,151.49,9.38,5.98,1.17,61,0.82,0.25,85.1,24.31,0.2319,2
user_0192,27,43.51,151.39,9.42,5.95,1.18,61,0.82,0.2507,85.16,23.95,0.2339,2
user_0192,28,43.73,151.84,9.41,5.89,1.17,61,0.81,0.2537,85.19,24.06,0.2339,2
user_0192,29,43.76,151.6,9.38,5.95,1.16,61,0.82,0.2496,85.11,24.13,0.2342,2
user_0192,30,43.97,151.49,9.31,5.91,1.17,61,0.82,0.2519,85.04,24.08,0.2324,2
user_0192,31,44.03,152.17,9.41,5.93,1.18,61,0.82,0.2536,85.19,24.0,0.2327,2
user_0192,32,43.88,151.4,9.42,5.91,1.16,61,0.82,0.2498,84.93,23.98,0.2324,2
user_0192,33,43.85,151.87,9.38,5.9,1.18,61,0.82,0.2534,85.23,24.0,0.2342,2
user_0192,34,43.95,152.02,9.35,5.91,1.17,61,0.81,0.2502,85.3,24.16,0.2326,2
user_0192,35,43.53,151.58,9.41,5.99,1.17,61,0.82,0.2505,85.14,23.82,0.2338,2
user_0192,36,49.6,137.44,6.28,4.86,0.53,48,0.93,0.1666,90.26,20.48,0.1621,1
user_0192,37,49.4,137.65,6.32,4.84,0.57,49,0.93,0.165,90.56,20.42,0.1633,1
user_0192,38,49.63,137.09,6.2,4.83,0.54,49,0.93,0.169,90.42,20.54,0.162,1
user_0192,39,49.27,136.92,6.25,4.91,0.55,48,0.93,0.1663,90.46,20.53,0.1634,1
user_0192,40,49.51,137.34,6.05,4.9,0.53,48,0.92,0.1677,90.44,20.53,0.1641,1
user_0192,41,49.47,137.61,6.22,4.85,0.54,49,0.92,0.1668,90.34,20.27,0.1637,1
user_0192,42,49.33,137.33,6.16,4.96,0.55,49,0.93,0.1668,90.41,20.41,0.1621,1
user_0192,43,49.46,137.34,6.22,4.88,0.53,48,0.93,0.1678,90.27,20.69,0.1631,1
user_0192,44,49.51,137.53,6.35,4.87,0.54,48,0.93,0.1686,90.36,20.4,0.1618,1
user_0192,45,49.32,137.25,6.35,4.9,0.54,48,0.92,0.165,90.33,20.58,0.1628,1
user_0192,46,49.64,136.85,6.17,4.92,0.56,48,0.93,0.1661,90.37,20.44,0.1616,1
user_0192,47,49.47,137.55,6.16,4.88,0.54,49,0.93,0.1677,90.53,20.53,0.1629,1
user_0192,48,49.85,137.35,6.36,4.85,0.56,49,0.93,0.167,90.52,20.51,0.1637,1
user_0192,49,49.56,137.67,6.23,4.87,0.54,48,0.93,0.1662,90.48,20.49,0.1631,1
user_0192,50,49.45,137.38,6.21,4.87,0.54,49,0.93,0.169,90.5,20.54,0.1617,1
user_0192,51,49.67,137.36,6.33,4.86,0.54,48,0.93,0.1698,90.31,20.74,0.1612,1
user_0192,52,49.55,137.16,6.24,4.92,0.53,48,0.93,0.1681,90.57,20.65,0.1611,1
user_0192,53,49.23,137.61,6.25,4.88,0.52,48,0.93,0.1661,90.35,20.5,0.1645,1
user_0192,54,49.46,137.61,6.28,4.84,0.53,49,0.92,0.1671,90.39,20.49,0.1609,1
user_0192,55,49.73,137.75,6.35,4.9,0.55,48,0.92,0.1651,90.5,20.64,0.1632,1
user_0192,56,49.48,137.51,6.35,4.88,0.54,48,0.92,0.1664,90.45,20.53,0.1634,1
user_0192,57,49.25,137.4,6.18,4.9,0.54,48,0.92,0.166,90.32,20.64,0.1632,1
user_0192,58,49.28,137.49,6.35,4.89,0.54,48,0.92,0.1673,90.35,20.5,0.1617,1
user_0192,59,49.52,137.64,6.29,4.88,0.55,49,0.93,0.1659,90.34,20.31,0.1632,1
user_0193,0,62.38,108.07,3.99,3.57,0.35,40,1.0,0.1115,93.03,18.05,0.13,0
user_0193,1,62.01,108.73,3.97,3.6,0.36,40,1.0,0.1076,93.29,18.05,0.131,0
user_0193,2,61.93,108.31,3.96,3.57,0.36,39,1.0,0.1109,92.94,18.09,0.13,0
user_0193,3,62.23,108.55,4.09,3.57,0.38,39,1.0,0.111,93.02,18.02,0.1274,0
user_0193,4,61.84,108.16,4.07,3.57,0.36,39,1.01,0.1091,93.14,18.17,0.1278,0
user_0193,5,61.86,108.31,4.13,3.56,0.36,39,1.0,0.1094,93.17,17.89,0.1306,0
user_0193,6,61.99,108.37,3.98,3.6,0.35,39,1.0,0.1104,93.11,17.95,0.1299,0
user_0193,7,61.91,108.42,4.14,3.55,0.36,39,1.0,0.1072,93.16,18.09,0.1269,0
user_0193,8,62.41,108.37,4.05,3.55,0.37,39,1.0,0.1081,93.21,17.87,0.1309,0
user_0193,9,62.11,108.31,3.98,3.55,0.35,40,1.01,0.1063,93.13,17.97,0.1317,0
user_0193,10,61.83,108.31,4.02,3.52,0.38,40,1.0,0.1107,92.99,18.07,0.1296,0
user_0193,11,61.85,108.6,3.81,3.58,0.37,40,0.99,0.1088,93.1,18.05,0.1307,0
user_0193,12,62.05,108.46,4.04,3.59,0.37,39,1.01,0.1081,93.02,18.0,0.1297,0
user_0193,13,62.46,108.11,3.96,3.57,0.38,39,1.01,0.1104,93.14,17.93,0.1293,0
user_0193,14,52.44,132.46,9.47,5.36,1.43,61,0.82,0.2539,84.02,23.9,0.2498,1
user_0193,15,52.51,132.46,9.37,5.37,1.43,61,0.82,0.2555,84.2,24.04,0.2486,1
user_0193,16,52.54,132.2,9.22,5.39,1.45,61,0.82,0.2531,84.04,24.05,0.2512,1
user_0193,17,52.4,132.14,9.49,5.41,1.46,61,0.81,0.251,84.22,24.04,0.2506,1
user_0193,18,52.25,132.5,9.47,5.34,1.45,61,0.82,0.2534,84.16,23.94,0.252,1
user_0193,19,52.61,132.47,9.35,5.4,1.43,61,0.82,0.2526,83.99,24.1,0.2488,1
user_0193,20,52.71,132.48,9.4,5.37,1.43,61,0.81,0.2529,84.08,24.03,0.2503,2
user_0193,21,52.22,132.27,9.36,5.4,1.44,61,0.82,0.2502,83.89,23.99,0.2504,2
user_0193,22,52.51,132.08,9.42,5.35,1.44,61,0.82,0.2546,84.01,24.18,0.2498,2
user_0193,23,52.57,132.73,9.33,5.35,1.45,61,0.82,0.253,84.03,23.88,0.2508,2
user_0193,24,52.32,132.48,9.4,5.37,1.44,61,0.82,0.2529,84.1,23.89,0.2497,2
user_0193,25,52.5,132.45,9.41,5.37,1.44,61,0.82,0.2548,84.3,24.11,0.2509,2
user_0193,26,52.68,132.48,9.43,5.36,1.44,61,0.82,0.2518,84.09,23.98,0.249,2
user_0193,27,52.68,132.14,9.43,5.38,1.43,61,0.82,0.2529,84.09,23.94,0.2526,2
user_0193,28,52.46,132.47,9.37,5.34,1.44,61,0.82,0.2527,84.1,23.81,0.2505,2
user_0193,29,52.61,132.34,9.47,5.39,1.45,61,0.82,0.2507,84.06,24.01,0.2494,2
user_0193,30,52.42,132.34,9.38,5.38,1.45,61,0.82,0.2512,84.01,24.1,0.2501,2
user_0193,31,52.33,132.05,9.23,5.36,1.45,61,0.82,0.255,84.18,23.87,0.2515,2
user_0193,32,52.43,132.14,9.37,5.37,1.44,61,0.82,0.2523,84.09,24.07,0.2497,2
user_0193,33,52.51,131.84,9.37,5.41,1.45,61,0.82,0.2534,84.18,24.14,0.2517,2
user_0193,34,52.53,132.32,9.41,5.37,1.43,61,0.82,0.2536,84.14,23.98,0.2491,2
user_0193,35,52.32,132.5,9.39,5.38,1.43,61,0.82,0.2516,83.99,23.99,0.2483,2
user_0193,36,58.37,118.12,6.32,4.34,0.83,48,0.93,0.1675,89.32,20.27,0.18,1
user_0193,37,57.91,117.69,6.19,4.32,0.81,48,0.92,0.1714,89.22,20.52,0.1797,1
user_0193,38,57.92,118.33,6.32,4.33,0.82,48,0.92,0.1674,89.45,20.47,0.18,1
user_0193,39,57.98,118.87,6.33,4.32,0.81,48,0.93,0.1686,89.44,20.43,0.1808,1
user_0193,40,58.07,117.94,6.41,4.3,0.81,48,0.92,0.1683,89.23,20.62,0.1786,1
user_0193,41,58.07,118.43,6.15,4.32,0.8,48,0.92,0.1707,89.42,20.33,0.1799,1
user_0193,42,58.11,118.5,6.34,4.36,0.81,49,0.92,0.169,89.36,20.37,0.1802,1
user_0193,43,57.86,118.74,6.1,4.28,0.81,48,0.91,0.1692,89.19,20.47,0.1792,1
user_0193,44,58.24,118.36,6.25,4.31,0.81,48,0.92,0.167,89.24,20.42,0.1794,1
user_0193,45,57.96,118.34,6.23,4.32,0.81,48,0.93,0.1708,89.32,20.42,0.1816,1
user_0193,46,58.0,118.42,6.29,4.3,0.79,48,0.92,0.1679,89.27,20.46,0.1788,1
user_0193,47,58.08,118.46,6.25,4.27,0.8,48,0.93,0.1686,89.48,20.55,0.1802,1
user_0193,48,58.1,118.37,6.24,4.32,0.83,49,0.92,0.1688,89.23,20.44,0.1784,1
user_0193,49,58.44,118.26,6.29,4.31,0.81,49,0.93,0.1689,89.28,20.42,0.1789,1
user_0193,50,57.99,119.09,6.31,4.31,0.83,48,0.93,0.1696,89.47,20.55,0.179,1
user_0193,51,58.1,118.52,6.33,4.31,0.81,49,0.93,0.1698,89.33,20.46,0.1802,1
user_0193,52,58.01,118.08,6.34,4.3,0.82,48,0.93,0.1665,89.4,20.52,0.1806,1
user_0193,53,57.92,118.95,6.1,4.32,0.8,49,0.92,0.1685,89.33,20.48,0.1796,1
user_0193,54,58.25,118.07,6.32,4.3,0.79,49,0.92,0.1673,89.43,20.33,0.1793,1
user_0193,55,58.17,118.08,6.15,4.32,0.81,49,0.92,0.1675,89.4,20.59,0.1793,1
user_0193,56,58.34,118.75,6.44,4.31,0.81,48,0.93,0.1673,89.32,20.58,0.1792,1
user_0193,57,58.03,118.49,6.24,4.31,0.82,48,0.93,0.168,89.29,20.57,0.1814,1
user_0193,58,57.99,118.54,6.29,4.34,0.81,49,0.93,0.1684,89.31,20.74,0.1808,1
user_0193,59,58.11,118.29,6.22,4.33,0.8,48,0.93,0.1714,89.5,20.57,0.1796,1
user_0194,0,71.33,131.01,3.98,4.25,0.43,40,0.99,0.0607,94.83,17.96,0.1323,0
user_0194,1,71.43,130.65,4.06,4.22,0.41,39,1.0,0.0608,94.81,18.06,0.1303,0
user_0194,2,71.29,131.17,4.0,4.24,0.42,40,1.01,0.0605,94.63,17.99,0.1334,0
user_0194,3,71.21,130.39,4.04,4.22,0.4,39,1.01,0.0609,94.92,17.89,0.1323,0
user_0194,4,71.36,130.56,3.95,4.25,0.45,40,0.99,0.0597,94.63,17.85,0.1324,0
user_0194,5,71.2,130.93,4.03,4.22,0.41,40,1.0,0.0612,94.67,17.98,0.1344,0
user_0194,6,71.28,130.54,3.87,4.25,0.45,39,1.0,0.0614,94.82,18.06,0.131,0
user_0194,7,71.25,130.69,3.96,4.28,0.42,40,1.0,0.0615,94.96,18.12,0.1336,0
user_0194,8,71.29,130.55,3.86,4.24,0.42,39,1.0,0.062,94.89,18.06,0.1301,0
user_0194,9,71.45,131.31,3.98,4.21,0.41,39,1.0,0.0605,94.8,18.0,0.1309,0
user_0194,10,71.4,130.87,4.05,4.23,0.43,40,1.0,0.0607,94.74,18.02,0.1324,0
user_0194,11,71.41,131.24,3.96,4.24,0.43,39,1.0,0.0587,94.77,17.8,0.1326,0
user_0194,12,71.39,130.85,4.08,4.21,0.42,39,1.01,0.0608,94.68,18.07,0.1319,0
user_0194,13,71.67,131.02,3.9,4.26,0.43,40,1.0,0.0605,94.78,18.19,0.133,0
user_0194,14,63.42,150.69,8.64,5.72,1.33,58,0.85,0.1809,87.39,23.03,0.2325,1
user_0194,15,63.54,150.74,8.49,5.75,1.32,57,0.85,0.1801,87.06,23.01,0.2318,1
user_0194,16,63.63,151.04,8.5,5.75,1.33,57,0.85,0.1808,87.26,22.97,0.2337,1
user_0194,17,63.52,150.71,8.4,5.71,1.32,58,0.86,0.1811,87.2,23.12,0.2313,1
user_0194,18,63.69,151.22,8.49,5.7,1.33,58,0.85,0.1799,87.41,23.0,0.2331,1
user_0194,19,63.36,150.86,8.46,5.77,1.36,58,0.85,0.1808,87.39,22.9,0.232,1
user_0194,20,51.1,181.06,15.32,7.94,2.69,84,0.63,0.3609,75.94,30.42,0.3836,3
user_0194,21,51.52,180.55,15.25,7.98,2.67,84,0.63,0.3573,76.08,30.5,0.3827,3
user_0194,22,51.31,180.77,15.19,8.0,2.67,85,0.62,0.3594,75.76,30.54,0.3805,3
user_0194,23,51.54,180.82,15.17,7.98,2.66,84,0.63,0.3591,76.0,30.45,0.381,3
user_0194,24,51.29,180.7,15.25,8.03,2.67,84,0.62,0.3614,76.0,30.52,0.3837,3
user_0194,25,51.55,181.03,15.22,7.98,2.68,85,0.63,0.3601,75.86,30.59,0.3827,3
user_0194,26,51.53,180.9,15.45,8.02,2.69,84,0.62,0.3592,75.92,30.42,0.3824,3
user_0194,27,51.21,180.36,15.29,7.99,2.68,85,0.63,0.3593,76.2,30.54,0.3809,3
user_0194,28,51.61,180.88,15.25,8.02,2.69,85,0.62,0.3616,75.97,30.58,0.3827,3
user_0194,29,51.44,180.82,15.3,8.02,2.69,84,0.63,0.3611,75.94,30.53,0.3817,3
user_0194,30,51.3,180.64,15.09,7.97,2.66,84,0.61,0.3614,76.09,30.63,0.3813,3
user_0194,31,51.42,180.64,15.23,7.99,2.68,85,0.62,0.3621,76.11,30.59,0.3827,3
user_0194,32,51.47,180.93,15.23,7.97,2.67,85,0.62,0.3601,76.03,30.31,0.3811,3
user_0194,33,51.39,180.61,15.25,7.96,2.67,84,0.62,0.3601,76.12,30.46,0.3821,3
user_0194,34,51.19,180.7,15.37,7.99,2.69,84,0.62,0.3597,76.13,30.44,0.383,3
user_0194,35,51.29,181.2,15.32,8.01,2.67,85,0.62,0.3607,76.09,30.48,0.3826,3
user_0194,36,51.37,180.24,15.28,7.97,2.67,84,0.62,0.36,75.97,30.55,0.3819,3
user_0194,37,51.45,181.21,15.39,8.0,2.68,85,0.63,0.3613,75.95,30.52,0.3821,3
user_0194,38,51.25,181.24,15.22,7.95,2.7,84,0.62,0.3605,76.07,30.47,0.3827,3
user_0194,39,51.26,180.55,15.41,7.99,2.67,85,0.62,0.3584,76.02,30.39,0.3821,3
user_0194,40,45.83,194.61,18.41,9.04,3.3,97,0.51,0.4461,70.67,34.0,0.4521,4
user_0194,41,45.79,194.88,18.36,9.02,3.29,97,0.52,0.444,70.94,33.91,0.4518,4
user_0194,42,45.86,195.28,18.37,9.04,3.29,97,0.53,0.4451,70.76,34.11,0.4526,4
user_0194,43,45.78,194.54,18.33,9.04,3.32,97,0.51,0.4439,70.91,33.86,0.4525,4
user_0194,44,45.8,194.79,18.56,9.04,3.3,98,0.53,0.4451,70.57,34.09,0.4515,4
user_0194,45,45.91,194.65,18.3,9.04,3.31,97,0.52,0.445,70.65,33.95,0.4511,4
user_0194,46,45.74,194.7,18.33,9.08,3.31,97,0.52,0.4442,70.73,33.74,0.4511,4
user_0194,47,46.01,195.46,18.46,9.05,3.3,97,0.52,0.4445,71.01,34.08,0.4518,4
user_0194,48,45.83,194.95,18.31,9.03,3.3,97,0.52,0.4458,70.84,34.17,0.4541,4
user_0194,49,45.89,194.77,18.49,9.03,3.3,97,0.52,0.445,70.87,34.03,0.4523,4
user_0194,50,45.59,195.07,18.4,9.04,3.3,97,0.52,0.4452,70.94,33.95,0.4508,4
user_0194,51,46.17,195.15,18.41,9.04,3.3,97,0.53,0.4463,70.69,34.0,0.4518,4
user_0194,52,45.52,194.72,18.45,9.01,3.3,97,0.52,0.4444,70.9,33.95,0.4531,4
user_0194,53,45.7,194.69,18.32,9.04,3.3,97,0.52,0.4448,70.7,33.97,0.4528,4
user_0194,54,45.8,195.06,18.35,9.03,3.3,97,0.52,0.4457,70.74,34.16,0.4524,4
user_0194,55,45.51,194.62,18.44,9.06,3.32,97,0.52,0.447,70.83,34.05,0.4541,4
user_0194,56,45.9,194.39,18.32,9.04,3.29,97,0.52,0.4466,70.85,34.0,0.4509,4
user_0194,57,45.57,194.61,18.43,9.04,3.32,97,0.52,0.4424,70.95,33.84,0.452,4
user_0194,58,45.77,194.89,18.4,9.03,3.31,97,0.52,0.4425,70.74,34.07,0.4519,4
user_0194,59,45.7,194.96,18.41,9.02,3.3,97,0.52,0.4435,70.79,33.98,0.4516,4
user_0195,0,59.61,102.13,3.94,4.05,0.16,39,1.0,0.114,95.24,18.08,0.1503,0
user_0195,1,59.77,102.23,3.92,4.06,0.16,40,1.0,0.1148,95.15,17.96,0.1491,0
user_0195,2,60.11,102.4,4.01,4.05,0.16,40,1.0,0.1135,95.16,18.18,0.1483,0
user_0195,3,59.93,102.34,3.93,4.04,0.14,40,1.0,0.1132,95.11,18.0,0.1483,0
user_0195,4,59.8,102.16,3.91,4.0,0.16,40,0.99,0.1131,95.01,17.95,0.1489,0
user_0195,5,59.78,102.64,4.2,4.01,0.16,40,1.0,0.1115,94.93,18.04,0.1492,0
user_0195,6,59.88,102.59,4.04,4.04,0.16,40,1.0,0.1147,95.13,17.84,0.1499,0
user_0195,7,60.0,102.38,4.09,4.03,0.15,40,1.0,0.1121,95.13,18.09,0.1478,0
user_0195,8,60.03,102.67,4.1,4.0,0.17,40,1.0,0.1123,95.1,18.06,0.1492,0
user_0195,9,59.88,101.81,3.95,4.05,0.13,40,1.0,0.1121,95.12,17.88,0.1478,0
user_0195,10,59.98,102.57,3.96,4.06,0.16,39,1.0,0.1127,95.23,18.1,0.1491,0
user_0195,11,59.93,102.55,4.09,4.05,0.15,39,1.0,0.1127,95.41,18.04,0.1513,0
user_0195,12,60.04,102.3,4.02,4.04,0.15,40,1.02,0.114,95.1,17.98,0.149,0
user_0195,13,59.85,102.3,4.08,4.03,0.13,39,1.0,0.1122,95.18,17.86,0.1474,0
user_0195,14,50.14,126.49,9.35,5.83,1.23,61,0.83,0.2593,86.2,24.13,0.2693,1
user_0195,15,50.29,126.52,9.41,5.86,1.23,61,0.83,0.2563,86.03,24.12,0.2696,1
user_0195,16,50.32,126.29,9.43,5.85,1.24,61,0.82,0.2557,86.0,23.95,0.2688,1
user_0195,17,50.37,126.63,9.2,5.84,1.24,61,0.82,0.257,86.1,24.02,0.2675,1
user_0195,18,50.15,126.34,9.36,5.82,1.24,61,0.83,0.2557,86.09,23.91,0.268,1
user_0195,19,50.33,126.15,9.41,5.86,1.22,61,0.83,0.2547,86.17,23.87,0.2693,1
user_0195,20,50.37,126.26,9.29,5.82,1.23,61,0.8,0.2548,86.05,23.99,0.2682,2
user_0195,21,50.32,126.23,9.44,5.87,1.24,61,0.82,0.2579,86.0,23.98,0.2695,2
user_0195,22,50.24,126.45,9.32,5.86,1.22,61,0.82,0.2586,86.15,23.97,0.2679,2
user_0195,23,50.1,126.29,9.37,5.79,1.24,61,0.81,0.2559,86.15,24.01,0.269,2
user_0195,24,50.1,126.39,9.49,5.84,1.24,61,0.82,0.258,86.17,24.04,0.2682,2
user_0195,25,50.29,126.66,9.39,5.89,1.22,61,0.82,0.2544,86.14,23.99,0.2679,2
user_0195,26,50.02,126.45,9.4,5.85,1.24,61,0.82,0.2606,86.31,23.98,0.2692,2
user_0195,27,49.94,126.58,9.38,5.85,1.22,61,0.81,0.2527,86.28,23.79,0.2673,2
user_0195,28,50.11,126.34,9.22,5.8,1.22,61,0.83,0.2576,86.12,23.91,0.2687,2
user_0195,29,50.22,126.48,9.41,5.84,1.24,61,0.81,0.2548,86.04,24.11,0.2699,2
user_0195,30,50.24,126.43,9.37,5.85,1.24,61,0.82,0.2563,86.14,23.92,0.2693,2
user_0195,31,50.36,126.4,9.48,5.85,1.24,61,0.83,0.2576,86.11,24.04,0.2691,2
user_0195,32,50.4,126.37,9.37,5.83,1.24,61,0.83,0.2567,85.97,24.05,0.2692,2
user_0195,33,50.29,126.36,9.4,5.86,1.24,61,0.82,0.2589,86.24,24.02,0.269,2
user_0195,34,49.89,126.39,9.35,5.81,1.22,61,0.81,0.2559,86.14,24.2,0.269,2
user_0195,35,50.16,126.72,9.43,5.84,1.23,61,0.83,0.2591,86.02,24.02,0.2688,2
user_0195,36,55.71,112.01,6.19,4.83,0.62,48,0.91,0.1733,91.57,20.52,0.1979,1
user_0195,37,55.81,111.95,6.33,4.8,0.6,49,0.92,0.1721,91.49,20.37,0.2001,1
user_0195,38,55.82,112.05,6.27,4.83,0.6,49,0.93,0.1725,91.47,20.56,0.1975,1
user_0195,39,55.69,112.36,6.33,4.79,0.62,49,0.92,0.1702,91.37,20.52,0.1994,1
user_0195,40,55.93,112.25,6.34,4.77,0.62,48,0.93,0.1738,91.42,20.41,0.1981,1
user_0195,41,55.65,112.08,6.14,4.83,0.62,49,0.93,0.1738,91.35,20.44,0.1989,1
user_0195,42,55.61,112.42,6.4,4.79,0.6,49,0.92,0.1711,91.29,20.64,0.1986,1
user_0195,43,55.66,112.58,6.27,4.78,0.61,49,0.92,0.1742,91.34,20.33,0.1974,1
user_0195,44,55.76,112.47,6.31,4.79,0.59,49,0.93,0.1731,91.33,20.46,0.1971,1
user_0195,45,55.8,112.06,6.27,4.78,0.62,49,0.92,0.1718,91.4,20.53,0.1998,1
user_0195,46,55.86,111.88,6.22,4.78,0.61,49,0.93,0.1735,91.35,20.52,0.1984,1
user_0195,47,56.04,112.3,6.25,4.75,0.6,49,0.92,0.172,91.53,20.4,0.1982,1
user_0195,48,55.64,112.73,6.11,4.79,0.6,49,0.93,0.1722,91.34,20.36,0.1995,1
user_0195,49,55.86,112.42,6.35,4.8,0.59,48,0.94,0.1741,91.31,20.4,0.1974,1
user_0195,50,55.97,112.34,6.21,4.8,0.61,48,0.94,0.171,91.41,20.46,0.1991,1
user_0195,51,56.12,112.67,6.12,4.79,0.59,48,0.92,0.1706,91.42,20.56,0.1987,1
user_0195,52,55.8,112.52,6.19,4.73,0.62,49,0.93,0.1739,91.44,20.54,0.2002,1
user_0195,53,55.67,112.14,6.31,4.8,0.61,49,0.93,0.1717,91.48,20.41,0.1983,1
user_0195,54,55.66,112.62,6.17,4.78,0.63,48,0.92,0.1734,91.39,20.69,0.1987,1
user_0195,55,55.97,112.12,6.33,4.78,0.61,49,0.93,0.1716,91.27,20.43,0.1995,1
user_0195,56,55.76,112.47,6.29,4.74,0.6,48,0.93,0.1757,91.34,20.66,0.1995,1
user_0195,57,55.79,112.41,6.24,4.82,0.58,49,0.93,0.1738,91.38,20.54,0.1987,1
user_0195,58,55.87,112.55,6.23,4.76,0.59,49,0.93,0.174,91.3,20.39,0.1998,1
user_0195,59,55.91,112.3,6.24,4.77,0.61,49,0.93,0.1738,91.32,20.66,0.1978,1
user_0196,0,58.12,130.74,4.07,4.0,0.27,40,1.0,0.0993,96.24,18.11,0.1016,0
user_0196,1,58.05,130.48,3.97,3.99,0.27,40,1.0,0.0989,96.35,17.95,0.1019,0
user_0196,2,58.26,130.93,4.15,4.0,0.28,39,1.0,0.1007,96.41,18.02,0.101,0
user_0196,3,58.23,130.85,4.22,4.01,0.28,40,0.99,0.0998,96.29,18.0,0.1014,0
user_0196,4,58.31,130.71,4.13,4.03,0.27,39,1.0,0.0996,96.29,17.91,0.1017,0
user_0196,5,57.94,131.17,4.03,4.01,0.3,40,1.0,0.0991,96.32,17.93,0.1006,0
user_0196,6,58.04,131.1,4.01,3.98,0.28,40,1.0,0.099,96.27,18.3,0.1019,0
user_0196,7,58.37,130.77,3.95,3.96,0.27,40,1.0,0.1005,96.33,18.05,0.1011,0
user_0196,8,58.21,130.38,4.07,4.0,0.27,39,1.0,0.0994,96.32,17.9,0.1001,0
user_0196,9,58.19,130.73,3.96,3.96,0.29,40,1.0,0.0998,96.26,18.01,0.1018,0
user_0196,10,58.07,131.02,3.96,3.99,0.27,40,0.99,0.1015,96.33,17.94,0.1029,0
user_0196,11,58.09,130.87,3.89,4.01,0.26,40,1.0,0.1009,96.34,18.08,0.1012,0
user_0196,12,58.19,130.59,3.95,4.02,0.28,40,1.0,0.1,96.39,17.92,0.1001,0
user_0196,13,58.01,130.68,4.08,4.04,0.27,40,1.0,0.0978,96.26,18.03,0.1009,0
user_0196,14,58.45,130.72,3.95,4.01,0.28,39,0.99,0.0976,96.38,18.08,0.1023,0
user_0196,15,58.36,130.92,4.01,4.05,0.27,40,0.99,0.0983,96.35,17.94,0.1014,0
user_0196,16,58.33,130.56,3.95,3.94,0.27,40,1.0,0.1003,96.35,18.02,0.1009,0
user_0196,17,58.23,130.96,3.84,4.01,0.28,39,0.99,0.1016,96.45,18.04,0.1,0
user_0196,18,58.34,130.87,4.04,3.96,0.28,40,1.0,0.0988,96.29,17.98,0.1007,0
user_0196,19,58.32,130.3,3.96,4.0,0.27,39,1.0,0.1018,96.22,18.26,0.1013,0
user_0196,20,58.24,130.76,3.97,3.99,0.27,40,1.0,0.1012,96.22,17.86,0.1022,0
user_0196,21,58.26,130.66,3.91,4.0,0.26,39,1.01,0.1004,96.2,18.0,0.1006,0
user_0196,22,58.21,130.23,4.1,4.02,0.26,39,0.99,0.1011,96.37,17.96,0.0999,0
user_0196,23,58.54,130.98,3.98,4.0,0.28,40,1.0,0.1003,96.12,17.93,0.1,0
user_0196,24,57.93,130.61,4.03,4.01,0.27,39,1.0,0.0994,96.43,18.01,0.1011,0
user_0196,25,58.31,130.94,4.0,4.04,0.29,39,1.0,0.0999,96.31,17.99,0.1008,0
user_0196,26,58.04,130.71,3.92,4.0,0.28,39,1.0,0.1017,96.05,17.99,0.1018,0
user_0196,27,58.22,130.51,3.91,3.97,0.28,40,1.0,0.1012,96.36,18.01,0.1008,0
user_0196,28,57.94,130.53,4.03,3.98,0.26,39,0.99,0.0995,96.27,17.92,0.1003,0
user_0196,29,58.18,130.61,4.03,3.98,0.27,39,1.01,0.0997,96.3,18.04,0.1008,0
user_0196,30,57.99,130.47,3.98,4.04,0.27,39,1.0,0.1007,96.33,17.98,0.1007,0
user_0196,31,58.2,130.91,3.85,4.0,0.27,40,0.99,0.1003,96.23,18.0,0.0999,0
user_0196,32,58.15,130.8,3.89,4.0,0.28,39,1.01,0.0993,96.38,18.06,0.1001,0
user_0196,33,58.25,130.8,3.96,4.02,0.27,39,1.0,0.097,96.4,17.9,0.1016,0
user_0196,34,57.88,130.94,4.04,4.02,0.26,39,1.01,0.1004,96.42,17.87,0.1011,0
user_0196,35,58.16,130.76,4.04,3.98,0.28,39,0.99,0.0995,96.39,17.97,0.1014,0
user_0196,36,58.33,130.77,3.91,3.97,0.29,39,0.99,0.1001,96.21,17.99,0.1009,0
user_0196,37,58.28,130.79,3.87,3.98,0.26,40,1.01,0.1,96.48,18.04,0.102,0
user_0196,38,58.24,130.25,4.2,3.99,0.28,39,1.0,0.1009,96.24,18.18,0.1007,0
user_0196,39,58.27,130.78,4.0,4.0,0.29,39,1.0,0.102,96.29,17.99,0.1012,0
user_0196,40,58.01,130.85,4.05,3.98,0.27,39,1.01,0.1009,96.27,18.0,0.1012,0
user_0196,41,58.18,130.98,3.99,4.01,0.27,39,1.01,0.1008,96.57,18.03,0.1017,0
user_0196,42,58.42,130.88,4.11,3.99,0.29,39,0.99,0.0989,96.35,18.1,0.1025,0
user_0196,43,58.11,130.74,3.97,4.01,0.28,39,1.0,0.0985,96.34,18.13,0.1012,0
user_0196,44,58.13,130.63,4.03,4.01,0.28,39,1.01,0.1008,96.15,18.08,0.1008,0
user_0196,45,58.05,130.75,3.96,4.01,0.27,40,1.0,0.1022,96.21,17.88,0.1011,0
user_0196,46,58.23,130.66,4.04,3.98,0.28,40,1.0,0.0984,96.29,17.74,0.1009,0
user_0196,47,58.09,130.66,3.93,4.01,0.27,40,1.01,0.1021,96.41,17.84,0.103,0
user_0196,48,58.13,130.51,3.87,4.0,0.28,39,1.0,0.0991,96.35,18.03,0.1026,0
user_0196,49,58.35,130.85,4.14,4.0,0.29,40,0.99,0.1014,96.39,18.07,0.102,0
user_0196,50,58.42,130.94,4.02,4.01,0.28,39,1.0,0.0981,96.49,17.82,0.099,0
user_0196,51,58.36,130.66,4.0,3.98,0.28,39,1.0,0.0974,96.27,18.14,0.1022,0
user_0196,52,58.02,131.37,3.92,4.03,0.26,39,1.01,0.0989,96.24,17.97,0.099,0
user_0196,53,57.99,130.91,3.86,3.99,0.29,39,1.0,0.0997,96.4,18.15,0.0999,0
user_0196,54,58.13,130.7,4.05,3.95,0.28,40,1.0,0.1,96.18,17.76,0.1007,0
user_0196,55,57.94,130.73,4.04,4.04,0.27,39,1.0,0.1017,96.39,18.12,0.1007,0
user_0196,56,58.15,130.14,3.98,4.04,0.26,40,1.0,0.1036,96.13,18.15,0.1015,0
user_0196,57,58.19,131.01,3.99,3.97,0.26,39,1.0,0.0974,96.52,18.29,0.1014,0
user_0196,58,58.16,130.49,3.94,4.0,0.28,39,1.0,0.0987,96.66,17.87,0.0998,0
user_0196,59,58.32,130.52,4.02,4.03,0.29,40,0.99,0.1008,96.12,17.86,0.1028,0
user_0197,0,48.26,109.35,3.95,4.04,0.28,40,1.0,0.1173,93.13,18.02,0.1197,0
user_0197,1,48.23,108.91,3.98,4.02,0.27,40,1.0,0.1136,93.24,18.1,0.1179,0
user_0197,2,48.62,109.29,3.92,4.0,0.28,39,1.0,0.1204,93.32,17.94,0.1196,0
user_0197,3,48.45,109.32,3.99,4.07,0.29,39,1.0,0.1184,93.21,17.97,0.1198,0
user_0197,4,48.46,109.53,4.03,4.08,0.26,39,1.0,0.1169,93.18,17.83,0.1205,0
user_0197,5,48.43,109.1,3.99,4.03,0.27,39,1.0,0.1175,93.24,17.9,0.1196,0
user_0197,6,48.01,109.69,4.06,4.01,0.3,39,0.99,0.1147,93.1,18.08,0.1195,0
user_0197,7,48.65,109.48,4.12,4.02,0.27,39,1.0,0.1152,93.27,17.9,0.1196,0
user_0197,8,48.15,109.05,3.91,4.01,0.28,39,0.99,0.1162,93.29,17.93,0.119,0
user_0197,9,48.3,108.97,4.04,4.05,0.28,40,1.0,0.1183,93.11,17.96,0.1197,0
user_0197,10,48.55,109.45,3.96,4.06,0.27,40,0.99,0.1198,93.3,17.95,0.1199,0
user_0197,11,48.55,109.55,3.98,4.01,0.28,39,1.01,0.1168,93.25,17.94,0.1194,0
user_0197,12,48.44,108.84,4.01,4.0,0.29,40,1.0,0.1186,93.21,18.06,0.1195,0
user_0197,13,48.36,108.83,4.11,4.07,0.28,39,1.0,0.1169,93.09,18.07,0.1193,0
user_0197,14,48.39,108.99,4.01,4.03,0.28,40,1.0,0.1143,93.23,18.08,0.1198,0
user_0197,15,48.63,108.96,4.03,4.01,0.3,39,1.0,0.1183,93.14,17.87,0.1208,0
user_0197,16,48.61,109.26,3.97,4.05,0.26,39,0.99,0.1168,93.26,17.94,0.1188,0
user_0197,17,48.37,109.3,3.99,4.02,0.26,39,1.0,0.1145,93.19,17.98,0.1184,0
user_0197,18,48.46,109.43,4.16,4.03,0.27,39,1.0,0.1145,93.35,17.91,0.1201,0
user_0197,19,48.23,109.41,4.04,4.03,0.28,39,1.0,0.1147,93.25,18.02,0.1181,0
user_0197,20,48.41,109.38,3.96,4.06,0.28,40,1.0,0.1192,93.2,17.95,0.1201,0
user_0197,21,48.45,109.1,4.08,4.04,0.28,39,1.0,0.117,93.11,18.1,0.1185,0
user_0197,22,48.62,109.1,3.97,4.06,0.29,40,1.0,0.1178,93.18,18.06,0.1189,0
user_0197,23,48.49,108.78,4.09,4.02,0.27,40,1.0,0.1167,93.16,17.9,0.1198,0
user_0197,24,48.45,109.35,4.04,4.04,0.27,40,1.0,0.1177,93.35,18.1,0.1198,0
user_0197,25,48.32,109.6,3.98,4.0,0.28,39,1.0,0.1154,93.35,18.11,0.1176,0
user_0197,26,48.58,109.14,3.91,4.03,0.28,39,1.0,0.115,93.2,17.96,0.1203,0
user_0197,27,48.49,109.02,3.96,4.07,0.28,39,1.0,0.1195,93.26,18.11,0.1184,0
user_0197,28,48.46,109.0,4.11,4.06,0.28,39,1.01,0.1169,93.31,18.18,0.1203,0
user_0197,29,48.49,108.77,4.09,4.0,0.27,40,1.0,0.119,93.04,17.99,0.1189,0
user_0197,30,48.39,109.88,4.0,4.02,0.3,39,1.01,0.1178,93.3,17.94,0.1193,0
user_0197,31,48.53,109.22,4.01,4.08,0.25,40,1.01,0.118,93.13,18.04,0.1214,0
user_0197,32,48.22,108.99,4.01,4.06,0.28,40,1.0,0.1177,93.21,17.96,0.1198,0
user_0197,33,48.5,109.29,4.09,4.03,0.28,40,0.99,0.115,93.36,17.9,0.1193,0
user_0197,34,48.48,109.41,3.96,4.05,0.27,39,1.0,0.1167,93.15,17.98,0.1195,0
user_0197,35,48.58,108.86,3.91,4.01,0.28,40,1.0,0.1193,93.26,18.04,0.1202,0
user_0197,36,48.58,109.27,3.9,4.09,0.27,40,0.99,0.1166,93.2,18.11,0.1199,0
user_0197,37,48.53,109.64,4.14,4.06,0.27,39,0.99,0.1185,93.14,17.97,0.119,0
user_0197,38,48.47,109.09,3.97,4.03,0.28,40,1.0,0.1173,93.21,17.79,0.1196,0
user_0197,39,48.12,109.23,4.13,4.01,0.26,40,0.99,0.1159,93.37,18.0,0.1177,0
user_0197,40,48.6,108.98,4.1,4.01,0.29,40,1.0,0.1186,93.21,18.07,0.1207,0
user_0197,41,48.21,108.82,3.81,4.07,0.27,40,1.01,0.1203,93.15,18.02,0.1196,0
user_0197,42,48.56,108.84,4.14,4.04,0.3,39,1.0,0.1179,93.16,17.91,0.1193,0
user_0197,43,48.17,109.07,4.09,4.01,0.27,39,1.0,0.1163,92.97,18.12,0.121,0
user_0197,44,48.25,109.03,4.05,4.07,0.26,39,1.01,0.1191,93.03,17.94,0.1194,0
user_0197,45,48.49,109.0,3.93,4.03,0.28,39,0.99,0.1178,93.23,17.98,0.1198,0
user_0197,46,48.51,109.1,3.99,4.02,0.27,40,1.0,0.1141,93.19,18.04,0.119,0
user_0197,47,48.66,109.08,4.0,4.05,0.27,40,1.0,0.1149,93.08,17.98,0.1195,0
user_0197,48,48.32,109.46,4.06,4.04,0.28,40,1.0,0.1174,93.1,18.23,0.1187,0
user_0197,49,48.13,109.04,3.97,4.05,0.28,40,1.0,0.1179,93.0,17.97,0.1209,0
user_0197,50,48.68,108.95,3.99,4.03,0.26,40,1.0,0.1156,93.06,18.09,0.1176,0
user_0197,51,48.51,109.36,3.96,4.05,0.26,40,1.0,0.1175,93.26,18.01,0.118,0
user_0197,52,48.48,109.22,4.04,4.03,0.27,40,0.98,0.1185,93.17,18.0,0.1182,0
user_0197,53,48.59,109.37,4.01,4.01,0.27,39,0.99,0.1185,93.23,17.96,0.1186,0
user_0197,54,48.47,109.11,4.01,4.0,0.27,40,1.0,0.1166,93.13,17.92,0.1186,0
user_0197,55,48.35,109.26,4.15,4.09,0.3,39,1.0,0.1178,93.21,18.02,0.1199,0
user_0197,56,48.5,109.22,4.03,4.03,0.27,39,0.99,0.1187,93.13,17.99,0.1193,0
user_0197,57,48.5,109.26,4.06,4.02,0.26,39,1.0,0.1182,93.25,17.89,0.1197,0
user_0197,58,48.28,109.04,3.99,3.99,0.29,39,1.0,0.117,93.12,18.25,0.1198,0
user_0197,59,48.22,109.36,3.9,4.04,0.29,39,0.99,0.1171,93.11,17.77,0.1202,0
user_0198,0,63.53,104.39,4.17,4.55,0.31,39,1.01,0.0841,94.68,17.9,0.1105,0
user_0198,1,63.84,104.44,4.02,4.53,0.3,40,1.0,0.0853,94.76,18.06,0.108,0
user_0198,2,63.49,105.08,4.12,4.58,0.31,40,1.0,0.0841,94.68,18.14,0.1076,0
user_0198,3,63.6,104.51,3.96,4.53,0.29,40,1.0,0.088,94.87,18.03,0.1088,0
user_0198,4,63.74,105.06,3.86,4.6,0.3,40,1.0,0.0837,94.74,18.07,0.1093,0
user_0198,5,63.79,104.43,4.07,4.52,0.3,40,0.98,0.0871,94.86,18.05,0.1092,0
user_0198,6,63.56,104.64,4.06,4.56,0.31,39,0.99,0.0901,94.78,18.04,0.1096,0
user_0198,7,63.81,104.81,4.01,4.56,0.29,40,1.0,0.0855,94.7,17.85,0.1091,0
user_0198,8,63.62,104.93,3.93,4.52,0.3,40,1.01,0.0868,94.76,17.99,0.1075,0
user_0198,9,63.73,105.01,4.0,4.57,0.29,39,1.0,0.0845,94.79,18.04,0.1096,0
user_0198,10,63.71,104.86,3.96,4.55,0.3,39,1.01,0.0828,94.82,18.18,0.108,0
user_0198,11,63.71,104.81,3.92,4.55,0.31,39,0.99,0.0865,94.75,18.24,0.1104,0
user_0198,12,63.74,104.9,3.93,4.58,0.3,40,0.99,0.0852,95.0,18.18,0.1084,0
user_0198,13,63.59,104.74,3.96,4.57,0.3,39,1.0,0.0844,94.77,18.02,0.1086,0
user_0198,14,53.97,129.0,9.3,6.35,1.37,61,0.82,0.229,85.95,24.11,0.2277,1
user_0198,15,54.24,128.72,9.36,6.33,1.39,61,0.82,0.2285,85.76,23.93,0.2298,1
user_0198,16,54.09,128.84,9.33,6.35,1.36,61,0.81,0.2275,85.89,23.9,0.2292,1
user_0198,17,54.3,128.77,9.4,6.34,1.38,61,0.82,0.2287,85.71,24.2,0.228,1
user_0198,18,54.14,128.33,9.45,6.41,1.37,61,0.81,0.2321,85.57,23.84,0.2308,1
user_0198,19,54.34,128.5,9.39,6.4,1.37,61,0.82,0.2257,85.97,23.98,0.2275,1
user_0198,20,54.37,128.35,9.4,6.33,1.38,61,0.82,0.2306,85.97,23.91,0.2284,2
user_0198,21,54.04,128.74,9.44,6.41,1.37,61,0.82,0.2301,85.85,24.19,0.2298,2
user_0198,22,54.32,128.56,9.46,6.32,1.38,61,0.82,0.2304,85.73,23.89,0.2292,2
user_0198,23,54.37,129.34,9.43,6.36,1.37,61,0.83,0.2293,85.79,24.18,0.2294,2
user_0198,24,54.37,128.76,9.45,6.37,1.38,61,0.82,0.2295,85.79,23.91,0.2301,2
user_0198,25,54.0,128.74,9.42,6.28,1.37,62,0.82,0.2304,85.91,24.04,0.2302,2
user_0198,26,54.24,128.54,9.5,6.33,1.37,61,0.82,0.2282,85.79,23.91,0.2294,2
user_0198,27,54.14,128.52,9.43,6.35,1.39,61,0.82,0.2343,85.89,24.08,0.2278,2
user_0198,28,54.05,128.94,9.36,6.39,1.37,61,0.81,0.232,85.86,24.07,0.2285,2
user_0198,29,53.9,128.54,9.34,6.33,1.37,61,0.82,0.2278,85.75,24.05,0.2292,2
user_0198,30,54.18,128.56,9.33,6.34,1.37,61,0.83,0.2298,85.69,24.08,0.2294,2
user_0198,31,54.14,128.93,9.47,6.4,1.37,61,0.82,0.2294,85.89,23.85,0.2295,2
user_0198,32,54.25,128.72,9.39,6.41,1.37,61,0.82,0.2302,85.94,24.07,0.2295,2
user_0198,33,54.09,128.91,9.41,6.39,1.38,61,0.83,0.2314,85.78,24.05,0.2283,2
user_0198,34,54.16,128.19,9.45,6.37,1.38,61,0.81,0.2288,85.73,23.83,0.2303,2
user_0198,35,54.33,128.68,9.41,6.38,1.38,61,0.81,0.2291,85.79,23.92,0.2301,2
user_0198,36,59.67,114.57,6.12,5.31,0.75,48,0.93,0.144,91.13,20.5,0.1591,1
user_0198,37,60.03,115.1,6.28,5.33,0.76,48,0.92,0.1427,90.99,20.5,0.1568,1
user_0198,38,59.66,114.64,6.22,5.36,0.77,49,0.93,0.146,91.18,20.55,0.1586,1
user_0198,39,59.75,114.89,6.24,5.28,0.74,49,0.93,0.1439,91.17,20.56,0.1589,1
user_0198,40,59.97,114.63,6.35,5.25,0.74,48,0.92,0.1447,91.14,20.63,0.1588,1
user_0198,41,59.76,115.16,6.25,5.3,0.74,49,0.93,0.1459,91.08,20.58,0.1596,1
user_0198,42,59.55,114.74,6.44,5.31,0.76,48,0.92,0.1449,90.94,20.32,0.1579,1
user_0198,43,59.72,114.73,6.04,5.31,0.76,49,0.92,0.143,91.16,20.61,0.1596,1
user_0198,44,59.42,114.73,6.15,5.29,0.75,48,0.92,0.1464,91.19,20.68,0.1598,1
user_0198,45,59.93,114.91,6.23,5.29,0.75,49,0.92,0.1461,91.12,20.4,0.1588,1
user_0198,46,59.84,115.16,6.25,5.32,0.74,48,0.93,0.1477,91.09,20.45,0.1582,1
user_0198,47,59.91,114.81,6.1,5.27,0.75,49,0.93,0.144,90.83,20.54,0.1583,1
user_0198,48,59.86,114.56,6.3,5.34,0.77,48,0.91,0.1448,90.98,20.43,0.1584,1
user_0198,49,59.91,114.46,6.3,5.3,0.75,49,0.93,0.1483,91.01,20.47,0.1584,1
user_0198,50,59.96,114.87,6.11,5.3,0.75,48,0.93,0.146,91.17,20.51,0.1578,1
user_0198,51,59.71,114.53,6.1,5.33,0.77,49,0.92,0.1458,91.13,20.68,0.1594,1
user_0198,52,59.52,114.72,6.13,5.34,0.75,48,0.92,0.1449,91.13,20.42,0.159,1
user_0198,53,59.73,114.61,6.23,5.29,0.75,48,0.93,0.1433,90.95,20.49,0.1589,1
user_0198,54,59.83,114.94,6.28,5.29,0.74,48,0.92,0.1468,91.12,20.52,0.1578,1
user_0198,55,59.82,114.68,6.29,5.3,0.74,48,0.92,0.1434,90.89,20.61,0.1589,1
user_0198,56,59.67,114.81,6.1,5.28,0.73,48,0.93,0.1451,91.03,20.39,0.1583,1
user_0198,57,59.89,114.62,6.28,5.31,0.74,48,0.92,0.1436,91.0,20.5,0.1588,1
user_0198,58,59.95,114.9,6.23,5.31,0.75,48,0.92,0.146,91.12,20.5,0.1593,1
user_0198,59,59.78,114.9,6.2,5.26,0.75,49,0.93,0.144,91.08,20.28,0.1591,1
user_0199,0,69.29,121.98,4.05,2.62,0.22,40,0.99,0.1179,91.38,17.99,0.1625,0
user_0199,1,69.35,122.11,3.92,2.59,0.21,40,1.0,0.1156,91.2,17.8,0.1627,0
user_0199,2,69.42,121.87,3.95,2.55,0.19,40,1.0,0.117,91.41,17.91,0.1618,0
user_0199,3,69.53,121.84,4.0,2.6,0.23,40,0.99,0.1173,91.28,17.94,0.1612,0
user_0199,4,69.34,121.92,4.15,2.63,0.21,39,1.0,0.1169,91.35,18.06,0.1604,0
user_0199,5,69.52,122.49,3.87,2.61,0.22,40,0.99,0.1133,91.36,17.93,0.1616,0
user_0199,6,69.37,122.28,3.91,2.59,0.21,40,1.0,0.1172,91.21,18.07,0.1614,0
user_0199,7,69.17,121.86,4.1,2.6,0.22,40,0.99,0.1144,91.34,18.07,0.1626,0
user_0199,8,69.37,122.01,4.14,2.62,0.22,40,1.0,0.111,91.26,17.99,0.1632,0
user_0199,9,69.37,122.12,3.93,2.58,0.2,40,1.0,0.1149,91.39,18.12,0.1629,0
user_0199,10,69.33,121.71,4.0,2.6,0.21,40,1.0,0.1144,91.28,17.93,0.1626,0
user_0199,11,69.52,122.21,3.95,2.57,0.21,39,1.0,0.1182,91.48,18.06,0.1626,0
user_0199,12,69.47,121.97,3.99,2.6,0.21,40,1.0,0.116,91.52,18.13,0.1625,0
user_0199,13,69.12,121.89,4.07,2.61,0.22,40,1.0,0.1163,91.45,18.02,0.1624,0
user_0199,14,59.58,145.83,9.4,4.46,1.29,61,0.82,0.2632,82.49,23.94,0.2816,1
user_0199,15,59.76,145.86,9.53,4.41,1.29,61,0.82,0.2611,82.37,23.97,0.2831,1
user_0199,16,59.94,146.17,9.4,4.37,1.3,61,0.82,0.2612,82.44,24.12,0.2824,1
user_0199,17,59.89,145.86,9.4,4.43,1.3,61,0.83,0.2599,82.4,24.17,0.2843,1
user_0199,18,59.69,145.73,9.48,4.36,1.31,61,0.82,0.2605,82.45,24.2,0.2845,1
user_0199,19,59.67,145.96,9.37,4.38,1.3,61,0.81,0.2607,82.38,23.98,0.2814,1
user_0199,20,59.87,146.19,9.38,4.38,1.3,61,0.82,0.2603,82.21,23.93,0.2808,2
user_0199,21,59.63,145.89,9.39,4.42,1.31,61,0.81,0.2607,82.3,23.91,0.2829,2
user_0199,22,59.76,146.04,9.33,4.42,1.31,61,0.82,0.2595,82.33,24.02,0.2813,2
user_0199,23,59.94,146.28,9.34,4.37,1.31,61,0.82,0.2608,82.44,23.92,0.2821,2
user_0199,24,59.61,146.36,9.33,4.36,1.3,61,0.82,0.2611,82.11,24.14,0.2833,2
user_0199,25,59.88,146.15,9.42,4.36,1.3,61,0.83,0.2612,82.55,23.89,0.2849,2
user_0199,26,59.56,145.81,9.46,4.39,1.32,61,0.82,0.2611,82.37,24.06,0.2809,2
user_0199,27,59.96,145.78,9.3,4.38,1.32,61,0.82,0.2583,82.26,23.97,0.2816,2
user_0199,28,59.83,145.91,9.33,4.42,1.29,61,0.82,0.2598,82.34,24.0,0.2831,2
user_0199,29,59.59,145.88,9.51,4.4,1.31,61,0.83,0.2614,82.44,23.91,0.2833,2
user_0199,30,59.51,146.05,9.4,4.41,1.3,61,0.82,0.2626,82.38,23.93,0.2827,2
user_0199,31,59.57,146.15,9.51,4.36,1.31,61,0.81,0.2591,82.55,23.93,0.2799,2
user_0199,32,59.54,146.21,9.47,4.38,1.3,61,0.82,0.2621,82.31,24.0,0.281,2
user_0199,33,59.76,146.21,9.37,4.39,1.28,61,0.82,0.2592,82.3,23.84,0.2819,2
user_0199,34,59.54,145.88,9.43,4.38,1.29,62,0.81,0.2598,82.41,24.09,0.2809,2
user_0199,35,59.78,145.88,9.51,4.4,1.3,62,0.82,0.2591,82.23,23.93,0.2834,2
user_0199,36,65.19,131.99,6.21,3.35,0.66,48,0.92,0.1776,87.59,20.58,0.2114,1
user_0199,37,65.41,131.76,6.12,3.34,0.68,49,0.92,0.1769,87.63,20.46,0.2121,1
user_0199,38,65.48,131.89,6.19,3.35,0.66,48,0.93,0.1765,87.58,20.52,0.2129,1
user_0199,39,65.49,131.49,6.16,3.32,0.68,49,0.92,0.1755,87.57,20.48,0.212,1
user_0199,40,65.28,132.06,6.28,3.31,0.68,49,0.92,0.1759,87.6,20.63,0.2125,1
user_0199,41,65.6,131.85,6.21,3.34,0.66,48,0.92,0.1783,87.64,20.37,0.2113,1
user_0199,42,65.34,131.8,6.28,3.35,0.65,48,0.93,0.1776,87.57,20.53,0.2119,1
user_0199,43,65.32,131.97,6.31,3.35,0.66,48,0.93,0.1752,87.64,20.63,0.2132,1
user_0199,44,65.43,132.02,6.18,3.27,0.67,48,0.92,0.1744,87.81,20.52,0.212,1
user_0199,45,65.31,131.79,6.23,3.34,0.67,49,0.93,0.1751,87.67,20.49,0.2137,1
user_0199,46,65.27,132.21,6.28,3.36,0.68,48,0.92,0.1766,87.79,20.53,0.2125,1
user_0199,47,65.16,131.98,6.23,3.31,0.67,49,0.93,0.1749,87.61,20.44,0.2136,1
user_0199,48,65.44,132.33,6.28,3.34,0.66,49,0.92,0.1751,87.66,20.59,0.2121,1
user_0199,49,65.18,132.02,6.4,3.34,0.67,48,0.92,0.177,87.7,20.45,0.2108,1
user_0199,50,65.58,132.32,6.34,3.37,0.66,48,0.93,0.1751,87.41,20.55,0.2126,1
user_0199,51,65.63,131.75,6.22,3.33,0.66,49,0.92,0.1739,87.42,20.31,0.2142,1
user_0199,52,65.5,131.88,6.36,3.38,0.66,48,0.92,0.1764,87.4,20.35,0.2129,1
user_0199,53,65.43,132.26,6.13,3.31,0.68,48,0.93,0.1768,87.65,20.56,0.2106,1
user_0199,54,65.17,132.17,6.21,3.4,0.68,49,0.92,0.1761,87.62,20.51,0.2134,1
user_0199,55,65.35,132.04,6.34,3.34,0.67,49,0.92,0.1744,87.57,20.53,0.2135,1
user_0199,56,65.22,132.29,6.13,3.34,0.67,48,0.93,0.1746,87.51,20.42,0.2133,1
user_0199,57,65.45,132.01,6.31,3.36,0.67,48,0.92,0.1758,87.63,20.51,0.2114,1
user_0199,58,65.64,132.2,6.23,3.35,0.66,49,0.92,0.1759,87.56,20.5,0.2119,1
user_0199,59,65.41,131.83,6.25,3.34,0.68,49,0.93,0.1789,87.62,20.53,0.212,1
